,high_risk_profile,financial_pressure,payment_behavior,status_account_no_checking_account,debt_to_income_ratio,duration,num_previous_loans,credit_history_critical_account,purpose_radio_television,credit_experience,target
221,0,0.34,3.0,0.0,0.085,-0.6886576439012525,3.0,0.0,0.0,1,1
1004,1,2.232,1.0,0.0,0.558,1.8826294747644128,1.0,0.0,0.0,1,0
69,1,0.852,1.0,1.0,0.213,1.225100294200512,3.0,0.0,1.0,1,1
656,1,1.736,1.0,0.0,0.434,-0.6886576439012525,1.0,0.0,0.0,1,0
905,0,0.476,2.0,0.0,0.238,-0.6886576439012525,2.0,0.0,1.0,1,1
1116,0,0.63,2.0,0.0,0.315,1.5000643527432271,6.0,0.0,0.0,1,1
300,0,0.097,2.0,1.0,0.097,-1.8212836613982375,6.0,0.0,0.0,1,1
327,0,0.756,2.0,1.0,0.189,0.5077998994287855,5.0,0.0,0.0,1,1
537,1,0.507,1.0,0.0,0.169,0.005676112468840827,3.0,1.0,0.0,1,1
952,1,1.773,1.0,0.0,0.591,0.5077998994287855,1.0,0.0,0.0,1,0
445,0,0.648,4.0,1.0,0.162,-1.1686928144721258,2.0,1.0,0.0,1,1
1106,0,2.084,2.0,0.0,0.521,0.7151518987276875,1.0,0.0,0.0,1,0
127,1,1.368,1.0,0.0,0.342,-0.6886576439012525,1.0,0.0,0.0,1,0
213,1,2.028,1.0,0.0,0.507,0.9013787582559993,1.0,0.0,0.0,1,0
364,1,2.388,1.0,0.0,0.597,0.005676112468840827,2.0,0.0,0.0,1,0
933,0,0.144,2.0,1.0,0.036,-0.6886576439012525,7.0,1.0,1.0,1,1
766,0,0.966,3.0,0.0,0.483,0.9013787582559993,0.0,0.0,0.0,0,0
534,0,0.724,4.0,1.0,0.181,0.5077998994287855,3.0,0.0,1.0,1,1
330,0,0.218,4.0,0.0,0.109,0.5077998994287855,2.0,1.0,0.0,1,1
459,0,0.138,2.0,1.0,0.046,0.005676112468840827,2.0,0.0,1.0,1,1
606,0,0.07500000000000001,4.0,1.0,0.025,0.5077998994287855,2.0,1.0,0.0,1,1
715,0,0.031,4.0,1.0,0.031,0.9013787582559993,3.0,1.0,0.0,1,1
22,0,0.268,4.0,0.0,0.268,-0.9943084008311487,2.0,1.0,0.0,1,1
1068,0,0.454,3.0,1.0,0.227,1.0703897421843545,3.0,0.0,0.0,1,1
474,1,2.56,1.0,0.0,0.64,0.005676112468840827,1.0,1.0,1.0,1,0
609,0,0.468,2.0,1.0,0.117,-0.30874996824711326,4.0,0.0,0.0,1,1
975,0,0.369,2.0,0.0,0.123,0.5077998994287855,3.0,0.0,1.0,1,1
691,0,0.29100000000000004,3.0,0.0,0.097,-0.30874996824711326,4.0,0.0,0.0,1,1
79,0,0.304,4.0,0.0,0.152,0.9013787582559993,3.0,0.0,0.0,1,1
1241,1,2.192,1.0,0.0,0.548,1.3677427456537987,1.0,0.0,0.0,1,0
1224,0,0.108,4.0,1.0,0.027,-0.09324806014074834,2.0,0.0,0.0,1,1
934,0,0.124,4.0,0.0,0.031,-0.6886576439012525,3.0,0.0,1.0,1,1
238,0,0.72,4.0,1.0,0.18,-0.6886576439012525,3.0,1.0,1.0,1,1
514,0,0.144,4.0,1.0,0.036,0.5077998994287855,2.0,0.0,0.0,1,1
470,1,1.92,1.0,0.0,0.64,0.5077998994287855,4.0,0.0,1.0,1,0
1104,0,0.98,3.0,1.0,0.245,0.43310987583755095,1.0,0.0,1.0,1,1
1080,0,0.152,2.0,0.0,0.038,0.8413848096755003,5.0,1.0,0.0,1,1
1149,1,0.304,1.0,1.0,0.076,0.5077998994287855,4.0,0.0,0.0,1,1
137,1,2.62,1.0,0.0,0.655,-0.6886576439012525,0.0,0.0,1.0,0,0
734,0,0.243,3.0,1.0,0.243,-2.1033256842883743,3.0,1.0,0.0,1,1
1193,0,0.684,3.0,1.0,0.228,1.8826294747644128,2.0,0.0,1.0,1,1
974,0,0.404,2.0,1.0,0.101,0.9013787582559993,5.0,1.0,1.0,1,1
901,0,0.596,2.0,1.0,0.149,0.005676112468840827,0.0,1.0,0.0,0,1
1078,0,0.844,1.0,1.0,0.422,0.005676112468840827,3.0,0.0,0.0,1,0
868,0,0.372,4.0,1.0,0.124,1.225100294200512,4.0,0.0,0.0,1,1
947,0,0.372,3.0,1.0,0.093,-0.6886576439012525,3.0,0.0,0.0,1,1
793,0,0.46499999999999997,2.0,0.0,0.155,0.5077998994287855,4.0,0.0,0.0,1,1
429,0,1.042,1.0,0.0,0.521,0.005676112468840827,3.0,1.0,0.0,1,0
873,0,0.32,4.0,1.0,0.08,-0.30874996824711326,3.0,0.0,0.0,1,1
796,0,0.458,1.0,0.0,0.458,0.005676112468840827,2.0,0.0,0.0,1,0
595,0,0.544,1.0,0.0,0.544,-1.8212836613982375,0.0,0.0,0.0,0,0
785,0,0.32,3.0,0.0,0.08,0.005676112468840827,5.0,0.0,0.0,1,1
402,0,1.134,1.0,1.0,0.567,0.5077998994287855,0.0,0.0,0.0,0,0
921,0,0.916,4.0,1.0,0.229,1.7390537657024883,2.0,0.0,1.0,1,1
638,0,0.344,2.0,1.0,0.086,-0.6886576439012525,4.0,0.0,1.0,1,1
224,0,0.43499999999999994,2.0,1.0,0.145,-0.30874996824711326,0.0,0.0,0.0,0,1
705,0,0.072,3.0,1.0,0.072,-0.30874996824711326,3.0,0.0,0.0,1,1
765,0,0.249,2.0,0.0,0.083,-0.6886576439012525,1.0,0.0,1.0,1,1
5,0,0.196,4.0,1.0,0.098,1.225100294200512,5.0,0.0,0.0,1,1
745,1,0.39,1.0,0.0,0.13,-0.5530658813352752,3.0,1.0,0.0,1,1
624,0,2.128,4.0,0.0,0.532,0.005676112468840827,0.0,0.0,1.0,0,0
557,0,0.56,4.0,1.0,0.56,0.273909379231814,2.0,0.0,0.0,1,0
850,1,2.148,1.0,0.0,0.537,0.18879396274938903,2.0,1.0,0.0,1,0
910,0,0.352,4.0,1.0,0.088,1.225100294200512,2.0,0.0,1.0,1,1
250,0,0.483,3.0,0.0,0.161,-1.8212836613982375,0.0,1.0,0.0,0,1
731,0,1.172,1.0,0.0,0.586,0.5077998994287855,2.0,0.0,1.0,1,0
767,0,0.089,2.0,1.0,0.089,-0.9943084008311487,0.0,0.0,0.0,0,1
521,0,1.02,1.0,0.0,0.51,0.005676112468840827,1.0,0.0,1.0,1,0
245,0,0.98,2.0,1.0,0.245,0.5077998994287855,3.0,0.0,0.0,1,1
475,0,0.357,1.0,0.0,0.357,0.005676112468840827,2.0,0.0,0.0,1,0
156,0,0.237,4.0,0.0,0.079,-1.1686928144721258,5.0,1.0,0.0,1,1
322,0,0.346,2.0,0.0,0.173,0.5077998994287855,3.0,0.0,0.0,1,1
187,0,0.382,2.0,0.0,0.191,-0.1978280378786082,2.0,1.0,0.0,1,1
622,1,2.024,1.0,1.0,0.506,1.7390537657024883,3.0,0.0,0.0,1,0
209,0,0.54,4.0,1.0,0.18,-0.6886576439012525,2.0,0.0,0.0,1,1
233,0,1.028,4.0,0.0,0.257,0.005676112468840827,2.0,0.0,1.0,1,1
357,0,1.988,2.0,1.0,0.497,1.225100294200512,0.0,0.0,1.0,0,0
660,0,0.43499999999999994,4.0,0.0,0.145,-0.6886576439012525,0.0,0.0,1.0,0,1
848,0,0.5489999999999999,3.0,0.0,0.183,-1.1686928144721258,2.0,0.0,1.0,1,1
738,0,0.064,1.0,1.0,0.064,-1.8212836613982375,1.0,1.0,0.0,1,1
1070,0,0.121,4.0,1.0,0.121,-2.1033256842883743,0.0,0.0,0.0,0,1
172,1,1.797,1.0,0.0,0.599,0.5077998994287855,0.0,0.0,0.0,0,0
727,1,2.124,1.0,0.0,0.531,0.005676112468840827,2.0,0.0,1.0,1,0
801,0,0.252,2.0,0.0,0.084,0.005676112468840827,4.0,1.0,1.0,1,1
34,0,0.468,2.0,0.0,0.117,-0.6886576439012525,2.0,0.0,0.0,1,1
380,0,0.044,4.0,0.0,0.011,0.18879396274938903,2.0,0.0,0.0,1,1
968,0,0.468,4.0,1.0,0.234,1.5000643527432271,3.0,0.0,1.0,1,1
419,0,2.292,2.0,0.0,0.573,0.005676112468840827,2.0,0.0,0.0,1,0
671,0,0.488,2.0,1.0,0.244,1.225100294200512,2.0,0.0,0.0,1,1
827,0,1.35,2.0,1.0,0.675,0.005676112468840827,2.0,0.0,0.0,1,0
661,1,2.228,1.0,0.0,0.557,-0.6886576439012525,1.0,0.0,0.0,1,0
411,0,0.507,4.0,1.0,0.169,1.0703897421843545,2.0,1.0,0.0,1,1
575,0,0.31,3.0,1.0,0.155,-0.30874996824711326,6.0,1.0,0.0,1,1
1148,0,0.416,2.0,1.0,0.104,1.225100294200512,2.0,1.0,0.0,1,1
792,0,0.18,3.0,1.0,0.18,0.005676112468840827,2.0,1.0,0.0,1,1
941,0,0.306,3.0,1.0,0.102,-0.9943084008311487,6.0,0.0,0.0,1,1
560,0,1.168,4.0,0.0,0.292,0.5077998994287855,2.0,0.0,0.0,1,1
918,0,0.555,1.0,0.0,0.555,0.5077998994287855,3.0,0.0,0.0,1,0
669,0,0.464,3.0,0.0,0.116,0.9013787582559993,7.0,1.0,1.0,1,1
1027,0,0.978,4.0,0.0,0.326,1.1749697199222144,3.0,1.0,0.0,1,1
666,1,0.556,1.0,0.0,0.139,0.9013787582559993,2.0,0.0,0.0,1,1
337,0,2.312,2.0,0.0,0.578,-0.30874996824711326,0.0,0.0,0.0,0,0
328,0,0.996,2.0,0.0,0.249,1.225100294200512,0.0,0.0,1.0,0,1
492,0,0.085,1.0,1.0,0.085,-1.8212836613982375,4.0,1.0,1.0,1,1
37,1,2.572,1.0,0.0,0.643,0.005676112468840827,1.0,0.0,1.0,1,0
84,0,0.54,4.0,0.0,0.18,-0.9943084008311487,2.0,0.0,1.0,1,1
18,0,2.036,2.0,0.0,0.509,0.5077998994287855,0.0,0.0,0.0,0,0
265,1,2.076,1.0,0.0,0.519,-0.30874996824711326,0.0,0.0,1.0,0,0
396,0,0.324,3.0,0.0,0.108,-0.6886576439012525,4.0,0.0,0.0,1,1
421,0,0.148,2.0,0.0,0.037,-0.6886576439012525,4.0,0.0,0.0,1,1
512,0,0.13,4.0,0.0,0.065,-0.30874996824711326,3.0,0.0,0.0,1,1
870,0,0.034,2.0,1.0,0.017,1.225100294200512,2.0,0.0,0.0,1,1
106,0,1.198,1.0,1.0,0.599,0.005676112468840827,0.0,0.0,0.0,0,0
1130,0,1.952,3.0,0.0,0.488,0.43310987583755095,0.0,0.0,0.0,0,0
151,0,0.074,2.0,1.0,0.074,-0.9943084008311487,3.0,0.0,1.0,1,1
747,1,1.479,1.0,0.0,0.493,-0.6886576439012525,2.0,0.0,0.0,1,0
1128,1,2.36,1.0,0.0,0.59,0.43310987583755095,1.0,0.0,0.0,1,0
355,0,1.972,4.0,0.0,0.493,0.5077998994287855,1.0,0.0,0.0,1,0
650,0,0.42,2.0,0.0,0.105,1.7390537657024883,3.0,0.0,0.0,1,1
466,1,2.584,1.0,0.0,0.646,0.5077998994287855,6.0,0.0,1.0,1,0
1189,0,0.282,4.0,1.0,0.141,-2.1033256842883743,5.0,0.0,0.0,1,1
394,0,0.212,2.0,1.0,0.106,-1.1686928144721258,5.0,1.0,0.0,1,1
269,0,0.348,2.0,1.0,0.087,0.5077998994287855,4.0,0.0,1.0,1,1
987,0,0.312,1.0,1.0,0.156,-0.5530658813352752,2.0,0.0,1.0,1,1
655,0,0.239,4.0,0.0,0.239,-0.4268329703874624,2.0,0.0,0.0,1,1
644,0,0.704,3.0,0.0,0.176,0.005676112468840827,1.0,1.0,1.0,1,1
1050,1,0.748,1.0,0.0,0.187,0.09952496559083607,4.0,0.0,1.0,1,0
15,0,2.272,2.0,0.0,0.568,0.5077998994287855,0.0,0.0,1.0,0,0
1166,0,1.036,2.0,1.0,0.259,-0.8351079042254117,1.0,1.0,0.0,1,1
253,0,0.422,3.0,1.0,0.211,0.5077998994287855,3.0,0.0,0.0,1,1
291,0,0.502,2.0,0.0,0.502,1.225100294200512,1.0,0.0,0.0,1,0
165,0,0.05,2.0,1.0,0.05,-1.8212836613982375,2.0,0.0,0.0,1,1
685,0,0.604,4.0,1.0,0.151,2.1398454518815653,2.0,0.0,0.0,1,1
173,0,0.776,3.0,0.0,0.194,-1.36146584020371,2.0,0.0,1.0,1,1
199,1,2.584,1.0,0.0,0.646,0.005676112468840827,2.0,0.0,0.0,1,0
725,0,0.224,3.0,1.0,0.112,-1.8212836613982375,6.0,1.0,0.0,1,1
285,0,0.568,2.0,0.0,0.142,0.005676112468840827,2.0,0.0,0.0,1,1
1161,0,0.16,4.0,0.0,0.04,0.005676112468840827,7.0,0.0,0.0,1,1
336,0,0.044,2.0,0.0,0.022,-0.5530658813352752,5.0,0.0,1.0,1,1
1110,0,0.166,3.0,1.0,0.166,-0.30874996824711326,4.0,1.0,0.0,1,1
972,0,0.639,2.0,0.0,0.639,0.5077998994287855,2.0,0.0,0.0,1,0
280,0,0.8250000000000001,2.0,1.0,0.275,-0.30874996824711326,2.0,1.0,0.0,1,1
1145,0,0.356,4.0,0.0,0.089,0.9594678118158494,0.0,1.0,0.0,0,1
441,0,0.19,4.0,0.0,0.095,-0.6886576439012525,0.0,0.0,0.0,0,1
281,0,0.264,4.0,1.0,0.066,-0.6886576439012525,2.0,0.0,0.0,1,1
1092,0,0.655,4.0,0.0,0.655,-2.1033256842883743,1.0,0.0,0.0,1,0
781,0,0.896,3.0,1.0,0.224,0.5077998994287855,2.0,1.0,0.0,1,1
1196,0,0.66,2.0,0.0,0.22,0.09952496559083607,5.0,1.0,0.0,1,1
78,0,0.226,3.0,1.0,0.113,1.950402093132726,2.0,0.0,0.0,1,1
201,1,0.244,1.0,0.0,0.061,-0.6886576439012525,5.0,0.0,0.0,1,1
665,0,0.84,4.0,1.0,0.21,0.5077998994287855,0.0,1.0,0.0,0,1
511,0,0.284,3.0,1.0,0.142,1.225100294200512,1.0,0.0,0.0,1,1
702,0,1.268,4.0,0.0,0.317,0.5077998994287855,3.0,0.0,1.0,1,1
1168,0,0.212,4.0,1.0,0.106,2.1398454518815653,3.0,1.0,0.0,1,1
866,0,0.268,3.0,0.0,0.067,0.005676112468840827,1.0,0.0,1.0,1,1
235,1,2.42,1.0,0.0,0.605,0.5077998994287855,1.0,0.0,1.0,1,0
1091,0,0.208,4.0,0.0,0.052,-0.09324806014074834,2.0,1.0,1.0,1,1
231,0,0.392,4.0,1.0,0.196,-1.1686928144721258,6.0,0.0,0.0,1,1
556,0,1.6560000000000001,2.0,0.0,0.552,0.005676112468840827,2.0,0.0,0.0,1,0
247,0,1.004,3.0,1.0,0.251,-1.8212836613982375,2.0,0.0,0.0,1,1
627,0,0.952,2.0,0.0,0.476,-1.1686928144721258,1.0,0.0,0.0,1,0
900,0,1.094,2.0,0.0,0.547,-0.1978280378786082,0.0,1.0,0.0,0,0
928,0,1.072,2.0,1.0,0.268,0.9013787582559993,2.0,0.0,1.0,1,1
620,0,0.436,3.0,0.0,0.218,0.273909379231814,5.0,1.0,0.0,1,1
1206,0,0.496,1.0,0.0,0.496,1.8122495862690178,3.0,0.0,0.0,1,0
462,0,0.786,4.0,0.0,0.262,-0.6886576439012525,4.0,0.0,0.0,1,1
962,0,0.34500000000000003,3.0,1.0,0.115,-0.30874996824711326,2.0,0.0,0.0,1,1
532,0,0.848,4.0,1.0,0.212,-0.6886576439012525,6.0,0.0,0.0,1,1
1052,0,0.18,3.0,1.0,0.09,-1.8212836613982375,5.0,0.0,1.0,1,1
842,0,2.644,2.0,1.0,0.661,0.005676112468840827,2.0,0.0,0.0,1,0
527,0,0.212,3.0,1.0,0.106,-2.1033256842883743,2.0,1.0,1.0,1,1
1031,0,1.272,4.0,0.0,0.318,-0.1978280378786082,3.0,0.0,1.0,1,1
508,0,0.532,2.0,1.0,0.133,0.5077998994287855,3.0,0.0,1.0,1,1
762,0,0.972,3.0,0.0,0.243,-0.6886576439012525,2.0,0.0,1.0,1,1
448,0,0.21299999999999997,4.0,0.0,0.071,-0.6886576439012525,3.0,0.0,0.0,1,1
559,0,0.97,1.0,0.0,0.485,0.005676112468840827,4.0,1.0,0.0,1,0
621,1,1.32,1.0,1.0,0.44,0.005676112468840827,1.0,1.0,0.0,1,0
120,1,1.7489999999999999,1.0,0.0,0.583,0.273909379231814,3.0,0.0,1.0,1,0
1144,0,1.128,1.0,0.0,0.564,0.3552406133889341,0.0,0.0,0.0,0,0
1143,0,0.74,3.0,1.0,0.185,-1.36146584020371,2.0,1.0,0.0,1,1
1213,1,0.46199999999999997,1.0,1.0,0.154,-0.6886576439012525,5.0,0.0,0.0,1,1
709,0,0.2,3.0,0.0,0.1,-1.1686928144721258,0.0,0.0,1.0,0,1
662,0,0.56,2.0,1.0,0.14,0.273909379231814,2.0,0.0,0.0,1,1
1033,0,0.316,2.0,1.0,0.158,-1.1686928144721258,2.0,0.0,0.0,1,1
1197,0,0.14,2.0,0.0,0.035,-1.1686928144721258,4.0,0.0,1.0,1,1
107,0,0.278,3.0,0.0,0.139,-0.6886576439012525,3.0,0.0,0.0,1,1
1114,0,1.204,2.0,0.0,0.301,0.43310987583755095,1.0,1.0,0.0,1,1
434,0,0.08700000000000001,3.0,0.0,0.029,-1.1686928144721258,3.0,0.0,0.0,1,1
513,0,1.376,4.0,0.0,0.344,-0.6886576439012525,2.0,0.0,1.0,1,1
930,0,0.844,4.0,0.0,0.211,0.5077998994287855,6.0,0.0,0.0,1,1
298,0,0.23399999999999999,2.0,1.0,0.078,0.005676112468840827,2.0,0.0,0.0,1,1
522,0,1.2329999999999999,2.0,0.0,0.411,1.7390537657024883,3.0,0.0,0.0,1,0
833,0,0.44,4.0,0.0,0.22,0.5077998994287855,3.0,0.0,1.0,1,1
1111,0,0.131,2.0,1.0,0.131,-1.8212836613982375,4.0,1.0,0.0,1,1
1071,0,0.334,3.0,0.0,0.167,-0.1978280378786082,3.0,0.0,1.0,1,1
439,1,2.292,1.0,0.0,0.573,-0.6886576439012525,1.0,0.0,0.0,1,0
451,0,0.5189999999999999,3.0,1.0,0.173,-1.8212836613982375,3.0,0.0,1.0,1,1
1048,0,0.162,3.0,1.0,0.162,-1.8212836613982375,4.0,0.0,0.0,1,1
904,0,0.672,3.0,1.0,0.168,0.5077998994287855,5.0,0.0,1.0,1,1
1017,1,1.839,1.0,1.0,0.613,0.6486117839439158,2.0,0.0,0.0,1,0
1150,0,1.86,2.0,0.0,0.465,-0.8351079042254117,3.0,0.0,0.0,1,0
906,0,0.386,2.0,0.0,0.193,0.273909379231814,6.0,0.0,0.0,1,1
81,0,0.72,2.0,1.0,0.18,0.005676112468840827,4.0,0.0,1.0,1,1
13,1,1.96,1.0,0.0,0.49,0.5077998994287855,1.0,1.0,0.0,1,0
408,0,0.546,4.0,1.0,0.182,0.5077998994287855,2.0,0.0,1.0,1,1
258,0,0.18,2.0,1.0,0.18,-0.30874996824711326,4.0,0.0,0.0,1,1
277,0,0.124,2.0,0.0,0.062,-0.6886576439012525,4.0,0.0,0.0,1,1
183,1,0.528,1.0,1.0,0.132,0.5077998994287855,5.0,1.0,0.0,1,1
0,0,0.336,4.0,0.0,0.084,-1.8212836613982375,3.0,1.0,1.0,1,1
963,1,1.6710000000000003,1.0,1.0,0.557,0.5077998994287855,1.0,0.0,1.0,1,0
331,1,1.952,1.0,1.0,0.488,0.005676112468840827,0.0,1.0,0.0,0,0
118,0,0.626,1.0,0.0,0.626,1.0703897421843545,2.0,1.0,0.0,1,0
1234,0,1.923,2.0,0.0,0.641,-1.36146584020371,3.0,0.0,1.0,1,0
93,1,0.62,1.0,0.0,0.155,0.5077998994287855,3.0,1.0,0.0,1,1
335,0,0.504,1.0,0.0,0.504,-1.8212836613982375,0.0,1.0,0.0,0,0
600,0,0.162,2.0,0.0,0.162,-1.576967748310076,5.0,0.0,1.0,1,1
938,0,1.964,2.0,0.0,0.491,2.1398454518815653,2.0,0.0,0.0,1,0
159,0,0.352,2.0,1.0,0.352,-1.8212836613982375,3.0,1.0,1.0,1,1
73,0,0.432,2.0,0.0,0.216,1.5000643527432271,4.0,1.0,0.0,1,1
481,0,0.72,3.0,0.0,0.18,0.005676112468840827,2.0,0.0,0.0,1,1
1014,0,0.5880000000000001,2.0,0.0,0.196,-0.9943084008311487,4.0,0.0,1.0,1,1
648,0,2.328,2.0,0.0,0.582,0.5077998994287855,1.0,0.0,0.0,1,0
29,0,2.088,2.0,0.0,0.696,2.1398454518815653,1.0,0.0,0.0,1,0
911,0,1.342,1.0,0.0,0.671,0.5077998994287855,1.0,1.0,0.0,1,0
356,0,0.105,2.0,1.0,0.105,-0.6886576439012525,3.0,1.0,1.0,1,1
1183,0,0.796,3.0,1.0,0.199,-0.8351079042254117,0.0,1.0,0.0,0,1
177,0,0.8,3.0,0.0,0.2,-1.8212836613982375,3.0,1.0,1.0,1,1
678,0,0.276,2.0,0.0,0.069,0.5077998994287855,5.0,0.0,1.0,1,1
142,0,0.507,2.0,0.0,0.169,0.7151518987276875,3.0,0.0,1.0,1,1
464,0,0.72,2.0,1.0,0.18,0.005676112468840827,4.0,0.0,0.0,1,1
74,0,2.692,2.0,0.0,0.673,1.225100294200512,0.0,0.0,0.0,0,0
97,0,0.084,4.0,0.0,0.021,0.005676112468840827,1.0,0.0,0.0,1,1
471,0,2.164,4.0,0.0,0.541,-1.8212836613982375,0.0,0.0,0.0,0,0
593,1,1.983,1.0,0.0,0.661,0.5077998994287855,2.0,0.0,0.0,1,0
85,0,0.5,3.0,1.0,0.125,-0.6886576439012525,1.0,1.0,0.0,1,1
1121,0,0.21599999999999997,4.0,0.0,0.072,1.225100294200512,0.0,1.0,0.0,0,1
758,0,0.244,3.0,1.0,0.122,0.5077998994287855,3.0,0.0,0.0,1,1
412,0,1.58,2.0,1.0,0.395,-0.6886576439012525,1.0,1.0,0.0,1,0
950,0,0.312,2.0,0.0,0.104,0.005676112468840827,2.0,1.0,0.0,1,1
651,1,2.6,1.0,0.0,0.65,-0.6886576439012525,2.0,0.0,0.0,1,0
477,0,0.264,2.0,0.0,0.066,0.5077998994287855,5.0,0.0,1.0,1,1
3,0,0.33,2.0,0.0,0.165,1.5000643527432271,5.0,0.0,0.0,1,1
1231,1,2.076,1.0,0.0,0.519,-0.1978280378786082,0.0,0.0,0.0,0,0
203,0,2.22,3.0,0.0,0.555,-0.6886576439012525,1.0,0.0,0.0,1,0
590,0,0.792,2.0,0.0,0.198,-0.6886576439012525,2.0,1.0,1.0,1,1
458,0,0.24,4.0,0.0,0.06,-1.8212836613982375,0.0,0.0,0.0,0,1
510,1,2.62,1.0,0.0,0.655,-0.6886576439012525,0.0,0.0,0.0,0,0
1002,0,0.661,1.0,0.0,0.661,1.123426832565637,2.0,0.0,0.0,1,0
1222,0,0.546,1.0,0.0,0.273,-1.8212836613982375,2.0,0.0,0.0,1,1
897,0,0.369,4.0,1.0,0.123,-0.6886576439012525,4.0,1.0,0.0,1,1
506,0,0.192,2.0,0.0,0.096,-0.30874996824711326,2.0,1.0,0.0,1,1
304,0,1.25,1.0,1.0,0.625,1.7390537657024883,1.0,1.0,0.0,1,0
292,0,0.124,2.0,0.0,0.062,0.5077998994287855,3.0,1.0,0.0,1,1
271,0,0.399,2.0,1.0,0.133,-0.6886576439012525,4.0,1.0,0.0,1,1
325,0,0.226,4.0,0.0,0.226,-1.36146584020371,3.0,1.0,0.0,1,1
385,0,0.12,3.0,1.0,0.06,0.005676112468840827,1.0,1.0,1.0,1,1
116,0,2.128,2.0,0.0,0.532,1.5000643527432271,0.0,0.0,1.0,0,0
1066,0,0.486,2.0,1.0,0.243,-0.6886576439012525,5.0,1.0,0.0,1,1
33,0,0.06,4.0,1.0,0.015,0.005676112468840827,6.0,1.0,0.0,1,1
146,0,0.336,1.0,0.0,0.336,-1.8212836613982375,2.0,1.0,0.0,1,1
572,0,0.11,3.0,1.0,0.055,0.5077998994287855,2.0,0.0,0.0,1,1
856,0,0.608,4.0,1.0,0.152,-0.9943084008311487,2.0,0.0,0.0,1,1
1135,0,0.192,4.0,0.0,0.096,0.9013787582559993,3.0,0.0,0.0,1,1
191,0,2.072,2.0,0.0,0.518,1.7390537657024883,2.0,0.0,0.0,1,0
95,0,1.8479999999999999,2.0,0.0,0.616,1.950402093132726,3.0,0.0,0.0,1,0
479,0,0.424,3.0,0.0,0.106,-0.30874996824711326,2.0,1.0,0.0,1,1
629,0,0.243,3.0,1.0,0.243,-1.1686928144721258,1.0,0.0,0.0,1,1
907,0,0.102,2.0,0.0,0.051,1.225100294200512,6.0,0.0,0.0,1,1
64,0,0.5,2.0,1.0,0.125,0.5077998994287855,2.0,0.0,1.0,1,1
946,1,2.684,1.0,0.0,0.671,0.005676112468840827,2.0,0.0,0.0,1,0
875,0,0.364,4.0,0.0,0.091,-0.8351079042254117,1.0,1.0,0.0,1,1
329,0,0.848,3.0,0.0,0.212,-1.8212836613982375,5.0,0.0,1.0,1,1
743,0,0.888,4.0,0.0,0.222,0.5077998994287855,2.0,0.0,0.0,1,1
973,1,2.252,1.0,0.0,0.563,2.1398454518815653,2.0,0.0,0.0,1,0
457,1,1.554,1.0,0.0,0.518,-0.6886576439012525,1.0,0.0,0.0,1,0
614,0,2.668,2.0,1.0,0.667,0.005676112468840827,1.0,0.0,0.0,1,0
940,0,0.702,2.0,1.0,0.351,-0.6886576439012525,2.0,0.0,0.0,1,1
241,0,0.279,4.0,1.0,0.093,-1.8212836613982375,2.0,0.0,1.0,1,1
268,0,0.18,1.0,0.0,0.18,0.005676112468840827,2.0,0.0,0.0,1,0
371,0,0.099,2.0,1.0,0.033,0.005676112468840827,5.0,1.0,1.0,1,1
741,0,0.08,2.0,0.0,0.02,-0.9943084008311487,3.0,0.0,1.0,1,1
1082,0,0.184,4.0,0.0,0.184,-0.09324806014074834,2.0,0.0,0.0,1,1
517,0,1.294,1.0,1.0,0.647,1.225100294200512,1.0,1.0,0.0,1,0
214,0,1.276,2.0,1.0,0.319,1.225100294200512,2.0,1.0,1.0,1,1
1053,0,0.71,1.0,0.0,0.355,0.09952496559083607,0.0,0.0,0.0,0,0
1239,0,1.068,2.0,1.0,0.267,0.273909379231814,4.0,1.0,0.0,1,1
992,0,0.376,2.0,0.0,0.188,0.005676112468840827,2.0,0.0,1.0,1,1
1125,0,0.3,4.0,1.0,0.15,-2.1033256842883743,5.0,0.0,1.0,1,1
919,0,1.768,3.0,0.0,0.442,0.5077998994287855,2.0,0.0,0.0,1,0
114,0,0.261,4.0,0.0,0.087,-0.6886576439012525,4.0,0.0,1.0,1,1
565,0,0.327,3.0,0.0,0.109,0.5077998994287855,2.0,0.0,1.0,1,1
810,0,0.736,2.0,0.0,0.184,-1.36146584020371,0.0,0.0,0.0,0,1
307,1,2.016,1.0,0.0,0.504,-0.6886576439012525,1.0,0.0,1.0,1,0
724,0,1.344,2.0,1.0,0.448,0.7151518987276875,1.0,0.0,0.0,1,0
36,0,0.056,3.0,1.0,0.056,1.7390537657024883,4.0,1.0,0.0,1,1
653,1,0.72,1.0,0.0,0.18,1.225100294200512,3.0,0.0,0.0,1,0
376,0,0.31,2.0,1.0,0.155,0.005676112468840827,3.0,0.0,1.0,1,1
1034,0,0.26,1.0,0.0,0.13,0.43310987583755095,4.0,1.0,0.0,1,1
397,0,0.54,4.0,0.0,0.18,1.225100294200512,2.0,1.0,0.0,1,1
554,0,1.208,3.0,0.0,0.302,-1.1686928144721258,5.0,0.0,0.0,1,1
126,0,0.28,2.0,0.0,0.07,-0.6886576439012525,2.0,0.0,1.0,1,1
249,1,1.596,1.0,1.0,0.532,0.005676112468840827,2.0,0.0,1.0,1,0
1005,1,1.936,1.0,0.0,0.484,0.8413848096755003,0.0,0.0,0.0,0,0
185,0,0.78,3.0,1.0,0.195,-0.30874996824711326,0.0,1.0,1.0,0,1
66,0,0.72,4.0,1.0,0.18,2.1398454518815653,2.0,0.0,1.0,1,1
643,1,0.032,1.0,1.0,0.008,0.5077998994287855,3.0,1.0,1.0,1,1
499,0,0.214,3.0,0.0,0.107,-1.8212836613982375,1.0,1.0,0.0,1,1
179,0,0.256,3.0,0.0,0.064,0.273909379231814,3.0,1.0,0.0,1,1
180,0,0.58,1.0,1.0,0.58,1.225100294200512,2.0,0.0,0.0,1,0
1248,1,0.54,1.0,0.0,0.18,-0.6886576439012525,2.0,0.0,0.0,1,0
491,0,0.936,2.0,0.0,0.468,0.7151518987276875,4.0,0.0,0.0,1,0
871,0,0.139,4.0,0.0,0.139,-1.8212836613982375,4.0,1.0,0.0,1,1
615,0,0.454,4.0,0.0,0.227,1.7390537657024883,6.0,0.0,0.0,1,1
994,0,0.204,3.0,1.0,0.051,-0.6886576439012525,2.0,0.0,0.0,1,1
390,0,0.238,2.0,1.0,0.119,0.005676112468840827,3.0,0.0,0.0,1,1
708,0,0.092,2.0,0.0,0.023,-1.1686928144721258,2.0,0.0,1.0,1,1
579,0,0.38,2.0,1.0,0.095,0.5077998994287855,3.0,0.0,0.0,1,1
923,0,0.321,2.0,0.0,0.107,-0.6886576439012525,0.0,0.0,0.0,0,1
388,0,0.3,3.0,0.0,0.15,-0.30874996824711326,2.0,1.0,0.0,1,1
1127,0,0.564,2.0,1.0,0.141,0.005676112468840827,2.0,1.0,0.0,1,1
197,1,2.568,1.0,0.0,0.642,-0.6886576439012525,2.0,0.0,0.0,1,0
342,0,0.262,1.0,0.0,0.262,0.005676112468840827,1.0,0.0,1.0,1,1
954,0,1.08,3.0,0.0,0.27,-0.6886576439012525,3.0,0.0,0.0,1,1
1107,0,1.908,3.0,0.0,0.477,0.43310987583755095,1.0,0.0,0.0,1,0
817,0,0.128,4.0,1.0,0.128,-1.8212836613982375,2.0,1.0,1.0,1,1
305,1,0.608,1.0,1.0,0.152,-1.8212836613982375,1.0,0.0,0.0,1,1
25,0,0.265,3.0,0.0,0.265,-1.8212836613982375,1.0,0.0,0.0,1,1
803,1,0.888,1.0,1.0,0.222,-0.6886576439012525,7.0,1.0,1.0,1,1
518,0,0.6960000000000001,3.0,0.0,0.232,-1.8212836613982375,3.0,0.0,0.0,1,1
1051,0,0.161,4.0,0.0,0.161,-2.1033256842883743,3.0,1.0,0.0,1,1
358,0,0.728,2.0,1.0,0.182,-0.6886576439012525,6.0,0.0,1.0,1,1
924,0,0.82,2.0,0.0,0.41,0.5077998994287855,1.0,0.0,0.0,1,0
264,0,0.279,2.0,1.0,0.093,-0.9943084008311487,2.0,1.0,0.0,1,1
244,0,0.312,2.0,1.0,0.078,-0.6886576439012525,1.0,0.0,0.0,1,1
679,0,0.798,3.0,1.0,0.266,0.005676112468840827,3.0,0.0,1.0,1,1
1044,0,0.128,2.0,1.0,0.064,1.225100294200512,5.0,0.0,0.0,1,1
695,0,0.132,2.0,1.0,0.066,-1.8212836613982375,2.0,0.0,0.0,1,1
688,0,0.14100000000000001,2.0,1.0,0.047,-1.1686928144721258,5.0,0.0,1.0,1,1
17,0,0.296,4.0,0.0,0.148,0.9013787582559993,6.0,0.0,0.0,1,1
350,0,0.112,1.0,1.0,0.112,-1.1686928144721258,3.0,0.0,0.0,1,1
993,0,0.916,4.0,0.0,0.229,1.225100294200512,7.0,0.0,0.0,1,1
53,0,0.292,2.0,1.0,0.146,0.005676112468840827,3.0,0.0,0.0,1,1
423,1,1.32,1.0,1.0,0.33,0.273909379231814,2.0,0.0,0.0,1,1
468,0,0.204,4.0,1.0,0.102,1.0703897421843545,5.0,0.0,0.0,1,1
124,1,2.556,1.0,0.0,0.639,0.005676112468840827,2.0,0.0,0.0,1,0
1075,0,0.492,2.0,0.0,0.123,0.43310987583755095,1.0,0.0,0.0,1,1
219,0,0.532,4.0,1.0,0.266,-0.9943084008311487,5.0,0.0,0.0,1,1
563,0,0.512,3.0,0.0,0.512,1.225100294200512,1.0,0.0,0.0,1,0
721,1,2.464,1.0,0.0,0.616,-1.8212836613982375,1.0,0.0,0.0,1,0
443,0,1.852,2.0,1.0,0.463,-0.6886576439012525,2.0,0.0,0.0,1,0
198,0,0.236,3.0,0.0,0.059,0.5077998994287855,1.0,0.0,0.0,1,1
414,1,1.996,1.0,0.0,0.499,0.5077998994287855,1.0,0.0,0.0,1,0
867,0,0.474,3.0,1.0,0.237,-0.6886576439012525,3.0,1.0,0.0,1,1
583,1,2.304,1.0,0.0,0.576,1.225100294200512,2.0,0.0,0.0,1,0
1233,0,1.9020000000000001,2.0,0.0,0.634,-1.576967748310076,1.0,0.0,0.0,1,0
1244,0,0.323,1.0,0.0,0.323,1.8122495862690178,2.0,0.0,0.0,1,1
295,0,0.473,2.0,0.0,0.473,1.7390537657024883,3.0,0.0,0.0,1,0
274,0,0.581,1.0,0.0,0.581,0.9013787582559993,1.0,0.0,0.0,1,0
361,0,0.282,4.0,0.0,0.141,-0.6886576439012525,6.0,0.0,1.0,1,1
436,0,0.214,3.0,1.0,0.107,-1.8212836613982375,5.0,0.0,0.0,1,1
313,0,1.314,1.0,0.0,0.657,-0.6886576439012525,4.0,0.0,0.0,1,0
129,1,1.6230000000000002,1.0,0.0,0.541,-0.6886576439012525,0.0,1.0,0.0,0,0
323,0,0.328,4.0,0.0,0.082,0.005676112468840827,4.0,0.0,0.0,1,1
338,0,0.164,4.0,0.0,0.041,0.5077998994287855,2.0,0.0,0.0,1,1
834,0,0.852,1.0,0.0,0.426,-0.30874996824711326,2.0,0.0,1.0,1,0
896,0,0.172,2.0,0.0,0.043,0.273909379231814,3.0,0.0,1.0,1,1
807,0,0.4,2.0,1.0,0.1,-0.6886576439012525,2.0,1.0,1.0,1,1
232,0,0.081,2.0,1.0,0.027,-0.6886576439012525,2.0,0.0,1.0,1,1
1184,0,0.592,2.0,1.0,0.296,1.1749697199222144,2.0,0.0,1.0,1,1
539,0,0.051,4.0,0.0,0.051,0.005676112468840827,1.0,0.0,0.0,1,1
63,0,1.366,1.0,0.0,0.683,1.7390537657024883,3.0,0.0,0.0,1,0
945,0,0.045,2.0,0.0,0.045,1.7390537657024883,5.0,0.0,0.0,1,1
110,0,0.126,4.0,0.0,0.126,-1.8212836613982375,2.0,0.0,0.0,1,1
700,1,2.268,1.0,1.0,0.567,-0.6886576439012525,5.0,0.0,0.0,1,0
370,1,0.66,1.0,1.0,0.165,1.225100294200512,2.0,0.0,0.0,1,1
965,0,0.56,2.0,0.0,0.14,0.9013787582559993,1.0,0.0,1.0,1,1
887,0,1.02,2.0,0.0,0.51,1.7390537657024883,1.0,0.0,0.0,1,0
673,0,0.034,2.0,1.0,0.034,-1.8212836613982375,2.0,1.0,0.0,1,1
825,0,1.092,3.0,0.0,0.273,0.273909379231814,4.0,1.0,0.0,1,1
740,0,0.408,3.0,0.0,0.204,0.5077998994287855,3.0,0.0,0.0,1,1
207,0,0.148,3.0,0.0,0.037,-0.6886576439012525,4.0,1.0,0.0,1,1
697,0,0.18,4.0,1.0,0.18,-0.6886576439012525,2.0,1.0,0.0,1,1
1220,0,0.636,2.0,1.0,0.159,-0.8351079042254117,2.0,0.0,0.0,1,1
723,0,0.584,4.0,0.0,0.146,-1.1686928144721258,3.0,0.0,1.0,1,1
409,0,2.432,2.0,0.0,0.608,-0.6886576439012525,2.0,1.0,0.0,1,0
121,0,0.172,3.0,1.0,0.043,0.5077998994287855,3.0,1.0,0.0,1,1
495,0,0.514,1.0,0.0,0.257,0.5077998994287855,0.0,0.0,0.0,0,0
533,0,0.996,4.0,1.0,0.249,0.5077998994287855,5.0,0.0,1.0,1,1
103,0,0.544,2.0,0.0,0.136,-1.1686928144721258,2.0,1.0,0.0,1,1
689,0,0.146,4.0,0.0,0.146,-0.6886576439012525,2.0,0.0,0.0,1,1
1077,0,0.35,1.0,1.0,0.175,0.43310987583755095,4.0,0.0,0.0,1,1
578,1,1.968,1.0,0.0,0.492,1.225100294200512,5.0,1.0,0.0,1,0
417,0,0.034,4.0,0.0,0.034,0.005676112468840827,3.0,0.0,0.0,1,1
1201,0,0.156,2.0,1.0,0.052,-0.8351079042254117,4.0,1.0,0.0,1,1
446,1,1.636,1.0,0.0,0.409,1.225100294200512,0.0,0.0,0.0,0,0
182,1,2.14,1.0,0.0,0.535,0.273909379231814,3.0,0.0,0.0,1,0
168,0,0.542,4.0,1.0,0.271,0.5077998994287855,4.0,0.0,0.0,1,1
326,0,0.53,3.0,1.0,0.265,-0.6886576439012525,3.0,1.0,0.0,1,1
206,1,0.28,1.0,1.0,0.07,-0.6886576439012525,7.0,1.0,0.0,1,1
463,0,0.376,3.0,0.0,0.094,-0.6886576439012525,2.0,0.0,0.0,1,1
805,0,1.328,1.0,0.0,0.664,1.225100294200512,3.0,0.0,0.0,1,0
1040,0,0.42,2.0,0.0,0.42,1.123426832565637,1.0,0.0,0.0,1,0
38,0,0.244,4.0,0.0,0.122,-0.9943084008311487,5.0,0.0,0.0,1,1
1198,0,2.448,2.0,0.0,0.612,-0.6886576439012525,3.0,0.0,0.0,1,0
555,0,1.07,1.0,0.0,0.535,-0.6886576439012525,0.0,0.0,1.0,0,0
566,0,1.166,1.0,0.0,0.583,-0.6886576439012525,4.0,0.0,0.0,1,0
145,1,0.968,1.0,0.0,0.242,1.7390537657024883,3.0,0.0,0.0,1,1
516,0,0.082,4.0,0.0,0.041,-1.8212836613982375,2.0,1.0,0.0,1,1
220,0,0.78,2.0,0.0,0.195,-0.6886576439012525,5.0,0.0,1.0,1,1
234,0,0.168,4.0,1.0,0.084,-2.1033256842883743,2.0,1.0,1.0,1,1
958,0,1.506,2.0,0.0,0.502,0.7793567847297881,1.0,0.0,0.0,1,0
1207,0,1.108,3.0,1.0,0.277,1.3214199802463735,1.0,1.0,0.0,1,1
442,0,0.224,4.0,0.0,0.112,0.18879396274938903,3.0,0.0,0.0,1,1
1042,0,0.092,2.0,0.0,0.023,-0.4268329703874624,3.0,0.0,0.0,1,1
773,0,0.108,4.0,1.0,0.027,0.5077998994287855,1.0,1.0,1.0,1,1
208,0,0.33,2.0,0.0,0.165,0.5077998994287855,3.0,0.0,0.0,1,1
382,0,0.288,4.0,1.0,0.072,0.3552406133889341,7.0,0.0,0.0,1,1
163,0,0.208,2.0,0.0,0.104,-0.9943084008311487,8.0,0.0,0.0,1,1
869,0,0.72,4.0,0.0,0.18,-0.6886576439012525,2.0,0.0,0.0,1,1
862,1,2.016,1.0,0.0,0.504,0.5077998994287855,1.0,0.0,1.0,1,0
166,1,2.688,1.0,0.0,0.672,0.005676112468840827,2.0,0.0,0.0,1,0
1245,0,0.44,3.0,1.0,0.11,1.1749697199222144,0.0,0.0,0.0,0,1
1083,0,0.123,3.0,0.0,0.041,-0.5530658813352752,3.0,0.0,0.0,1,1
1164,0,1.356,1.0,0.0,0.678,-0.09324806014074834,2.0,0.0,0.0,1,0
181,0,1.034,1.0,0.0,0.517,1.225100294200512,3.0,0.0,0.0,1,0
602,1,1.532,1.0,0.0,0.383,0.5077998994287855,1.0,0.0,0.0,1,0
664,0,0.264,3.0,0.0,0.132,-1.8212836613982375,2.0,1.0,0.0,1,1
1056,0,0.194,2.0,0.0,0.097,1.3214199802463735,4.0,0.0,0.0,1,1
1101,0,0.042,2.0,1.0,0.014,0.6486117839439158,6.0,0.0,0.0,1,1
386,0,1.248,4.0,1.0,0.312,0.005676112468840827,1.0,0.0,1.0,1,1
558,0,1.8479999999999999,2.0,0.0,0.616,0.5077998994287855,2.0,0.0,0.0,1,0
90,0,0.252,3.0,1.0,0.063,-0.6886576439012525,1.0,1.0,1.0,1,1
141,0,0.136,4.0,0.0,0.034,1.225100294200512,1.0,0.0,1.0,1,1
289,1,2.008,1.0,0.0,0.502,0.5077998994287855,2.0,0.0,1.0,1,0
647,0,0.854,2.0,1.0,0.427,-0.6886576439012525,2.0,0.0,0.0,1,0
806,0,0.72,4.0,0.0,0.24,-1.8212836613982375,0.0,0.0,1.0,0,1
1086,1,2.312,1.0,0.0,0.578,-1.1686928144721258,2.0,1.0,0.0,1,0
682,0,0.372,3.0,1.0,0.093,-0.30874996824711326,5.0,0.0,1.0,1,1
60,0,0.104,4.0,0.0,0.052,-1.1686928144721258,4.0,0.0,0.0,1,1
800,0,0.624,4.0,1.0,0.156,0.5077998994287855,5.0,1.0,0.0,1,1
1157,0,0.116,4.0,1.0,0.029,0.5795601361617101,2.0,0.0,1.0,1,1
1046,0,0.828,2.0,1.0,0.207,0.09952496559083607,1.0,1.0,1.0,1,1
498,0,0.9,3.0,0.0,0.225,0.005676112468840827,2.0,0.0,1.0,1,1
580,0,1.857,2.0,0.0,0.619,0.005676112468840827,1.0,1.0,0.0,1,0
1179,0,0.632,3.0,1.0,0.158,-0.09324806014074834,2.0,1.0,1.0,1,1
395,0,0.04,4.0,0.0,0.02,1.3677427456537987,1.0,0.0,0.0,1,1
505,0,2.28,2.0,1.0,0.57,-0.9943084008311487,0.0,0.0,0.0,0,0
200,0,0.72,4.0,1.0,0.18,-1.1686928144721258,4.0,1.0,0.0,1,1
713,1,1.056,1.0,0.0,0.264,-1.1686928144721258,4.0,1.0,1.0,1,1
1242,0,0.206,2.0,0.0,0.103,-2.1033256842883743,4.0,0.0,0.0,1,1
11,0,1.4609999999999999,2.0,0.0,0.487,1.7390537657024883,0.0,0.0,0.0,0,0
261,0,1.396,3.0,0.0,0.349,0.5077998994287855,2.0,0.0,1.0,1,1
1090,0,0.306,4.0,0.0,0.153,1.1749697199222144,2.0,0.0,0.0,1,1
750,0,0.348,4.0,0.0,0.174,-1.8212836613982375,8.0,0.0,0.0,1,1
341,0,0.055,4.0,0.0,0.055,0.273909379231814,4.0,0.0,0.0,1,1
401,0,0.244,3.0,0.0,0.061,0.005676112468840827,1.0,1.0,0.0,1,1
737,0,0.8759999999999999,2.0,0.0,0.292,0.005676112468840827,2.0,0.0,0.0,1,1
1173,0,0.716,3.0,0.0,0.179,-0.30874996824711326,5.0,0.0,0.0,1,1
1037,0,0.512,2.0,0.0,0.128,0.43310987583755095,3.0,0.0,1.0,1,1
35,1,2.628,1.0,0.0,0.657,1.6234583934518967,2.0,1.0,1.0,1,0
1178,0,0.175,3.0,0.0,0.175,0.273909379231814,1.0,0.0,0.0,1,1
21,0,0.388,4.0,0.0,0.194,-1.8212836613982375,2.0,0.0,1.0,1,1
783,1,2.572,1.0,0.0,0.643,-0.6886576439012525,1.0,0.0,0.0,1,0
117,0,0.446,4.0,0.0,0.223,-0.9943084008311487,4.0,1.0,0.0,1,1
1023,0,0.728,4.0,1.0,0.182,-1.1686928144721258,4.0,1.0,0.0,1,1
1076,0,0.438,1.0,0.0,0.219,1.2738938925318035,1.0,0.0,0.0,1,1
787,0,0.516,2.0,1.0,0.129,1.7390537657024883,1.0,1.0,0.0,1,1
770,0,0.214,2.0,0.0,0.107,0.5077998994287855,4.0,0.0,0.0,1,1
1035,0,0.844,3.0,0.0,0.211,-0.1978280378786082,4.0,0.0,0.0,1,1
424,0,0.683,3.0,0.0,0.683,-0.6886576439012525,1.0,0.0,0.0,1,0
1108,0,0.048,2.0,0.0,0.016,-0.8351079042254117,2.0,0.0,1.0,1,1
587,0,0.528,4.0,0.0,0.132,-0.6886576439012525,3.0,0.0,0.0,1,1
52,0,0.663,4.0,1.0,0.221,-0.6886576439012525,3.0,0.0,1.0,1,1
282,0,0.596,2.0,0.0,0.149,0.005676112468840827,2.0,0.0,1.0,1,1
1032,0,0.327,4.0,1.0,0.109,0.5077998994287855,2.0,1.0,0.0,1,1
1226,0,0.28,2.0,0.0,0.14,-0.1978280378786082,1.0,0.0,1.0,1,1
242,1,1.6830000000000003,1.0,0.0,0.561,1.7390537657024883,2.0,0.0,0.0,1,0
42,0,0.106,2.0,0.0,0.053,0.005676112468840827,2.0,0.0,0.0,1,1
684,0,0.044,2.0,0.0,0.044,1.225100294200512,2.0,0.0,0.0,1,1
674,1,2.644,1.0,1.0,0.661,0.273909379231814,1.0,0.0,0.0,1,0
1109,0,0.211,3.0,1.0,0.211,-1.8212836613982375,3.0,1.0,1.0,1,1
890,0,0.68,3.0,0.0,0.17,0.7151518987276875,3.0,1.0,0.0,1,1
1218,0,0.566,3.0,0.0,0.283,0.5795601361617101,4.0,0.0,1.0,1,1
804,0,0.293,2.0,0.0,0.293,-0.6886576439012525,3.0,0.0,0.0,1,1
324,0,0.292,4.0,1.0,0.073,0.005676112468840827,6.0,1.0,0.0,1,1
1096,0,0.574,4.0,0.0,0.287,-1.1686928144721258,4.0,1.0,1.0,1,1
1209,0,0.416,2.0,0.0,0.104,-0.4268329703874624,4.0,0.0,0.0,1,1
489,0,0.222,1.0,1.0,0.111,-1.8212836613982375,1.0,0.0,0.0,1,1
646,0,0.538,3.0,0.0,0.269,0.9013787582559993,1.0,0.0,0.0,1,1
652,0,2.332,2.0,0.0,0.583,0.5077998994287855,1.0,0.0,0.0,1,0
427,0,0.708,2.0,1.0,0.177,0.005676112468840827,3.0,1.0,1.0,1,1
10,0,1.785,3.0,0.0,0.595,-0.6886576439012525,0.0,0.0,0.0,0,0
347,0,0.262,2.0,0.0,0.262,0.5077998994287855,3.0,0.0,1.0,1,1
1103,0,0.804,2.0,1.0,0.201,-2.1033256842883743,2.0,1.0,0.0,1,1
637,0,0.452,4.0,1.0,0.226,2.1398454518815653,7.0,0.0,1.0,1,1
1227,0,2.332,2.0,0.0,0.583,0.6486117839439158,1.0,0.0,0.0,1,0
582,0,1.02,3.0,1.0,0.255,-1.1686928144721258,1.0,0.0,0.0,1,1
538,0,2.528,4.0,0.0,0.632,1.7390537657024883,1.0,0.0,0.0,1,0
174,0,0.898,1.0,0.0,0.449,0.273909379231814,0.0,0.0,0.0,0,0
1153,0,1.584,3.0,1.0,0.396,0.09952496559083607,7.0,1.0,0.0,1,1
956,0,0.732,2.0,0.0,0.183,0.9013787582559993,4.0,1.0,1.0,1,1
546,1,0.352,1.0,1.0,0.088,0.5077998994287855,2.0,1.0,0.0,1,1
1073,0,0.103,4.0,1.0,0.103,-2.1033256842883743,2.0,1.0,0.0,1,1
1159,0,1.288,4.0,1.0,0.322,-0.6886576439012525,1.0,1.0,0.0,1,1
344,0,0.179,3.0,0.0,0.179,-0.9943084008311487,1.0,0.0,0.0,1,1
769,0,0.06,2.0,1.0,0.03,-0.6886576439012525,3.0,1.0,1.0,1,1
480,0,0.139,4.0,0.0,0.139,-0.6886576439012525,3.0,1.0,1.0,1,1
979,0,1.256,1.0,0.0,0.628,-0.30874996824711326,1.0,0.0,0.0,1,0
980,0,1.24,1.0,0.0,0.62,0.9013787582559993,0.0,1.0,0.0,0,0
39,1,0.184,1.0,0.0,0.046,-1.1686928144721258,1.0,0.0,1.0,1,1
949,0,1.314,1.0,1.0,0.657,0.5077998994287855,2.0,0.0,1.0,1,0
7,0,0.086,4.0,0.0,0.043,1.225100294200512,3.0,0.0,0.0,1,1
922,1,1.275,1.0,0.0,0.425,-1.1686928144721258,0.0,0.0,1.0,0,0
529,0,0.129,2.0,0.0,0.043,-1.8212836613982375,3.0,0.0,0.0,1,1
273,1,1.908,1.0,0.0,0.477,1.7390537657024883,0.0,0.0,1.0,0,0
287,0,0.138,2.0,0.0,0.069,1.7390537657024883,3.0,0.0,0.0,1,1
617,0,0.094,2.0,0.0,0.094,-1.8212836613982375,0.0,1.0,0.0,0,1
585,0,0.662,1.0,0.0,0.662,0.005676112468840827,3.0,0.0,0.0,1,0
991,0,1.084,2.0,1.0,0.271,-0.30874996824711326,2.0,0.0,1.0,1,1
1229,1,0.216,1.0,0.0,0.054,0.5795601361617101,0.0,0.0,0.0,0,1
1177,1,2.472,1.0,0.0,0.618,0.43310987583755095,2.0,1.0,0.0,1,0
367,0,0.119,2.0,0.0,0.119,0.005676112468840827,2.0,0.0,0.0,1,1
349,0,2.296,2.0,0.0,0.574,-1.1686928144721258,3.0,1.0,0.0,1,0
1211,0,0.892,3.0,1.0,0.223,0.43310987583755095,2.0,0.0,1.0,1,1
853,1,2.588,1.0,0.0,0.647,0.005676112468840827,4.0,0.0,0.0,1,0
299,0,0.243,4.0,0.0,0.081,0.273909379231814,1.0,1.0,0.0,1,1
215,0,0.122,3.0,0.0,0.122,-1.8212836613982375,2.0,1.0,0.0,1,1
1141,0,1.34,1.0,1.0,0.67,-0.8351079042254117,0.0,0.0,0.0,0,0
373,0,0.536,3.0,1.0,0.268,2.1398454518815653,5.0,1.0,0.0,1,1
1015,0,0.424,4.0,0.0,0.106,-0.6886576439012525,4.0,0.0,0.0,1,1
345,1,0.284,1.0,1.0,0.071,-0.30874996824711326,1.0,1.0,1.0,1,1
1001,0,0.624,3.0,1.0,0.156,-1.36146584020371,3.0,1.0,0.0,1,1
573,0,0.56,2.0,0.0,0.14,-0.30874996824711326,6.0,0.0,0.0,1,1
837,0,0.053,1.0,1.0,0.053,-2.1033256842883743,1.0,0.0,0.0,1,1
130,0,0.153,4.0,0.0,0.153,1.7390537657024883,1.0,0.0,0.0,1,1
469,0,0.318,3.0,1.0,0.106,0.5077998994287855,1.0,0.0,0.0,1,1
229,0,0.416,2.0,0.0,0.104,0.5077998994287855,2.0,0.0,0.0,1,1
391,0,0.087,4.0,0.0,0.087,-0.6886576439012525,4.0,0.0,0.0,1,1
149,0,0.628,2.0,1.0,0.157,0.005676112468840827,4.0,1.0,1.0,1,1
2,0,0.198,4.0,1.0,0.099,-0.6886576439012525,3.0,1.0,0.0,1,1
1058,0,0.084,4.0,0.0,0.021,-0.6886576439012525,1.0,0.0,0.0,1,1
528,1,1.808,1.0,0.0,0.452,1.225100294200512,2.0,0.0,1.0,1,0
676,0,0.216,4.0,1.0,0.054,0.5077998994287855,2.0,1.0,0.0,1,1
812,0,2.544,2.0,0.0,0.636,1.225100294200512,2.0,1.0,0.0,1,0
859,0,0.191,4.0,1.0,0.191,-1.1686928144721258,7.0,0.0,0.0,1,1
623,0,0.22,3.0,0.0,0.055,-0.6886576439012525,7.0,0.0,0.0,1,1
438,0,0.828,3.0,0.0,0.207,1.5000643527432271,3.0,1.0,0.0,1,1
1021,0,0.436,2.0,0.0,0.109,0.005676112468840827,5.0,0.0,1.0,1,1
884,0,2.055,3.0,0.0,0.685,0.5077998994287855,1.0,0.0,0.0,1,0
1038,0,0.399,2.0,1.0,0.133,0.3552406133889341,4.0,1.0,1.0,1,1
272,0,3.94,2.0,0.0,0.985,1.7390537657024883,2.0,0.0,0.0,1,1
654,0,0.956,2.0,1.0,0.239,0.5077998994287855,2.0,1.0,0.0,1,1
760,0,0.133,1.0,1.0,0.133,-0.30874996824711326,1.0,1.0,0.0,1,1
1117,0,0.584,2.0,1.0,0.292,-1.1686928144721258,2.0,0.0,0.0,1,1
515,0,0.572,3.0,0.0,0.143,-1.8212836613982375,2.0,1.0,0.0,1,1
913,0,0.137,2.0,1.0,0.137,-0.8351079042254117,7.0,0.0,0.0,1,1
1158,0,1.212,4.0,0.0,0.303,-0.8351079042254117,2.0,0.0,1.0,1,1
105,0,1.124,3.0,0.0,0.562,0.5077998994287855,1.0,1.0,0.0,1,0
400,0,0.11399999999999999,4.0,1.0,0.038,0.005676112468840827,3.0,0.0,1.0,1,1
416,1,2.38,1.0,0.0,0.595,-0.6886576439012525,0.0,0.0,0.0,0,0
100,0,0.824,3.0,1.0,0.206,0.5077998994287855,1.0,0.0,0.0,1,1
704,0,0.224,3.0,0.0,0.056,0.7151518987276875,4.0,0.0,0.0,1,1
1219,0,1.032,1.0,0.0,0.516,1.225100294200512,3.0,0.0,0.0,1,0
246,0,0.08,2.0,1.0,0.02,-0.6886576439012525,3.0,1.0,1.0,1,1
138,0,0.22,4.0,0.0,0.055,-0.30874996824711326,4.0,1.0,1.0,1,1
1024,0,1.088,2.0,1.0,0.272,0.5077998994287855,6.0,1.0,0.0,1,1
49,0,0.52,3.0,1.0,0.13,-0.6886576439012525,4.0,0.0,1.0,1,1
14,0,0.236,2.0,0.0,0.118,-0.30874996824711326,3.0,0.0,0.0,1,1
57,0,0.274,4.0,1.0,0.137,1.225100294200512,6.0,1.0,1.0,1,1
226,0,0.489,1.0,0.0,0.489,1.7390537657024883,2.0,0.0,1.0,1,0
891,0,1.076,3.0,1.0,0.269,-0.30874996824711326,2.0,1.0,1.0,1,1
222,0,0.408,4.0,1.0,0.102,-0.6886576439012525,5.0,0.0,1.0,1,1
1049,0,0.628,3.0,1.0,0.157,-0.30874996824711326,2.0,1.0,1.0,1,1
786,1,0.14700000000000002,1.0,1.0,0.049,0.3552406133889341,5.0,0.0,1.0,1,1
1079,1,2.564,1.0,0.0,0.641,0.7151518987276875,2.0,1.0,0.0,1,0
1200,0,0.157,1.0,0.0,0.157,-0.8351079042254117,3.0,0.0,0.0,1,1
687,0,0.44,3.0,0.0,0.11,1.225100294200512,3.0,0.0,0.0,1,1
346,0,0.512,3.0,0.0,0.128,-0.5530658813352752,4.0,1.0,1.0,1,1
912,0,0.352,4.0,0.0,0.176,0.9013787582559993,5.0,0.0,1.0,1,1
1194,0,0.5700000000000001,4.0,1.0,0.19,0.43310987583755095,5.0,0.0,0.0,1,1
742,0,0.876,3.0,1.0,0.219,0.273909379231814,3.0,0.0,1.0,1,1
855,0,0.416,3.0,1.0,0.104,0.5077998994287855,2.0,0.0,0.0,1,1
774,0,0.272,4.0,0.0,0.136,-0.6886576439012525,1.0,1.0,0.0,1,1
935,0,2.052,4.0,0.0,0.513,0.9013787582559993,4.0,0.0,1.0,1,0
1113,0,0.058,4.0,0.0,0.029,-0.09324806014074834,0.0,0.0,0.0,0,1
549,0,0.238,1.0,1.0,0.119,1.7390537657024883,2.0,1.0,0.0,1,1
76,1,1.712,1.0,0.0,0.428,1.5000643527432271,4.0,0.0,1.0,1,0
967,0,0.428,4.0,1.0,0.107,-0.30874996824711326,4.0,0.0,1.0,1,1
230,1,2.304,1.0,0.0,0.576,1.225100294200512,1.0,0.0,1.0,1,0
959,0,0.836,4.0,0.0,0.209,0.5077998994287855,3.0,0.0,0.0,1,1
610,0,2.132,2.0,0.0,0.533,-0.6886576439012525,2.0,0.0,0.0,1,0
818,0,0.33,4.0,0.0,0.165,1.225100294200512,2.0,0.0,0.0,1,1
550,0,0.864,2.0,1.0,0.216,-0.6886576439012525,2.0,1.0,0.0,1,1
89,0,1.972,2.0,0.0,0.493,-0.6886576439012525,2.0,0.0,0.0,1,0
143,0,1.37,2.0,0.0,0.685,0.005676112468840827,1.0,0.0,0.0,1,0
784,0,0.123,1.0,0.0,0.123,0.18879396274938903,7.0,0.0,0.0,1,1
908,0,0.361,2.0,1.0,0.361,-0.30874996824711326,2.0,0.0,0.0,1,1
608,0,0.624,3.0,1.0,0.156,0.005676112468840827,2.0,0.0,1.0,1,1
40,0,0.684,2.0,1.0,0.171,0.9013787582559993,4.0,0.0,1.0,1,1
1134,0,0.964,1.0,0.0,0.482,-0.5530658813352752,0.0,0.0,1.0,0,0
43,0,0.17,3.0,0.0,0.17,0.9013787582559993,2.0,1.0,0.0,1,1
243,1,0.243,1.0,1.0,0.081,-0.6886576439012525,2.0,1.0,0.0,1,1
744,0,0.072,3.0,0.0,0.018,1.3677427456537987,5.0,1.0,0.0,1,1
851,0,0.45599999999999996,2.0,1.0,0.152,0.5077998994287855,3.0,1.0,0.0,1,1
755,1,2.468,1.0,0.0,0.617,0.5077998994287855,0.0,0.0,0.0,0,0
24,0,0.164,4.0,1.0,0.041,-0.9943084008311487,3.0,1.0,0.0,1,1
986,0,0.102,1.0,0.0,0.051,1.5000643527432271,0.0,0.0,0.0,0,1
227,0,2.5,2.0,0.0,0.625,-0.6886576439012525,1.0,0.0,0.0,1,0
547,1,0.279,1.0,1.0,0.093,0.5077998994287855,0.0,0.0,1.0,0,1
440,0,0.608,4.0,1.0,0.152,-0.6886576439012525,4.0,0.0,0.0,1,1
811,0,0.21000000000000002,2.0,0.0,0.07,-1.8212836613982375,4.0,0.0,1.0,1,1
1174,0,0.156,4.0,0.0,0.078,0.43310987583755095,4.0,0.0,0.0,1,1
147,0,0.524,3.0,1.0,0.131,-0.6886576439012525,4.0,1.0,0.0,1,1
535,0,1.368,3.0,0.0,0.684,0.273909379231814,0.0,1.0,0.0,0,0
1204,0,0.086,3.0,0.0,0.086,0.5795601361617101,4.0,0.0,0.0,1,1
1129,0,1.144,2.0,0.0,0.286,-1.1686928144721258,3.0,1.0,1.0,1,1
771,1,1.779,1.0,0.0,0.593,1.225100294200512,3.0,1.0,0.0,1,0
1094,0,0.214,4.0,0.0,0.107,0.43310987583755095,1.0,1.0,0.0,1,1
178,0,0.936,2.0,1.0,0.234,-0.6886576439012525,2.0,0.0,1.0,1,1
1074,0,0.372,3.0,1.0,0.093,-0.30874996824711326,3.0,0.0,1.0,1,1
990,0,0.094,4.0,1.0,0.047,-0.6886576439012525,1.0,1.0,0.0,1,1
368,0,2.348,2.0,0.0,0.587,1.225100294200512,2.0,0.0,0.0,1,0
543,0,0.914,1.0,0.0,0.457,0.005676112468840827,0.0,0.0,0.0,0,0
1162,0,0.528,2.0,0.0,0.132,1.123426832565637,0.0,0.0,0.0,0,1
196,0,0.171,1.0,1.0,0.171,-1.8212836613982375,2.0,1.0,1.0,1,1
821,0,0.405,3.0,0.0,0.135,-0.6886576439012525,4.0,0.0,1.0,1,1
710,0,0.344,3.0,1.0,0.086,0.005676112468840827,5.0,1.0,1.0,1,1
1124,1,1.832,1.0,0.0,0.458,0.3552406133889341,2.0,0.0,0.0,1,0
667,0,0.312,3.0,1.0,0.312,1.7390537657024883,1.0,0.0,0.0,1,1
496,0,2.584,2.0,0.0,0.646,1.225100294200512,0.0,0.0,0.0,0,0
263,0,0.036,4.0,1.0,0.018,-0.6886576439012525,2.0,1.0,0.0,1,1
789,1,2.432,1.0,0.0,0.608,1.4129216213696578,2.0,1.0,0.0,1,0
892,0,0.524,3.0,0.0,0.131,-0.6886576439012525,3.0,1.0,0.0,1,1
288,0,0.4,2.0,0.0,0.1,-0.6886576439012525,2.0,0.0,1.0,1,1
1225,0,0.458,2.0,0.0,0.229,1.5000643527432271,0.0,0.0,0.0,0,1
983,0,1.188,1.0,0.0,0.594,1.225100294200512,1.0,0.0,0.0,1,0
1202,0,1.184,4.0,0.0,0.296,0.005676112468840827,7.0,0.0,1.0,1,1
716,0,0.46499999999999997,2.0,1.0,0.155,0.9013787582559993,3.0,1.0,1.0,1,1
51,0,0.097,4.0,0.0,0.097,0.7151518987276875,2.0,0.0,0.0,1,1
863,0,0.64,2.0,1.0,0.16,0.7151518987276875,5.0,1.0,0.0,1,1
1243,0,0.155,3.0,0.0,0.155,0.3552406133889341,3.0,0.0,0.0,1,1
12,0,0.07,2.0,0.0,0.07,-0.6886576439012525,1.0,0.0,1.0,1,1
123,0,0.456,3.0,0.0,0.114,-0.9943084008311487,5.0,1.0,0.0,1,1
1208,0,1.6500000000000001,2.0,1.0,0.55,0.5795601361617101,1.0,0.0,0.0,1,0
874,0,0.268,4.0,0.0,0.067,0.005676112468840827,2.0,0.0,0.0,1,1
692,0,0.384,3.0,0.0,0.192,0.5077998994287855,5.0,0.0,1.0,1,1
1165,0,0.18,4.0,1.0,0.06,0.43310987583755095,2.0,1.0,0.0,1,1
248,0,0.126,4.0,0.0,0.063,0.5077998994287855,1.0,0.0,0.0,1,1
161,0,0.796,4.0,1.0,0.199,0.005676112468840827,4.0,1.0,0.0,1,1
309,0,0.504,4.0,0.0,0.126,-1.1686928144721258,3.0,0.0,0.0,1,1
317,0,0.084,2.0,0.0,0.084,0.5077998994287855,5.0,0.0,0.0,1,1
111,0,0.268,2.0,0.0,0.067,-0.30874996824711326,1.0,0.0,0.0,1,1
375,0,0.908,2.0,0.0,0.454,1.7390537657024883,3.0,0.0,0.0,1,0
1238,0,0.548,3.0,1.0,0.137,0.43310987583755095,2.0,0.0,0.0,1,1
576,0,0.58,4.0,0.0,0.29,-0.6886576439012525,3.0,0.0,1.0,1,1
41,0,0.393,4.0,0.0,0.131,-0.6886576439012525,0.0,0.0,1.0,0,1
1057,0,0.206,2.0,1.0,0.103,2.1398454518815653,0.0,0.0,0.0,0,1
139,0,0.3,3.0,0.0,0.15,-0.6886576439012525,4.0,0.0,1.0,1,1
1154,0,0.263,3.0,0.0,0.263,1.225100294200512,1.0,0.0,0.0,1,1
1065,0,0.142,2.0,0.0,0.071,-1.8212836613982375,0.0,0.0,1.0,0,1
699,0,0.416,2.0,0.0,0.104,-0.30874996824711326,3.0,0.0,0.0,1,1
618,0,1.234,1.0,0.0,0.617,0.9013787582559993,2.0,0.0,0.0,1,0
772,0,0.211,4.0,1.0,0.211,0.273909379231814,5.0,1.0,0.0,1,1
62,0,2.044,2.0,0.0,0.511,1.225100294200512,2.0,0.0,0.0,1,0
425,0,0.127,3.0,0.0,0.127,0.005676112468840827,3.0,0.0,0.0,1,1
392,0,0.326,2.0,0.0,0.163,1.225100294200512,6.0,0.0,0.0,1,1
94,0,0.452,2.0,0.0,0.113,-0.6886576439012525,4.0,0.0,0.0,1,1
1147,0,0.148,4.0,1.0,0.037,0.5795601361617101,7.0,1.0,0.0,1,1
739,1,2.632,1.0,0.0,0.658,0.9013787582559993,1.0,0.0,0.0,1,0
72,0,0.34800000000000003,2.0,0.0,0.116,-1.36146584020371,5.0,1.0,0.0,1,1
523,0,0.07500000000000001,4.0,1.0,0.025,0.5077998994287855,4.0,0.0,0.0,1,1
943,0,0.12,4.0,1.0,0.06,-2.1033256842883743,6.0,1.0,0.0,1,1
1115,0,2.588,2.0,0.0,0.647,1.66280725413813,3.0,0.0,0.0,1,0
706,1,1.1640000000000001,1.0,0.0,0.388,1.7390537657024883,0.0,0.0,0.0,0,0
45,0,0.788,2.0,1.0,0.197,-0.8351079042254117,4.0,1.0,0.0,1,1
343,0,0.125,4.0,0.0,0.125,0.005676112468840827,1.0,0.0,0.0,1,1
1140,0,0.155,4.0,1.0,0.155,1.66280725413813,4.0,0.0,0.0,1,1
218,0,0.238,4.0,0.0,0.119,0.5077998994287855,0.0,0.0,0.0,0,1
452,0,0.188,3.0,1.0,0.094,0.005676112468840827,2.0,0.0,0.0,1,1
632,0,0.032,2.0,0.0,0.008,-0.30874996824711326,6.0,0.0,1.0,1,1
978,1,2.436,1.0,1.0,0.609,0.5077998994287855,0.0,0.0,0.0,0,0
302,1,2.3,1.0,0.0,0.575,0.5077998994287855,2.0,1.0,0.0,1,0
504,1,2.332,1.0,0.0,0.583,0.5077998994287855,1.0,0.0,0.0,1,0
798,0,1.244,4.0,1.0,0.311,0.5077998994287855,3.0,0.0,0.0,1,1
112,0,0.387,2.0,0.0,0.129,0.005676112468840827,1.0,0.0,0.0,1,1
315,1,1.764,1.0,0.0,0.441,1.225100294200512,1.0,0.0,0.0,1,0
348,0,0.241,3.0,1.0,0.241,-1.8212836613982375,4.0,0.0,0.0,1,1
541,1,0.596,1.0,1.0,0.149,0.5077998994287855,4.0,0.0,0.0,1,1
290,0,0.23,4.0,1.0,0.115,-0.6886576439012525,2.0,0.0,0.0,1,1
297,0,0.68,3.0,1.0,0.17,-0.9943084008311487,2.0,0.0,0.0,1,1
476,0,0.664,3.0,1.0,0.166,1.3677427456537987,3.0,0.0,0.0,1,1
703,0,0.652,3.0,0.0,0.163,0.9013787582559993,3.0,0.0,0.0,1,1
454,0,0.852,2.0,0.0,0.426,0.5077998994287855,3.0,0.0,0.0,1,0
354,0,0.324,4.0,1.0,0.081,-0.9943084008311487,3.0,0.0,0.0,1,1
251,0,0.061,4.0,0.0,0.061,-0.6886576439012525,5.0,0.0,0.0,1,1
735,0,0.21299999999999997,4.0,0.0,0.071,1.225100294200512,7.0,0.0,0.0,1,1
418,0,0.087,4.0,1.0,0.087,0.273909379231814,5.0,0.0,0.0,1,1
372,0,0.053,2.0,1.0,0.053,-0.9943084008311487,9.0,1.0,0.0,1,1
150,0,0.144,4.0,1.0,0.072,-1.8212836613982375,4.0,0.0,1.0,1,1
1118,1,0.393,1.0,1.0,0.131,-0.1978280378786082,3.0,1.0,0.0,1,1
826,0,0.461,1.0,0.0,0.461,0.005676112468840827,1.0,1.0,0.0,1,0
1060,1,2.36,1.0,0.0,0.59,-0.4268329703874624,1.0,0.0,0.0,1,0
365,0,0.326,2.0,1.0,0.163,-0.6886576439012525,2.0,0.0,0.0,1,1
823,0,0.452,3.0,0.0,0.113,-1.36146584020371,0.0,1.0,0.0,0,1
780,0,0.952,2.0,0.0,0.476,1.3677427456537987,3.0,1.0,1.0,1,0
20,0,0.94,4.0,1.0,0.235,-1.1686928144721258,3.0,1.0,0.0,1,1
353,0,2.592,2.0,0.0,0.648,-0.6886576439012525,2.0,0.0,1.0,1,0
155,0,1.244,2.0,0.0,0.622,-0.6886576439012525,1.0,0.0,0.0,1,0
592,0,0.456,3.0,1.0,0.114,0.273909379231814,1.0,0.0,0.0,1,1
113,1,2.764,1.0,1.0,0.691,1.225100294200512,1.0,1.0,0.0,1,0
567,0,0.594,4.0,1.0,0.297,0.5077998994287855,2.0,1.0,1.0,1,1
553,0,0.72,3.0,0.0,0.18,0.005676112468840827,2.0,1.0,0.0,1,1
379,0,0.504,3.0,1.0,0.126,-1.8212836613982375,2.0,1.0,0.0,1,1
996,0,0.884,2.0,0.0,0.221,0.9013787582559993,1.0,0.0,0.0,1,1
719,0,0.321,4.0,0.0,0.107,0.18879396274938903,2.0,0.0,0.0,1,1
236,0,0.338,1.0,0.0,0.338,-1.8212836613982375,1.0,0.0,0.0,1,0
279,0,0.936,2.0,1.0,0.234,0.5077998994287855,2.0,0.0,1.0,1,1
465,0,0.726,2.0,0.0,0.242,0.5077998994287855,2.0,0.0,0.0,1,1
672,0,0.386,1.0,1.0,0.193,2.1398454518815653,5.0,0.0,0.0,1,1
30,0,0.474,4.0,0.0,0.158,0.005676112468840827,1.0,0.0,0.0,1,1
864,0,1.142,1.0,1.0,0.571,-0.9943084008311487,3.0,0.0,0.0,1,0
902,0,0.118,4.0,1.0,0.059,1.225100294200512,0.0,1.0,0.0,0,1
450,0,0.388,2.0,1.0,0.097,1.225100294200512,3.0,1.0,0.0,1,1
749,0,0.072,3.0,1.0,0.036,-0.30874996824711326,5.0,0.0,0.0,1,1
26,0,0.464,3.0,1.0,0.116,-1.8212836613982375,3.0,0.0,1.0,1,1
714,0,2.716,2.0,0.0,0.679,2.1398454518815653,3.0,0.0,0.0,1,0
1112,1,2.076,1.0,0.0,0.519,1.6234583934518967,0.0,0.0,1.0,0,0
360,1,1.152,1.0,0.0,0.288,0.005676112468840827,3.0,0.0,0.0,1,1
729,0,0.084,2.0,0.0,0.042,0.5077998994287855,5.0,1.0,0.0,1,1
1036,0,0.936,1.0,0.0,0.468,-1.36146584020371,2.0,0.0,0.0,1,0
50,0,0.68,2.0,0.0,0.17,0.5077998994287855,2.0,0.0,0.0,1,1
332,1,0.72,1.0,0.0,0.18,0.005676112468840827,2.0,0.0,0.0,1,0
830,0,1.092,2.0,1.0,0.273,0.5077998994287855,1.0,0.0,0.0,1,1
1018,0,0.508,2.0,1.0,0.127,1.8826294747644128,2.0,0.0,1.0,1,1
847,0,0.24,4.0,1.0,0.06,0.5077998994287855,2.0,0.0,0.0,1,1
1088,0,0.402,4.0,0.0,0.134,-0.8351079042254117,1.0,1.0,0.0,1,1
564,0,0.576,2.0,0.0,0.144,0.5077998994287855,6.0,0.0,0.0,1,1
1039,1,1.664,1.0,0.0,0.416,-1.8212836613982375,2.0,0.0,0.0,1,0
820,1,0.45299999999999996,1.0,1.0,0.151,-0.6886576439012525,2.0,0.0,0.0,1,1
422,0,0.24,4.0,0.0,0.12,-0.6886576439012525,1.0,1.0,0.0,1,1
9,0,2.584,2.0,0.0,0.646,0.9013787582559993,0.0,1.0,0.0,0,0
782,0,0.392,2.0,0.0,0.196,-0.6886576439012525,3.0,0.0,0.0,1,1
1102,0,0.165,4.0,1.0,0.165,-1.8212836613982375,3.0,1.0,1.0,1,1
254,0,0.224,4.0,0.0,0.112,-1.1686928144721258,1.0,0.0,0.0,1,1
1203,0,0.15,4.0,1.0,0.075,1.7013276559005137,5.0,1.0,0.0,1,1
237,1,2.34,1.0,0.0,0.585,0.005676112468840827,2.0,0.0,0.0,1,0
415,0,0.242,2.0,1.0,0.121,1.225100294200512,0.0,1.0,0.0,0,1
1171,0,0.378,4.0,0.0,0.126,0.3552406133889341,1.0,0.0,0.0,1,1
981,1,2.0250000000000004,1.0,1.0,0.675,1.7390537657024883,1.0,0.0,0.0,1,0
696,0,0.692,4.0,0.0,0.173,-0.6886576439012525,2.0,0.0,1.0,1,1
413,0,0.14400000000000002,4.0,1.0,0.048,-0.9943084008311487,4.0,0.0,0.0,1,1
169,0,1.944,4.0,0.0,0.486,0.5077998994287855,1.0,1.0,0.0,1,0
794,0,0.888,2.0,1.0,0.222,0.5077998994287855,5.0,0.0,0.0,1,1
865,0,0.414,4.0,1.0,0.207,-0.30874996824711326,2.0,0.0,0.0,1,1
717,0,0.704,3.0,1.0,0.176,0.005676112468840827,1.0,0.0,1.0,1,1
339,0,0.468,2.0,0.0,0.117,-0.9943084008311487,2.0,0.0,0.0,1,1
1009,0,2.444,2.0,0.0,0.611,1.0157692233164775,3.0,0.0,0.0,1,0
779,0,0.15,4.0,0.0,0.075,0.005676112468840827,2.0,0.0,0.0,1,1
790,0,1.068,2.0,0.0,0.534,0.273909379231814,1.0,0.0,0.0,1,0
1221,0,0.908,3.0,1.0,0.227,1.1749697199222144,1.0,0.0,1.0,1,1
1100,1,2.312,1.0,0.0,0.578,1.3214199802463735,0.0,0.0,1.0,0,0
216,0,0.324,4.0,0.0,0.108,0.005676112468840827,3.0,0.0,0.0,1,1
1030,0,0.188,4.0,1.0,0.047,0.5077998994287855,3.0,1.0,0.0,1,1
631,1,2.32,1.0,0.0,0.58,0.005676112468840827,0.0,0.0,0.0,0,0
1237,0,1.312,2.0,0.0,0.656,1.0703897421843545,3.0,0.0,0.0,1,0
205,0,0.45299999999999996,2.0,0.0,0.151,0.9013787582559993,4.0,1.0,0.0,1,1
501,0,0.696,3.0,0.0,0.348,1.225100294200512,4.0,0.0,0.0,1,1
598,0,1.186,1.0,1.0,0.593,0.005676112468840827,3.0,1.0,0.0,1,0
1181,0,1.178,1.0,0.0,0.589,1.225100294200512,3.0,0.0,0.0,1,0
849,1,2.284,1.0,0.0,0.571,-0.6886576439012525,2.0,0.0,1.0,1,0
1228,0,0.72,2.0,0.0,0.18,-0.8351079042254117,2.0,0.0,1.0,1,1
88,0,0.596,2.0,0.0,0.149,0.005676112468840827,1.0,0.0,0.0,1,1
819,0,2.572,2.0,0.0,0.643,0.005676112468840827,2.0,0.0,1.0,1,0
763,1,2.224,1.0,1.0,0.556,0.273909379231814,1.0,1.0,0.0,1,0
8,0,0.446,2.0,1.0,0.223,-0.6886576439012525,3.0,0.0,1.0,1,1
591,0,0.404,2.0,0.0,0.101,0.5077998994287855,3.0,0.0,0.0,1,1
756,0,0.104,1.0,0.0,0.104,-1.8212836613982375,3.0,1.0,0.0,1,1
259,0,0.312,3.0,1.0,0.078,-0.8351079042254117,2.0,1.0,1.0,1,1
1123,0,2.356,2.0,1.0,0.589,1.225100294200512,0.0,0.0,0.0,0,0
698,0,0.34,4.0,1.0,0.085,0.005676112468840827,2.0,1.0,1.0,1,1
1176,0,0.892,2.0,1.0,0.223,0.3552406133889341,4.0,1.0,1.0,1,1
951,0,1.268,2.0,0.0,0.634,1.225100294200512,0.0,0.0,0.0,0,0
210,0,0.155,1.0,1.0,0.155,-1.1686928144721258,5.0,1.0,1.0,1,1
133,1,0.512,1.0,1.0,0.128,0.005676112468840827,5.0,0.0,0.0,1,1
152,0,0.664,4.0,0.0,0.166,1.225100294200512,3.0,0.0,1.0,1,1
860,0,0.616,3.0,1.0,0.154,0.5077998994287855,2.0,1.0,0.0,1,1
262,0,0.162,2.0,0.0,0.081,0.005676112468840827,2.0,1.0,0.0,1,1
611,0,0.677,1.0,0.0,0.677,-0.9943084008311487,2.0,0.0,0.0,1,0
1133,0,0.657,4.0,1.0,0.219,0.5795601361617101,1.0,0.0,1.0,1,1
625,0,0.4,4.0,1.0,0.1,-0.30874996824711326,0.0,0.0,1.0,0,1
668,1,1.767,1.0,0.0,0.589,-0.6886576439012525,2.0,1.0,0.0,1,0
134,0,0.502,1.0,1.0,0.251,2.1398454518815653,1.0,0.0,1.0,1,1
753,0,0.412,4.0,1.0,0.103,0.9013787582559993,3.0,1.0,1.0,1,1
942,0,0.928,4.0,1.0,0.232,0.5077998994287855,3.0,0.0,0.0,1,1
1008,0,2.048,4.0,0.0,0.512,-0.09324806014074834,2.0,0.0,0.0,1,0
815,0,0.484,4.0,0.0,0.242,1.225100294200512,3.0,0.0,0.0,1,1
701,1,1.832,1.0,0.0,0.458,1.7390537657024883,1.0,1.0,0.0,1,0
1089,0,0.16,3.0,0.0,0.08,0.3552406133889341,2.0,0.0,0.0,1,1
108,0,0.236,2.0,0.0,0.236,0.5077998994287855,1.0,0.0,0.0,1,1
584,0,0.496,4.0,1.0,0.124,-0.6886576439012525,4.0,0.0,0.0,1,1
426,0,0.352,2.0,1.0,0.088,0.7793567847297881,4.0,1.0,1.0,1,1
82,0,0.714,4.0,1.0,0.238,0.005676112468840827,5.0,0.0,0.0,1,1
68,0,2.284,2.0,1.0,0.571,1.225100294200512,1.0,0.0,0.0,1,0
294,0,0.524,2.0,1.0,0.131,1.7390537657024883,4.0,1.0,0.0,1,1
252,1,2.228,1.0,0.0,0.557,0.9013787582559993,3.0,0.0,0.0,1,0
437,0,0.08,2.0,1.0,0.02,0.5077998994287855,4.0,1.0,0.0,1,1
1007,0,0.596,3.0,0.0,0.298,-1.1686928144721258,4.0,1.0,1.0,1,1
822,0,0.91,1.0,0.0,0.455,1.225100294200512,1.0,0.0,0.0,1,0
561,1,2.128,1.0,0.0,0.532,0.5077998994287855,1.0,0.0,1.0,1,0
99,0,0.14100000000000001,4.0,0.0,0.047,0.18879396274938903,3.0,0.0,0.0,1,1
1205,1,1.08,1.0,0.0,0.27,-1.8212836613982375,0.0,0.0,0.0,0,1
1156,1,1.9260000000000002,1.0,1.0,0.642,0.005676112468840827,1.0,0.0,1.0,1,0
148,0,0.8400000000000001,2.0,0.0,0.28,1.225100294200512,7.0,1.0,0.0,1,1
1055,0,0.326,2.0,1.0,0.326,-1.8212836613982375,4.0,1.0,1.0,1,1
334,0,1.818,2.0,0.0,0.606,0.5077998994287855,3.0,0.0,0.0,1,0
581,0,0.172,2.0,0.0,0.172,-0.6886576439012525,2.0,1.0,0.0,1,1
1146,0,0.26,3.0,0.0,0.065,-1.36146584020371,4.0,1.0,0.0,1,1
604,0,0.18,3.0,0.0,0.045,-0.9943084008311487,2.0,0.0,0.0,1,1
1126,0,0.876,2.0,0.0,0.438,0.5795601361617101,4.0,0.0,0.0,1,0
1016,0,0.136,3.0,1.0,0.034,0.5077998994287855,5.0,0.0,0.0,1,1
797,0,0.188,4.0,1.0,0.094,-0.6886576439012525,5.0,1.0,0.0,1,1
829,0,0.584,4.0,0.0,0.146,1.7390537657024883,3.0,0.0,0.0,1,1
312,0,0.232,4.0,0.0,0.116,0.5077998994287855,1.0,0.0,0.0,1,1
399,1,0.792,1.0,1.0,0.198,0.5077998994287855,4.0,1.0,1.0,1,1
597,0,0.6,1.0,0.0,0.6,0.5077998994287855,1.0,0.0,0.0,1,0
857,0,0.6,2.0,1.0,0.15,-0.30874996824711326,4.0,1.0,0.0,1,1
202,0,0.795,2.0,1.0,0.265,0.7151518987276875,2.0,0.0,0.0,1,1
844,0,0.352,4.0,1.0,0.088,0.005676112468840827,1.0,0.0,0.0,1,1
275,0,0.177,2.0,1.0,0.177,-1.1686928144721258,3.0,0.0,1.0,1,1
872,0,0.076,3.0,0.0,0.019,0.5077998994287855,2.0,1.0,0.0,1,1
1041,0,0.672,3.0,0.0,0.168,0.18879396274938903,5.0,0.0,1.0,1,1
658,0,0.36,4.0,0.0,0.18,0.9013787582559993,1.0,0.0,0.0,1,1
473,0,0.356,3.0,1.0,0.089,-1.8212836613982375,2.0,0.0,0.0,1,1
83,0,1.052,2.0,0.0,0.263,0.5077998994287855,2.0,0.0,0.0,1,1
406,0,0.508,4.0,1.0,0.127,0.5077998994287855,2.0,1.0,0.0,1,1
184,1,2.368,1.0,0.0,0.592,0.005676112468840827,2.0,1.0,0.0,1,0
976,0,0.296,1.0,0.0,0.148,-1.8212836613982375,5.0,0.0,1.0,1,1
540,0,0.562,1.0,0.0,0.562,-0.6886576439012525,3.0,0.0,1.0,1,0
260,0,0.252,3.0,0.0,0.126,-0.6886576439012525,3.0,0.0,0.0,1,1
306,0,0.298,4.0,1.0,0.149,0.9013787582559993,2.0,0.0,0.0,1,1
170,1,2.624,1.0,0.0,0.656,-0.30874996824711326,0.0,0.0,0.0,0,0
319,0,0.065,1.0,0.0,0.065,-0.30874996824711326,2.0,0.0,0.0,1,1
757,0,1.6470000000000002,2.0,0.0,0.549,-0.30874996824711326,1.0,1.0,1.0,1,0
626,0,0.324,3.0,0.0,0.162,-1.8212836613982375,1.0,0.0,0.0,1,1
284,0,0.8,4.0,0.0,0.2,0.5077998994287855,1.0,1.0,0.0,1,1
681,1,0.904,1.0,1.0,0.226,-0.6886576439012525,2.0,0.0,1.0,1,1
193,0,0.488,4.0,1.0,0.244,-1.8212836613982375,2.0,0.0,1.0,1,1
886,0,0.572,4.0,0.0,0.143,0.5077998994287855,4.0,1.0,0.0,1,1
531,0,1.35,1.0,0.0,0.675,-0.30874996824711326,1.0,0.0,0.0,1,0
895,1,0.18,1.0,1.0,0.06,1.225100294200512,4.0,0.0,0.0,1,1
1,0,1.2,2.0,0.0,0.6,1.7390537657024883,0.0,0.0,1.0,0,0
1223,1,2.632,1.0,1.0,0.658,1.3214199802463735,4.0,0.0,0.0,1,0
831,1,2.304,1.0,0.0,0.576,0.005676112468840827,1.0,0.0,0.0,1,0
407,0,0.464,3.0,0.0,0.116,-0.30874996824711326,3.0,0.0,1.0,1,1
1199,1,2.092,1.0,0.0,0.523,-0.8351079042254117,3.0,0.0,0.0,1,0
467,0,0.399,3.0,1.0,0.133,1.7390537657024883,4.0,0.0,1.0,1,1
999,0,0.789,3.0,0.0,0.263,1.6234583934518967,3.0,1.0,0.0,1,1
846,0,1.174,1.0,1.0,0.587,0.005676112468840827,2.0,0.0,0.0,1,0
680,0,0.275,2.0,1.0,0.275,-1.8212836613982375,3.0,0.0,0.0,1,1
1175,0,0.36,1.0,1.0,0.18,0.09952496559083607,2.0,0.0,0.0,1,0
977,0,0.448,4.0,0.0,0.112,0.005676112468840827,2.0,0.0,0.0,1,1
493,0,0.656,4.0,0.0,0.164,-1.8212836613982375,3.0,0.0,1.0,1,1
455,1,0.528,1.0,1.0,0.132,0.5077998994287855,7.0,0.0,0.0,1,1
722,0,2.732,2.0,0.0,0.683,-0.6886576439012525,1.0,0.0,0.0,1,0
1214,0,2.6,2.0,1.0,0.65,1.123426832565637,1.0,0.0,0.0,1,0
189,0,0.295,4.0,0.0,0.295,0.005676112468840827,3.0,0.0,0.0,1,1
453,0,0.232,2.0,1.0,0.058,0.5077998994287855,3.0,0.0,0.0,1,1
1064,1,1.6260000000000001,1.0,0.0,0.542,2.04757456479275,2.0,0.0,0.0,1,0
1120,0,0.424,4.0,0.0,0.106,1.5832446537601637,0.0,0.0,1.0,0,1
548,0,2.236,4.0,0.0,0.559,-0.6886576439012525,2.0,0.0,1.0,1,0
1067,1,0.9359999999999999,1.0,0.0,0.312,1.1749697199222144,3.0,0.0,0.0,1,0
1187,0,0.896,2.0,0.0,0.224,0.18879396274938903,2.0,0.0,1.0,1,1
431,0,1.286,1.0,0.0,0.643,0.5077998994287855,2.0,0.0,0.0,1,0
494,0,0.471,2.0,0.0,0.157,-0.6886576439012525,5.0,1.0,0.0,1,1
503,0,2.224,2.0,0.0,0.556,0.5077998994287855,1.0,1.0,1.0,1,0
759,0,1.988,2.0,0.0,0.497,-0.6886576439012525,0.0,1.0,0.0,0,0
791,0,0.18,2.0,1.0,0.06,0.5077998994287855,3.0,0.0,0.0,1,1
1022,0,0.256,3.0,1.0,0.256,0.3552406133889341,2.0,1.0,0.0,1,1
1190,0,0.24,4.0,0.0,0.06,-1.8212836613982375,1.0,1.0,0.0,1,1
472,1,2.188,1.0,0.0,0.547,-1.1686928144721258,0.0,0.0,0.0,0,0
542,0,2.164,2.0,0.0,0.541,0.9013787582559993,0.0,0.0,0.0,0,0
880,0,0.126,4.0,1.0,0.042,0.5077998994287855,4.0,0.0,0.0,1,1
109,0,0.11,3.0,0.0,0.11,-0.4268329703874624,3.0,0.0,0.0,1,1
1029,0,2.348,2.0,0.0,0.587,0.43310987583755095,5.0,0.0,0.0,1,0
482,1,0.428,1.0,0.0,0.107,0.9013787582559993,3.0,0.0,0.0,1,1
1236,1,2.208,1.0,0.0,0.552,1.225100294200512,1.0,0.0,1.0,1,0
683,0,0.66,4.0,1.0,0.22,0.5077998994287855,2.0,1.0,1.0,1,1
92,1,2.252,1.0,1.0,0.563,-0.6886576439012525,2.0,1.0,1.0,1,0
955,0,0.304,2.0,0.0,0.076,0.5077998994287855,6.0,1.0,1.0,1,1
984,0,0.274,4.0,1.0,0.137,0.5077998994287855,4.0,1.0,0.0,1,1
228,0,2.664,2.0,1.0,0.666,-1.1686928144721258,2.0,0.0,1.0,1,0
488,0,0.29100000000000004,2.0,1.0,0.097,-0.9943084008311487,3.0,0.0,0.0,1,1
1043,0,0.228,4.0,1.0,0.114,0.7793567847297881,1.0,0.0,0.0,1,1
316,0,0.186,4.0,0.0,0.093,-0.6886576439012525,1.0,0.0,0.0,1,1
1169,0,0.29400000000000004,2.0,1.0,0.098,-0.1978280378786082,1.0,1.0,0.0,1,1
777,1,0.416,1.0,0.0,0.104,0.005676112468840827,2.0,0.0,1.0,1,1
966,1,2.148,1.0,0.0,0.537,0.7151518987276875,3.0,1.0,1.0,1,0
633,0,1.1,1.0,1.0,0.55,-1.1686928144721258,1.0,0.0,0.0,1,0
1045,0,0.576,3.0,1.0,0.144,0.3552406133889341,4.0,1.0,0.0,1,1
1047,0,1.212,3.0,0.0,0.606,0.09952496559083607,2.0,0.0,0.0,1,0
104,0,0.162,4.0,1.0,0.081,-0.6886576439012525,3.0,0.0,0.0,1,1
775,0,2.52,2.0,0.0,0.63,0.5077998994287855,3.0,0.0,0.0,1,0
65,0,0.488,2.0,1.0,0.122,0.7151518987276875,1.0,0.0,0.0,1,1
839,0,0.276,2.0,1.0,0.069,0.5077998994287855,4.0,1.0,1.0,1,1
953,1,1.424,1.0,1.0,0.356,1.225100294200512,5.0,0.0,0.0,1,0
256,0,0.352,2.0,1.0,0.088,0.5077998994287855,5.0,1.0,1.0,1,1
841,0,0.44099999999999995,4.0,1.0,0.147,0.273909379231814,1.0,0.0,0.0,1,1
28,0,0.33,2.0,0.0,0.11,-1.576967748310076,0.0,0.0,1.0,0,1
686,0,0.452,2.0,0.0,0.113,-0.9943084008311487,0.0,1.0,1.0,0,1
420,0,0.132,2.0,1.0,0.066,-0.30874996824711326,6.0,0.0,0.0,1,1
1230,0,0.756,4.0,1.0,0.189,0.3552406133889341,1.0,1.0,0.0,1,1
551,0,0.426,2.0,1.0,0.213,-1.8212836613982375,3.0,0.0,1.0,1,1
776,0,0.7,4.0,1.0,0.175,1.225100294200512,3.0,1.0,0.0,1,1
432,0,0.184,4.0,0.0,0.046,-1.8212836613982375,2.0,1.0,0.0,1,1
931,0,2.432,3.0,0.0,0.608,-1.1686928144721258,0.0,0.0,1.0,0,0
599,0,0.189,2.0,1.0,0.189,0.5077998994287855,1.0,0.0,0.0,1,1
59,1,2.052,1.0,0.0,0.513,1.225100294200512,1.0,1.0,0.0,1,0
916,0,0.108,4.0,1.0,0.108,0.005676112468840827,2.0,0.0,0.0,1,1
619,0,0.568,3.0,1.0,0.142,-0.6886576439012525,2.0,0.0,0.0,1,1
75,1,0.416,1.0,0.0,0.104,-0.6886576439012525,1.0,1.0,0.0,1,1
630,0,0.36,2.0,0.0,0.18,0.5077998994287855,5.0,0.0,1.0,1,1
589,1,1.578,1.0,0.0,0.526,-0.6886576439012525,0.0,1.0,0.0,0,0
435,0,1.334,1.0,0.0,0.667,-0.6886576439012525,2.0,0.0,1.0,1,0
840,1,2.036,1.0,0.0,0.509,1.225100294200512,2.0,0.0,0.0,1,0
1191,0,0.396,4.0,0.0,0.099,-1.8212836613982375,7.0,0.0,0.0,1,1
562,0,0.34,1.0,0.0,0.17,-1.8212836613982375,0.0,0.0,1.0,0,1
58,0,0.357,4.0,0.0,0.119,0.005676112468840827,4.0,0.0,0.0,1,1
278,0,0.535,2.0,1.0,0.535,-1.8212836613982375,2.0,0.0,0.0,1,0
985,0,0.364,3.0,0.0,0.091,-0.30874996824711326,5.0,1.0,0.0,1,1
939,0,0.042,2.0,1.0,0.021,0.5077998994287855,2.0,1.0,0.0,1,1
732,0,0.2,2.0,0.0,0.05,-1.36146584020371,3.0,0.0,1.0,1,1
460,0,0.234,4.0,0.0,0.234,1.225100294200512,2.0,0.0,0.0,1,1
44,1,1.816,1.0,0.0,0.454,1.7390537657024883,1.0,1.0,0.0,1,0
998,1,2.58,1.0,0.0,0.645,1.6234583934518967,1.0,0.0,1.0,1,0
164,0,0.212,4.0,1.0,0.053,1.225100294200512,3.0,0.0,0.0,1,1
296,0,0.048,2.0,1.0,0.048,-0.6886576439012525,0.0,0.0,0.0,0,1
519,0,0.4,4.0,1.0,0.1,-1.8212836613982375,5.0,1.0,1.0,1,1
778,0,0.68,3.0,1.0,0.17,1.225100294200512,7.0,1.0,0.0,1,1
586,0,0.146,1.0,0.0,0.073,-1.1686928144721258,2.0,1.0,0.0,1,1
378,0,1.96,2.0,0.0,0.49,1.225100294200512,1.0,0.0,0.0,1,0
1138,0,1.892,2.0,0.0,0.473,-0.8351079042254117,1.0,0.0,0.0,1,0
308,1,2.52,1.0,0.0,0.63,0.005676112468840827,2.0,0.0,0.0,1,0
878,1,1.533,1.0,0.0,0.511,-1.1686928144721258,1.0,0.0,0.0,1,0
761,1,1.948,1.0,0.0,0.487,0.005676112468840827,2.0,1.0,0.0,1,0
520,0,0.654,2.0,1.0,0.218,0.5077998994287855,1.0,1.0,0.0,1,1
524,0,0.696,4.0,0.0,0.174,0.005676112468840827,0.0,0.0,1.0,0,1
596,0,2.588,2.0,0.0,0.647,0.5077998994287855,0.0,0.0,0.0,0,0
944,0,0.456,2.0,0.0,0.114,-0.30874996824711326,9.0,0.0,0.0,1,1
1215,0,0.16,3.0,0.0,0.08,-1.8212836613982375,2.0,1.0,0.0,1,1
809,0,1.112,1.0,0.0,0.556,-0.30874996824711326,0.0,0.0,0.0,0,0
876,1,0.45299999999999996,1.0,0.0,0.151,0.005676112468840827,4.0,0.0,1.0,1,1
54,1,1.74,1.0,0.0,0.435,1.225100294200512,1.0,0.0,0.0,1,0
1093,1,2.22,1.0,0.0,0.555,1.1749697199222144,2.0,0.0,0.0,1,0
86,0,0.768,4.0,0.0,0.192,0.005676112468840827,3.0,1.0,0.0,1,1
914,1,1.948,1.0,0.0,0.487,0.5077998994287855,0.0,0.0,0.0,0,0
119,0,0.186,4.0,0.0,0.062,-0.6886576439012525,3.0,1.0,0.0,1,1
430,0,0.045,4.0,1.0,0.045,-2.1033256842883743,4.0,0.0,0.0,1,1
920,0,0.632,4.0,1.0,0.158,0.005676112468840827,2.0,1.0,0.0,1,1
366,0,0.5189999999999999,2.0,1.0,0.173,0.005676112468840827,4.0,1.0,0.0,1,1
1122,0,0.164,4.0,1.0,0.082,-2.1033256842883743,1.0,1.0,1.0,1,1
176,0,0.2,1.0,0.0,0.1,-0.6886576439012525,4.0,0.0,0.0,1,1
16,0,0.848,2.0,1.0,0.212,0.5077998994287855,1.0,1.0,1.0,1,1
444,0,1.062,1.0,0.0,0.531,1.7390537657024883,4.0,1.0,0.0,1,0
32,0,0.454,3.0,0.0,0.227,0.005676112468840827,2.0,0.0,0.0,1,1
486,0,0.12,2.0,1.0,0.06,-0.6886576439012525,2.0,0.0,1.0,1,1
754,1,2.124,1.0,1.0,0.531,-0.6886576439012525,3.0,0.0,0.0,1,0
854,0,0.226,3.0,1.0,0.113,1.225100294200512,2.0,0.0,0.0,1,1
635,0,0.232,4.0,1.0,0.058,-0.6886576439012525,4.0,0.0,0.0,1,1
603,0,2.496,2.0,1.0,0.624,1.225100294200512,3.0,0.0,0.0,1,0
1095,1,2.408,1.0,0.0,0.602,1.983369678790651,1.0,0.0,0.0,1,0
1006,0,0.788,4.0,1.0,0.197,-0.9943084008311487,6.0,0.0,1.0,1,1
240,0,1.968,2.0,0.0,0.492,0.5077998994287855,2.0,0.0,0.0,1,0
