edad,fecha_registro,ingresos,antiguedad_cliente,num_productos,balance,transacciones_mes,credito_score,genero,estado_civil,region,churn
56,2022-06-05,20000.0,4,3,11715.335044629675,19,667.9899523649916,F,Soltero,Sur,0
69,2021-08-29,54069.27271734446,3,1,11542.250541657573,19,459.49304500897904,F,Soltero,Sur,0
46,2021-07-08,34872.98509431393,14,3,6668.578997450466,13,563.1925891468011,M,Casado,Oeste,0
32,2021-07-12,21554.925808046515,3,1,9111.530114432999,12,589.3525443886099,F,Casado,Oeste,1
60,2022-05-10,37068.54231514947,19,1,6701.9886574038355,11,710.1751050771638,M,Divorciado,Oeste,0
25,2022-08-03,28369.0399277121,9,5,6475.657730922548,12,733.3409012392713,F,Casado,Oeste,0
38,2021-10-21,83742.83270145129,2,3,1350.5108413657654,13,694.3944434059803,M,Casado,Este,0
56,2023-11-15,67632.79513898901,4,4,8845.448731592223,21,661.7406617112622,M,Divorciado,Este,0
36,2020-05-02,49840.547173667655,5,3,1488.9336695999427,13,662.0898251651253,M,Divorciado,Este,0
40,2021-05-21,79598.88277780052,7,5,7685.921568302445,24,771.6045749040494,M,Divorciado,Oeste,0
28,2021-09-03,51547.36615295237,6,1,6936.5267706119575,12,721.2819846883053,M,Divorciado,Oeste,0
28,2020-01-25,32774.31597343473,9,5,15259.475286328023,13,666.6054403694637,F,Soltero,Sur,0
41,2021-06-16,80462.48154539315,5,2,4925.325968451792,19,829.3299495241258,M,Divorciado,Norte,0
53,2021-02-03,60778.200873693175,13,2,6194.068075927622,17,850.0,M,Divorciado,Sur,0
57,2022-01-08,29255.07691347087,3,4,8092.379304042138,11,575.425754976633,M,Casado,Este,0
41,2021-05-06,46193.22643832784,12,5,7099.2817424861205,15,752.2510070210511,M,Casado,Sur,0
20,2022-11-26,32487.634932304856,19,4,16846.27398710938,24,850.0,F,Casado,Oeste,0
39,2022-01-14,22344.00538071328,16,4,4307.163134751902,20,728.0205541050194,F,Soltero,Este,0
19,2020-07-08,68523.55095063282,6,2,8102.97750507079,20,711.5442636164277,M,Divorciado,Este,0
41,2022-12-31,88188.33280940261,3,4,11660.326245822032,15,694.4266060106387,M,Divorciado,Norte,0
61,2020-05-24,22028.648523617176,13,2,14405.916715210034,22,749.0181517490741,M,Soltero,Norte,0
47,2023-05-10,61259.384733811414,2,1,8098.792220348983,11,775.4899166549883,M,Divorciado,Este,0
55,2023-09-21,36987.14861756346,4,5,409.5019974810384,12,575.5233125830817,F,Casado,Este,0
19,2021-04-15,40257.49232470608,15,4,9249.478892072477,14,697.3516371711171,F,Soltero,Sur,0
38,2023-09-14,38152.121515222614,19,2,16760.142380903573,10,473.05021355025906,M,Divorciado,Este,0
50,2023-03-03,32720.18460640368,3,3,11410.937037152135,11,679.06833833785,M,Soltero,Oeste,0
29,2023-09-08,50970.43255889654,1,4,11182.089311799664,15,609.7311406177927,M,Soltero,Sur,1
39,2022-08-30,33380.997671779245,17,1,4684.910042115017,18,733.9177579135484,M,Divorciado,Oeste,0
61,2020-12-10,55409.13651559678,18,1,4171.642048556676,10,534.3619472858975,M,Casado,Oeste,0
42,2023-07-30,48995.23781101726,18,3,10090.208243170497,9,648.7682689540906,F,Divorciado,Oeste,0
66,2020-09-26,45221.03906267181,16,2,2868.1053885929605,14,796.6544250520612,F,Divorciado,Este,0
44,2020-11-07,31848.726759168043,13,4,13906.811111812553,24,632.3666848555749,M,Casado,Norte,0
59,2021-01-30,38464.57338863335,18,2,5766.768755668189,6,509.5064222582114,F,Divorciado,Norte,1
45,2021-03-20,65107.82451651512,12,1,9876.713596342532,14,725.7533153128984,F,Divorciado,Oeste,0
33,2022-01-21,60018.34375248761,11,2,571.1654062287889,10,641.3471006907364,F,Divorciado,Este,0
32,2022-11-07,30448.89510402898,5,1,8030.990657782467,14,681.4114563927103,M,Soltero,Sur,0
64,2023-09-14,51986.646108584515,3,2,4070.6972643489844,13,627.0130413537407,F,Soltero,Oeste,0
68,2020-05-09,65027.74246743578,18,3,-1609.7820867090522,11,850.0,F,Soltero,Sur,0
61,2023-10-25,20000.0,15,5,12709.210446681587,21,544.1927264146486,M,Divorciado,Sur,0
69,2023-09-07,60867.2038475987,12,3,18205.797695457866,19,850.0,F,Casado,Este,0
20,2020-03-19,36747.52482108307,3,3,15647.367946719733,13,660.9363469248648,M,Soltero,Este,0
54,2021-06-10,61411.97337186319,16,5,13408.453449519024,17,718.3446576218136,F,Casado,Norte,0
68,2023-04-02,34734.81686914966,0,5,7929.394160272272,10,642.5203582395516,M,Divorciado,Norte,0
24,2022-06-11,20000.0,17,4,14029.45114273913,19,638.3366440144546,M,Soltero,Este,0
38,2023-02-11,20000.0,19,4,16119.26599286864,10,621.5170096567367,F,Divorciado,Oeste,0
26,2022-11-15,50961.69893322764,16,3,10684.109148356467,12,760.1257962043636,F,Casado,Norte,0
56,2021-12-26,55194.45003442964,14,3,4078.199138439886,17,558.9200306372944,M,Soltero,Sur,0
35,2020-03-01,31913.66749791183,10,1,7503.078507043145,17,736.4108544242669,M,Soltero,Oeste,0
21,2022-05-03,62771.84917554748,12,1,18513.48244173968,19,481.5507264948191,F,Soltero,Sur,0
42,2020-03-11,20000.0,0,4,9626.279159249169,15,727.3528771141764,F,Soltero,Este,1
31,2022-05-31,48678.40402705367,16,4,-6623.7785995554805,11,784.9142605932191,F,Casado,Sur,0
67,2023-03-14,25779.676004750865,5,1,2655.382681649032,20,572.5480892692631,F,Soltero,Oeste,0
26,2022-05-04,36963.27784395682,3,1,7877.756484287593,17,767.8742601718744,M,Divorciado,Este,1
43,2023-12-26,50947.97342632828,19,2,15179.126192087842,17,705.1385410624322,M,Soltero,Oeste,0
19,2021-10-27,32791.73269432095,15,2,8634.38823796544,7,850.0,M,Casado,Sur,0
37,2022-12-29,42308.88911540349,14,1,15272.158274866302,12,614.4793617688911,F,Soltero,Oeste,0
45,2022-09-01,70125.85618428882,14,2,7369.188232262554,8,850.0,F,Casado,Este,0
64,2023-12-18,38462.16260953702,5,5,178.53738882193466,12,460.92178456747627,M,Casado,Sur,0
24,2022-11-07,66713.84224130283,14,4,7542.194207009577,21,667.0496199363874,M,Divorciado,Sur,1
61,2020-08-27,27405.862906847637,13,4,11724.725007731426,15,530.1430289377067,M,Soltero,Norte,0
25,2023-10-27,60596.083558305654,10,1,11309.751746706566,13,850.0,M,Soltero,Norte,1
64,2022-09-01,78831.37241315801,6,3,3724.4612537168223,11,673.8299006184163,M,Soltero,Oeste,0
52,2020-03-27,20000.0,8,1,8244.018990981174,15,682.8314922630717,M,Divorciado,Norte,0
31,2022-08-18,34062.094890590466,15,2,23423.371190320366,16,744.3238098085213,F,Divorciado,Norte,0
34,2023-07-13,61541.4425436108,4,3,3833.655868515616,11,699.5194813672713,M,Casado,Norte,0
53,2022-04-22,45939.092279140146,19,2,13303.616972318745,21,640.6238443598666,M,Casado,Norte,0
67,2021-05-31,57422.917467426174,9,5,-483.37849284897857,13,574.3352749370952,M,Casado,Este,0
57,2023-04-13,37920.29626568359,17,2,14318.95912284831,18,716.851340233343,M,Divorciado,Este,0
21,2023-02-16,51731.795749458,2,5,5538.373049057766,20,737.8833632689478,M,Divorciado,Norte,0
19,2022-03-05,46886.45529215841,12,5,12010.4412910147,12,769.5377236401729,M,Divorciado,Oeste,0
23,2020-08-13,73355.64123319615,10,2,3542.3719911589933,12,850.0,M,Casado,Este,0
59,2021-01-01,55088.416866024265,16,2,11454.264000883535,22,482.6231095586008,F,Divorciado,Norte,0
21,2022-12-14,56752.05324150404,12,5,5456.7485212928095,14,693.2282802647295,M,Casado,Este,0
46,2023-03-22,41762.460677550655,5,3,6424.759085166874,13,819.1737835821427,F,Casado,Sur,0
35,2021-02-11,40247.87551855013,16,5,12209.930031975153,16,687.5477575561135,F,Soltero,Este,0
43,2021-06-21,41348.836243607584,12,4,7848.0726180149195,19,466.182754630673,F,Soltero,Este,0
61,2020-04-23,57889.042847565936,18,5,11901.907241081557,14,570.8960425150079,M,Soltero,Oeste,0
51,2022-11-07,41580.31038359474,18,3,9045.793406783247,13,732.8569849677319,M,Casado,Este,0
27,2020-01-06,55795.49713792826,9,4,10337.468406236376,23,729.2197294883341,M,Soltero,Oeste,0
53,2020-03-08,91508.01597290878,2,1,12225.432356767007,20,767.251969834102,M,Soltero,Sur,0
31,2020-01-07,67422.49406863385,13,1,8249.907727044296,17,621.8991056451816,M,Soltero,Norte,0
48,2022-07-31,43479.52935664318,18,3,5019.75106999113,18,725.9883234919298,M,Divorciado,Oeste,0
65,2021-09-01,74024.27844327889,4,5,7338.43867035105,17,605.4136692103675,M,Casado,Este,0
32,2021-03-10,41838.49253956897,4,2,15975.695899167178,18,725.9957993643691,M,Soltero,Este,0
25,2023-08-25,20000.0,19,3,10580.865420382748,11,705.321219710354,M,Divorciado,Oeste,0
31,2020-10-08,29838.27378165192,16,4,5775.507732947632,18,617.9139979837096,M,Divorciado,Sur,0
40,2021-07-22,20000.0,9,4,12007.803041938594,14,850.0,F,Divorciado,Norte,0
57,2023-10-04,42969.730319173825,4,1,12341.577924695692,21,529.4364049837613,M,Soltero,Este,0
38,2021-09-15,50368.367583791034,3,4,12599.995378989053,17,685.8379016989472,M,Divorciado,Sur,0
33,2022-03-20,83528.74624550565,5,3,5110.813998143572,14,615.709443567569,M,Casado,Norte,0
62,2020-04-27,56538.54747528325,3,4,6588.045028570525,11,850.0,F,Divorciado,Norte,0
35,2023-02-27,45617.98942382271,6,3,6615.853918064942,12,759.8398007620419,M,Divorciado,Este,0
64,2021-09-09,66588.11162366979,6,2,8196.76043966904,19,635.068962462961,M,Divorciado,Oeste,0
41,2023-03-14,20000.0,17,1,12694.595925718673,10,672.0284710679628,F,Divorciado,Este,0
43,2021-01-05,54712.29116217132,2,4,11480.924023655069,16,850.0,M,Casado,Este,0
42,2021-09-08,65417.30387773934,0,3,11876.084785785813,16,605.3724368269969,F,Soltero,Este,0
62,2023-02-22,20428.27508440317,3,5,16770.095711857615,17,523.5551827769441,F,Casado,Sur,1
58,2023-11-22,72875.08086413858,5,1,13444.454662458149,21,729.1006862463814,F,Casado,Oeste,0
46,2020-03-28,56769.928149888285,8,2,9290.991875019563,13,731.364036740782,F,Soltero,Sur,0
32,2023-04-01,41694.24172198398,13,3,4080.574119737502,16,766.603457338986,M,Divorciado,Este,0
62,2021-03-15,62655.637322125694,11,2,6427.264957645649,15,767.2625760871953,F,Soltero,Oeste,0
18,2022-03-15,95413.85715608792,19,2,8691.474661608865,13,850.0,F,Soltero,Norte,1
42,2021-02-27,53637.3251011699,3,4,14145.649136680568,9,528.1862509623965,M,Casado,Oeste,0
24,2022-06-14,54964.41172600672,11,4,9863.340329469533,20,579.7196805354668,M,Soltero,Este,0
26,2021-05-31,40812.782009195114,9,3,6719.020225557784,14,766.2203333946187,M,Divorciado,Oeste,0
41,2021-05-02,33003.112610704164,6,5,6335.535571363871,17,589.4374498285559,F,Casado,Norte,0
18,2020-02-25,66606.71633088491,2,3,9652.10895539387,17,554.3412026740637,M,Divorciado,Norte,0
61,2020-08-02,32878.323481822656,13,5,14449.9378110855,11,850.0,F,Casado,Oeste,0
25,2023-08-31,51431.32474438785,9,2,17955.096528875587,13,538.0057868335713,F,Divorciado,Norte,0
41,2023-12-28,40446.851064697665,15,1,8971.157009851662,20,664.8727962889354,M,Soltero,Sur,1
28,2023-02-13,59579.596514927835,15,3,9776.28409618701,15,694.0632548768596,M,Soltero,Oeste,0
68,2021-02-22,56673.242105738966,9,3,3930.2914692130853,10,830.9136641963278,M,Soltero,Norte,0
34,2021-08-10,70750.79888515799,12,5,19695.96284549733,15,513.1196941717529,M,Divorciado,Norte,0
25,2022-12-15,39799.672022905055,5,2,2994.98580921958,16,741.5475151506249,M,Casado,Oeste,0
52,2023-11-15,44602.50129413258,11,2,15858.311558902751,14,610.9622941739922,M,Casado,Sur,0
52,2021-10-26,30424.725684353853,8,5,8173.320234937646,16,762.7611212592451,F,Casado,Oeste,0
50,2023-04-26,41114.13479847777,12,2,7003.167530798404,17,609.3192273973141,F,Soltero,Norte,0
22,2023-11-24,57546.009860897044,3,4,4449.982140570367,16,850.0,M,Divorciado,Oeste,0
59,2023-06-29,65139.772332907036,10,1,22050.243247035665,15,609.9029981573744,F,Casado,Norte,1
56,2020-11-27,31556.693516447493,19,3,11107.458116391972,15,453.80202941100833,F,Divorciado,Este,0
58,2020-01-12,67392.1184021132,17,1,10106.402185520317,19,621.1150750258698,F,Casado,Oeste,0
45,2021-12-19,77112.75717609902,10,3,14433.661797772711,8,673.8699889431105,F,Soltero,Oeste,0
24,2022-02-14,58268.69806447402,3,4,6745.836371850184,17,808.2353873162309,F,Divorciado,Norte,0
26,2020-10-20,87535.91625116131,17,2,10009.229776155029,12,574.158516943508,F,Casado,Norte,1
25,2021-02-19,34524.21601792854,0,5,10281.681434060605,22,576.1353872885925,M,Casado,Norte,0
29,2023-01-22,25106.90593377166,6,4,7439.271338259334,13,796.0577903708984,M,Casado,Norte,0
51,2021-11-17,20000.0,5,1,15998.19039592957,13,562.4774882037794,M,Casado,Oeste,0
50,2021-04-08,79920.88622978366,14,5,8906.72794252048,18,682.1016558608309,F,Soltero,Norte,0
65,2022-06-28,63087.31312708116,17,2,2234.3397331558526,15,684.1348816530988,M,Casado,Oeste,0
40,2022-08-11,48888.3065817909,10,4,8492.51318239563,12,721.7579536342962,M,Casado,Sur,0
41,2023-01-28,55599.37252639641,19,5,11245.893358569487,14,625.0151789617399,M,Soltero,Oeste,0
54,2020-08-16,27490.21905403247,14,4,5532.533830561958,12,607.3005613325437,F,Casado,Norte,0
52,2022-12-18,98915.03959233653,15,4,5927.026034147806,15,733.4894441752292,M,Divorciado,Norte,0
61,2022-05-25,52584.42363950455,6,2,7268.704809369798,10,610.4004146830214,F,Divorciado,Sur,0
57,2020-03-25,52187.895892097855,9,3,16106.178300334803,9,564.0030809880825,M,Casado,Oeste,1
39,2023-02-09,64515.33247797384,11,5,7564.209886771469,14,822.7799987851686,M,Soltero,Sur,0
44,2021-07-13,59620.184634734265,13,2,17145.585092755155,12,748.8095381379183,M,Soltero,Oeste,0
52,2021-04-27,54477.68048558263,4,4,6925.2478092583215,16,850.0,F,Soltero,Norte,0
18,2021-10-16,34190.51089109376,17,2,11625.07068128271,13,778.3967651216946,F,Casado,Oeste,1
52,2021-05-20,59429.367142719915,4,3,7768.786628901244,9,573.1856348368501,F,Casado,Norte,0
54,2021-05-08,87640.48992950068,2,5,13770.41585145236,9,709.6369240059996,F,Divorciado,Norte,0
64,2023-03-25,76908.40092309956,4,3,4408.629227173604,20,598.4371745281754,F,Soltero,Este,0
31,2020-06-30,81863.73253278794,16,1,13714.297397886157,17,534.8390403281717,M,Casado,Este,1
20,2023-11-18,39775.6864713763,18,5,10569.347001548418,16,655.2800606930017,M,Casado,Oeste,0
18,2022-03-21,30207.90359482838,18,3,6800.0409161127545,15,798.1532875299122,F,Casado,Norte,1
22,2020-09-24,47484.26159800704,11,4,9168.892576449247,12,727.4912710787507,F,Soltero,Sur,0
43,2020-07-10,51114.498245773895,8,5,17669.274705160875,22,560.9105868741228,M,Soltero,Norte,0
31,2022-05-13,71883.83036941897,0,5,10689.222524403918,15,651.7658424787263,F,Divorciado,Sur,0
56,2022-07-13,20000.0,17,2,6486.359920436806,16,685.713341465802,M,Soltero,Oeste,0
44,2020-03-18,80591.00638921227,3,4,3976.5335858594362,12,531.0887546029155,F,Casado,Oeste,0
26,2020-12-20,46839.842028420215,9,1,12527.021367154986,20,771.3172365248612,M,Divorciado,Sur,0
32,2023-03-07,41462.3786010516,6,3,10979.226235053427,15,677.1264973741248,F,Soltero,Sur,0
32,2020-03-13,29757.91249479665,0,2,13475.103475441118,13,560.9405139067942,F,Soltero,Norte,0
43,2023-06-02,20000.0,16,3,2688.8763015507884,22,555.2826406258932,M,Soltero,Oeste,0
59,2022-08-18,66463.41167923828,1,1,4138.697735542501,10,810.0663944921611,M,Soltero,Norte,0
30,2021-09-26,51466.359343768076,10,1,15734.395996259496,18,661.9186967854281,F,Casado,Sur,1
68,2021-05-20,24200.782005178924,8,5,11656.708233896703,20,819.0352028956412,F,Soltero,Este,0
49,2020-01-29,24098.42455872768,6,1,12667.004256187809,21,850.0,M,Casado,Este,0
56,2023-04-19,43284.306014197435,16,3,5186.564839460234,10,802.2448272855925,F,Casado,Este,0
66,2020-07-27,83380.43050578787,16,4,5095.064008355407,18,646.6568253382509,M,Casado,Sur,0
69,2021-03-27,44808.1729727279,1,4,14956.293290960442,13,450.2152880432719,M,Divorciado,Norte,0
49,2022-04-10,20000.0,5,5,15191.888273825745,18,731.2996304534828,F,Casado,Oeste,0
21,2020-12-25,45085.138718281116,13,3,4558.402564854731,11,850.0,M,Soltero,Sur,0
47,2021-12-26,44545.52860504659,5,3,3603.1475207357744,15,696.4609921826175,M,Divorciado,Este,0
54,2023-03-27,20000.0,1,1,9457.035146437778,10,501.0184481200853,F,Soltero,Norte,1
40,2021-11-17,48914.102669643755,0,3,6003.257733119968,18,632.5121503569883,M,Casado,Oeste,0
56,2023-10-17,45381.30939582644,9,2,5899.115604769872,16,681.6266725233195,M,Soltero,Oeste,0
62,2023-05-22,63924.127296268365,4,1,3743.1087678630374,9,590.2011432580202,M,Divorciado,Sur,0
32,2021-05-01,86979.1218989069,1,2,7657.830758598166,21,443.6046032020111,M,Divorciado,Sur,1
60,2021-08-06,72531.30059095514,15,5,4226.52628683567,19,690.2149229784875,F,Soltero,Oeste,0
46,2021-09-10,44622.22618890339,1,4,4522.995484953817,22,621.5123753642373,M,Soltero,Oeste,0
53,2022-07-03,27869.481825166593,9,5,11491.959232831523,23,850.0,F,Soltero,Este,0
30,2021-02-22,101467.1960649972,1,4,9724.008828563117,12,710.1033487982796,M,Divorciado,Oeste,0
49,2023-11-16,51184.368680289765,15,5,12424.39340766066,17,746.9578896898391,F,Casado,Sur,0
24,2022-06-07,50278.58583825892,15,3,1754.8328232534677,22,688.091385650394,M,Soltero,Norte,0
68,2021-08-06,49517.49825779993,18,2,10049.403049148816,7,709.3733303173854,F,Casado,Este,0
39,2022-07-30,53961.6952153571,6,4,20378.18771082919,12,534.7700711637856,M,Divorciado,Este,1
45,2021-07-31,47112.79176152115,11,1,8138.637578572005,13,595.9833694778711,M,Soltero,Oeste,0
19,2023-04-08,38526.75986239527,14,2,14123.74503286149,14,808.8614701319352,M,Soltero,Norte,0
59,2022-04-09,39062.821175192155,7,1,14080.034243872116,11,720.9461969730197,M,Divorciado,Este,0
62,2020-03-02,49344.93459568003,5,2,14325.993040006379,18,660.1493082117486,F,Soltero,Sur,0
23,2020-09-15,39131.5045773247,9,2,10833.308435286614,16,748.6171241465873,F,Casado,Oeste,0
45,2023-06-16,35743.084346456715,2,5,12830.429913721071,18,750.5861909840594,M,Divorciado,Sur,0
45,2022-04-01,52128.60455383794,18,4,13495.068100065027,7,850.0,F,Divorciado,Oeste,0
61,2023-10-19,44900.455651582895,16,4,13177.230141571788,15,716.3066343885578,M,Soltero,Este,0
61,2020-04-15,80079.85977165378,6,2,4412.909132433019,13,593.7492424489699,M,Divorciado,Oeste,0
37,2021-03-07,20000.0,19,3,1463.077587280066,7,688.4303517084332,F,Soltero,Norte,0
47,2020-10-09,71830.13703844923,3,3,2232.082282925964,20,760.7565627121377,F,Soltero,Sur,0
28,2022-03-19,74921.70384995258,13,1,8649.200038086681,16,799.5659011428702,F,Divorciado,Norte,0
45,2021-07-12,20000.0,19,1,12969.633672113221,14,538.4968127872121,M,Soltero,Sur,0
42,2020-08-17,43146.24811839302,14,5,4477.943612442077,14,725.3706719491813,M,Casado,Sur,0
56,2022-07-27,42571.18268008417,7,2,14619.85229292202,17,610.2745072501883,F,Casado,Oeste,0
50,2022-02-21,21849.766105643575,14,1,7488.624127460569,14,643.3368075380558,M,Soltero,Este,0
18,2021-02-05,34443.66624818249,19,1,7536.223944029605,21,784.5839624243392,F,Casado,Este,0
44,2021-12-01,27788.483090683425,13,2,5819.465020601998,16,774.6248539431899,F,Soltero,Norte,0
69,2022-12-24,85045.40886847246,8,5,576.0682049186325,20,632.1847538802441,F,Casado,Oeste,0
30,2020-10-26,68713.56786294922,7,1,11146.570642173236,15,684.2157978959917,F,Divorciado,Este,0
58,2021-03-03,75431.10189988317,16,5,18563.338564192847,15,646.3918204879146,F,Soltero,Sur,0
20,2021-05-20,64433.4412808647,1,4,9686.677382337182,16,850.0,F,Soltero,Sur,0
56,2022-12-26,27418.964575655416,2,5,746.8417915257378,20,727.8358166445363,M,Soltero,Oeste,0
23,2023-05-21,39509.59467440453,7,3,13901.71405808223,19,616.051840872721,M,Soltero,Norte,0
25,2021-07-03,59787.49122455836,11,3,1876.010049485054,15,832.2167146221126,F,Soltero,Oeste,0
44,2021-03-09,25557.44382216109,0,5,3954.8280150540722,15,835.7461365683299,F,Soltero,Norte,0
26,2023-07-22,64259.96860344776,9,3,8808.309138432145,13,850.0,F,Divorciado,Oeste,0
54,2023-12-30,45193.4920368373,19,4,10614.21719270099,10,850.0,M,Divorciado,Sur,0
50,2022-09-05,42503.58384900805,2,2,4956.679994165858,18,770.7714882866129,F,Casado,Oeste,0
68,2023-12-16,64219.19936406983,5,3,8613.419717170098,12,665.0148256221872,F,Soltero,Este,0
59,2022-08-21,58885.26622972079,6,3,13575.812003803423,13,679.7383232395681,F,Casado,Este,0
61,2022-12-06,42780.6766836184,19,5,14260.894424040092,15,670.7924698393457,M,Casado,Oeste,0
41,2021-07-21,73186.59606728496,17,4,16257.282109071322,21,659.6244632820974,F,Divorciado,Norte,0
32,2021-09-24,28378.733448002055,10,2,19547.093261467468,6,823.9936807288591,M,Casado,Norte,0
49,2020-07-29,62318.712138885276,18,5,14049.446608305583,18,700.0720906935976,M,Divorciado,Sur,0
49,2023-04-16,61862.02515936767,4,5,8916.317427978798,11,797.1421864816206,F,Casado,Sur,0
41,2023-09-21,43809.07121372019,18,4,14296.568955614863,10,767.651655478099,M,Soltero,Norte,0
58,2022-06-29,56522.66044484236,10,2,12333.581170025911,16,590.1345036877916,M,Casado,Oeste,0
69,2021-05-16,24977.72847229394,11,4,12531.834887631272,21,528.2823330137717,M,Divorciado,Sur,0
66,2020-08-12,68480.54038413802,9,2,10886.093925358427,15,576.3337033314936,F,Divorciado,Norte,0
66,2021-01-22,46301.95727114022,7,4,5439.729489230468,14,657.3293632269211,M,Divorciado,Norte,0
69,2021-01-07,39545.539589619206,8,5,4859.517960890349,21,713.4328100267875,F,Casado,Oeste,0
29,2022-06-14,70980.18451673779,3,5,9514.408994624288,25,635.1699672655616,F,Casado,Este,0
56,2023-10-11,35913.126189144816,4,1,10744.55037923186,14,770.3065146741102,F,Divorciado,Norte,0
19,2020-03-11,21830.774072728807,7,3,6602.795385341435,24,647.231480558304,M,Soltero,Sur,0
20,2020-01-02,20000.0,8,4,12116.709743042877,16,725.6957438183945,F,Soltero,Oeste,0
66,2022-05-26,62120.19902691279,14,1,20403.829520195948,12,711.7581680661887,M,Casado,Oeste,0
54,2021-02-18,24391.412950074337,14,3,1278.3464036087116,16,850.0,M,Casado,Oeste,0
66,2023-07-09,85095.8836396873,15,4,12911.222387818803,10,602.4759074899728,M,Divorciado,Este,0
34,2021-04-22,20000.0,13,2,9670.126895545949,15,850.0,M,Casado,Este,0
66,2021-02-27,83929.12736580076,7,3,12253.277776673274,13,640.5650147260395,F,Casado,Sur,0
19,2021-01-28,54220.34934405237,17,5,7846.426497698544,13,565.994310963919,F,Divorciado,Sur,0
19,2020-07-30,48065.73776259215,9,1,9269.700574764165,23,678.3085009573463,M,Divorciado,Oeste,1
45,2022-04-29,39101.618263821,19,3,10647.502255040496,23,850.0,F,Casado,Sur,0
40,2020-09-02,57982.72228704142,5,3,8491.830582323697,15,789.5205235018625,F,Soltero,Norte,0
54,2021-09-11,49247.30595150303,11,5,2397.2934131505062,12,760.2964103441261,F,Casado,Este,0
49,2021-11-04,72066.03764033043,1,4,8830.424846777734,17,779.5186861641521,M,Soltero,Oeste,0
50,2020-01-30,52284.552973240796,6,2,2917.83185901903,15,623.0406535497693,F,Soltero,Oeste,0
18,2020-01-25,53006.035229237554,15,5,13265.965552901547,14,732.6044376365859,M,Soltero,Norte,0
36,2022-01-29,42727.75575572289,2,2,672.2744946093881,15,700.2502300317122,F,Divorciado,Norte,0
19,2022-10-13,48861.08752557865,12,4,15143.27189727945,12,850.0,M,Divorciado,Norte,0
61,2023-10-07,56156.03537784118,2,3,12147.815001017398,17,689.1312283413348,M,Divorciado,Norte,0
43,2020-09-18,20000.0,17,2,12166.943078669474,13,662.1723455422591,M,Casado,Oeste,0
49,2020-05-30,23036.29155788574,10,1,-821.5493392391982,11,583.5200602630878,F,Divorciado,Este,0
23,2020-03-17,64865.2818804543,7,1,8357.002809542219,13,714.0014486875615,M,Divorciado,Este,0
49,2021-09-28,53417.30876255884,5,5,15767.8171432993,18,729.2951833518835,F,Casado,Norte,0
21,2022-06-28,46320.33327294642,0,4,7406.960104848527,19,579.8411811859482,M,Casado,Sur,0
28,2023-05-12,50368.678661307866,0,5,4609.689250181429,13,745.3163604060576,F,Soltero,Oeste,1
34,2022-09-23,56951.63410723342,7,5,6816.649524971439,12,723.3179523794859,M,Casado,Este,0
55,2020-10-31,39204.806393812774,4,5,9658.61188680331,15,801.3445759883764,F,Casado,Norte,0
41,2021-11-05,34433.905491953745,15,1,5743.147748435945,15,821.2368117901904,M,Divorciado,Sur,0
22,2023-08-22,53916.90510195363,10,1,16169.08616044647,20,709.4279293614279,M,Soltero,Sur,0
69,2021-04-22,30432.544447699358,4,5,9676.662350048038,16,596.3635115867904,M,Soltero,Norte,0
51,2021-12-29,58165.05511428944,3,1,7222.153260260358,16,616.9378419455355,F,Casado,Oeste,0
23,2023-10-31,20000.0,5,4,3493.282365822103,13,850.0,M,Divorciado,Este,0
39,2022-12-08,70583.11274651287,13,5,12422.23302639469,14,716.548939312256,M,Divorciado,Sur,0
28,2022-12-27,59451.94964826086,18,1,12308.331473556816,20,850.0,M,Divorciado,Este,0
65,2021-01-03,55120.594686277516,8,2,6038.955469076541,12,749.860481848723,M,Divorciado,Este,0
33,2021-08-28,69653.81967891028,11,5,-1181.645141570727,14,775.3735637178448,F,Casado,Sur,0
50,2020-04-30,83309.48888925153,10,5,12053.810947879421,15,793.8723616238159,M,Divorciado,Norte,0
26,2022-06-04,70287.4013003626,13,4,9065.983043694989,12,577.6861185590577,M,Soltero,Sur,0
23,2020-05-31,20000.0,15,3,11680.355839628344,7,730.6950750112526,F,Soltero,Sur,0
33,2023-05-05,24408.46066528597,0,3,19785.872668198193,14,576.3001098637938,F,Casado,Oeste,1
46,2023-04-04,37503.628446086426,12,4,9865.8407814547,13,671.5087652122535,F,Divorciado,Este,0
20,2022-02-18,50521.821004216676,12,4,7430.806915786141,13,764.0169636123051,M,Divorciado,Norte,0
37,2020-07-25,60353.18040938246,1,4,4263.3901617583,14,597.4666109467547,F,Divorciado,Este,0
53,2020-02-07,35485.12373693069,3,3,8437.891042524754,12,755.9337324527672,F,Divorciado,Sur,0
36,2023-03-09,53735.33528954157,5,4,10802.886748078206,18,550.1631014534164,F,Casado,Norte,0
43,2022-05-26,34892.34135293355,4,1,10266.537102993801,9,814.3319823961568,M,Divorciado,Norte,0
20,2022-11-03,37769.64394016103,2,5,18617.326700335514,18,633.5562817894653,M,Casado,Norte,0
36,2021-03-19,21866.778063035556,0,5,12495.427827329713,19,597.2882575781216,M,Divorciado,Norte,0
37,2022-01-13,31535.335077781914,3,2,9325.995642463951,20,556.4644084008919,F,Divorciado,Oeste,0
49,2022-12-26,22966.307887673327,19,2,6467.197105832636,11,642.0646167162341,M,Soltero,Norte,0
24,2021-11-06,30482.534940453344,1,5,11333.363818916601,24,509.23881930432003,F,Casado,Sur,1
69,2022-05-28,71072.8359321568,4,1,5464.959208086704,11,645.1600860891671,F,Soltero,Oeste,0
58,2023-02-27,31012.02222336114,2,3,10899.155397689532,16,809.9487025333082,F,Casado,Sur,0
50,2020-11-10,102647.64129674781,8,3,12437.069634524216,10,681.1288400260166,M,Divorciado,Sur,0
57,2020-04-06,59866.358017617786,19,1,8917.738886142763,12,582.2481384093359,F,Divorciado,Este,0
56,2022-02-15,53696.72247389748,5,3,6848.567779674291,14,722.6263316568808,F,Casado,Norte,0
35,2020-03-31,32832.84439637573,17,4,-926.4842366745288,11,713.7895775874907,M,Soltero,Norte,0
57,2023-01-24,64006.19758817983,5,5,15719.183632101955,12,850.0,F,Casado,Sur,0
18,2022-11-16,38487.24347524452,18,5,12016.501951226408,13,779.0721018540406,F,Casado,Norte,0
28,2023-07-11,52440.19629290723,11,1,12138.08640792391,15,730.5598127172844,F,Divorciado,Oeste,0
45,2022-07-22,101201.69076537588,10,3,2193.238321113501,13,790.5066548359548,M,Soltero,Este,0
42,2020-04-08,48078.802005507,1,2,16899.193498700286,13,686.5618931819937,F,Casado,Norte,0
67,2021-01-04,72985.46652571352,14,2,7673.915666909599,17,692.4586819093801,M,Soltero,Norte,0
40,2023-03-25,35936.47149748226,11,3,8556.023486502569,14,850.0,M,Soltero,Oeste,0
48,2020-09-01,49300.23019006076,11,2,4653.565722905873,17,536.4420973183752,F,Casado,Este,0
47,2022-10-16,85416.0127127102,8,1,1065.2713433007593,13,796.794551314094,F,Soltero,Oeste,0
59,2023-02-13,37460.65884424465,1,1,15786.731558617834,12,688.9208524312224,F,Divorciado,Sur,0
52,2021-04-26,86248.97115993858,2,3,16432.986846988122,18,670.8510578746648,F,Divorciado,Sur,0
24,2021-04-15,64155.03870910951,11,2,9172.359243233363,17,644.7104066306288,M,Divorciado,Norte,0
33,2022-03-25,38750.66448211465,15,1,6603.077150968249,21,715.3674020564188,M,Divorciado,Este,0
43,2023-06-11,62648.15478111042,0,1,8114.779154328709,18,695.6470533495334,F,Soltero,Sur,0
65,2020-11-22,69451.0889925346,2,4,8251.925049822252,12,658.5297613273033,M,Divorciado,Oeste,0
69,2023-10-06,62436.19924434393,19,4,4000.701389102008,13,629.7342254883349,F,Casado,Sur,0
66,2022-05-24,20000.0,1,1,8538.723922780799,21,509.46695475490645,F,Divorciado,Sur,0
19,2023-12-19,35457.25648350263,8,3,10765.509964671626,16,627.619625564833,F,Casado,Oeste,0
18,2020-05-10,45049.6272889699,18,5,15090.78623824376,6,648.7704853739028,F,Casado,Norte,0
65,2020-07-03,48511.33141799908,14,5,10071.22082006856,15,715.1231072166842,M,Divorciado,Este,0
29,2023-04-21,62413.44195101356,17,1,2118.241455502821,11,850.0,M,Divorciado,Norte,0
22,2023-06-16,53554.020018665076,10,1,11767.739315993382,13,638.4043806486582,F,Soltero,Oeste,0
54,2021-10-12,23293.112825797976,15,1,8720.347191651234,15,597.626914625283,F,Casado,Sur,1
49,2022-11-08,57603.95702011926,16,3,16852.048469919333,17,628.5503908696902,M,Divorciado,Este,0
26,2023-06-20,62211.71490567646,4,4,17147.28901022004,18,715.3344767602115,M,Soltero,Norte,0
58,2020-03-03,61195.80895862079,11,1,17322.2715613365,18,758.8635459796272,M,Divorciado,Oeste,0
52,2022-04-17,71615.61451109244,10,1,7192.060323133603,16,772.8345213069542,F,Divorciado,Sur,1
36,2023-05-31,66678.44309097808,14,2,19949.275366687787,14,782.7707998234266,M,Divorciado,Sur,0
65,2021-08-04,59183.601584568736,2,3,11754.712524478535,8,796.9230587611975,F,Casado,Norte,0
33,2021-03-17,48596.68577082706,0,1,18131.902028343164,12,672.1116362526831,F,Divorciado,Oeste,0
20,2023-03-07,20000.0,19,2,7486.901930841202,10,850.0,M,Soltero,Sur,0
37,2021-05-05,58592.364382651715,15,5,8507.016311951867,19,664.5231478841235,F,Divorciado,Sur,0
41,2020-01-05,54153.75374326222,1,1,11370.136763360428,9,710.9340576340909,M,Divorciado,Este,0
50,2023-11-01,55431.57674390747,1,1,10759.388048069699,20,829.5827071772692,F,Soltero,Sur,0
41,2022-05-14,24465.02848359381,2,2,16274.059717345848,15,756.6425027987766,F,Soltero,Norte,0
69,2023-04-11,28378.869191834754,7,3,8839.353407257728,19,475.91532559772617,F,Casado,Oeste,0
28,2023-04-19,71063.05706665808,14,1,15823.074951551782,8,700.5635830296853,F,Casado,Oeste,0
66,2020-04-06,49208.8969228669,6,5,13661.172535663267,6,786.1964756086486,F,Casado,Este,0
25,2020-09-06,63630.01394745249,5,1,8933.038906964257,10,565.6529720470442,F,Casado,Oeste,1
53,2021-03-30,50566.367522609224,8,5,13273.383087411567,14,775.0692795128987,M,Soltero,Norte,0
55,2021-04-13,50595.1227899149,19,4,7633.674765834756,16,739.0153940013453,M,Divorciado,Sur,0
57,2022-08-19,68765.67611951995,0,4,21751.029000028608,17,818.3920483851373,F,Divorciado,Este,0
37,2022-06-28,39679.10543565252,7,5,-3321.6616053722355,18,630.806867766136,M,Divorciado,Oeste,0
52,2021-12-23,51922.41553881967,2,3,13364.716022475197,17,799.5893415589245,F,Casado,Este,0
65,2020-11-04,40754.49422589915,3,1,1177.0204536147648,8,715.9608247400831,M,Soltero,Este,0
42,2021-07-11,41310.07545135369,14,1,8871.716483909657,17,850.0,M,Soltero,Oeste,0
52,2022-03-04,43816.557530627215,5,4,9571.95955264377,10,850.0,F,Soltero,Este,0
42,2021-11-14,54442.67543267426,14,5,17538.16779456842,14,850.0,M,Divorciado,Oeste,0
46,2020-07-04,40425.02756673045,2,1,6539.238939615549,13,748.0518678108224,F,Casado,Norte,0
35,2022-08-06,75115.12251147041,13,1,16540.05957830889,17,850.0,M,Soltero,Oeste,0
63,2020-04-16,32107.85395560992,19,3,4105.9167988760155,7,760.3478041667984,F,Casado,Sur,0
35,2021-07-06,46262.56711677282,13,2,16733.34861877433,15,609.2054286477384,M,Soltero,Oeste,0
19,2022-11-02,41205.3788345165,3,4,7628.272790482635,17,696.0726693048425,F,Casado,Sur,0
52,2020-01-30,78939.55768707466,11,4,10367.172596205593,15,776.1672186295002,M,Soltero,Este,0
33,2022-04-12,53931.09553023149,16,2,8318.10668444798,15,782.5954155620065,F,Casado,Oeste,0
58,2021-05-03,70636.8907893727,6,1,16411.81737057802,17,587.473511019234,M,Soltero,Sur,0
53,2020-01-13,20288.79253926056,8,3,15438.699216168738,18,590.6467713540327,F,Soltero,Oeste,0
50,2020-10-04,55341.00531738518,2,3,12217.508602922624,13,665.8690153790152,M,Casado,Oeste,0
21,2023-10-05,67792.61591246874,12,4,4240.658077066129,17,753.4543613456191,F,Casado,Oeste,1
50,2022-01-30,51645.67978550848,14,3,6424.8906598487865,16,766.256254987992,M,Divorciado,Norte,0
31,2023-12-26,71309.60750130702,17,2,4857.117372469373,21,714.1305124104811,F,Casado,Sur,0
38,2022-02-05,39654.230997992556,18,1,-1240.7144339608167,14,616.5571266482352,F,Soltero,Norte,0
65,2022-03-05,78186.9488037116,0,2,16306.590509250233,17,850.0,F,Soltero,Norte,0
37,2021-07-26,95977.962472385,5,5,8360.882368286515,12,592.794193815696,F,Casado,Sur,0
25,2021-03-28,42743.22879120682,1,4,8307.530178538513,12,830.2340744853761,M,Divorciado,Oeste,0
24,2021-01-02,41089.949571984565,13,3,17480.5111671278,11,773.8823283450365,M,Casado,Norte,0
20,2021-05-16,79067.68954235403,5,5,7620.056988068161,21,828.0332303871728,M,Soltero,Norte,0
34,2021-11-02,81591.44291461425,13,3,5797.645321570346,18,655.5566707077083,F,Soltero,Norte,0
50,2020-10-07,39542.799456934634,3,1,8876.271897425077,20,685.7345801910795,F,Divorciado,Oeste,0
65,2020-11-24,41596.263658082855,7,1,4336.654740615519,13,705.5042557281043,F,Casado,Norte,1
29,2021-01-31,44364.30782278986,2,1,11721.778846439782,9,652.3602239398485,F,Soltero,Este,0
68,2021-10-17,23110.98977931446,18,3,8131.6896086791485,16,722.5258453495098,F,Soltero,Sur,0
39,2022-08-11,31626.961070316036,13,5,7463.642947030938,11,850.0,M,Soltero,Este,0
39,2023-06-03,29917.184664958644,19,1,7030.484139898489,7,570.3166152832027,M,Casado,Oeste,0
63,2021-02-23,34644.04869791743,16,5,9468.892530789943,19,634.278829178891,M,Casado,Norte,0
47,2020-09-25,49306.30225226437,7,3,10417.405627599255,19,623.4254681293744,F,Divorciado,Sur,0
55,2021-07-07,54684.294650730415,13,5,7400.124557962391,13,690.5581737863953,F,Soltero,Norte,0
55,2023-07-29,81010.00985628154,5,3,8206.170319524266,12,686.4473731021129,F,Soltero,Oeste,0
62,2020-01-15,30032.919185224182,15,3,9592.385865903256,18,777.2314584440705,F,Divorciado,Sur,0
68,2022-09-16,69686.44796953167,18,4,9087.909322302306,16,703.3723102921375,F,Soltero,Este,0
25,2021-11-27,45720.22311548982,13,3,10155.37983437507,17,730.2883276719302,F,Divorciado,Sur,0
44,2020-08-23,49010.72580695134,18,3,6616.645983759931,13,739.8448045512001,F,Divorciado,Norte,0
44,2021-04-13,63496.38984333207,2,2,15022.964545632452,10,724.5404061205811,M,Soltero,Sur,0
51,2020-11-24,27545.559568754026,9,1,10484.140887047586,16,770.3313061457592,M,Casado,Oeste,0
38,2023-07-05,57648.19492368101,18,4,7480.766235875613,16,687.7676617867255,F,Casado,Oeste,0
47,2021-12-04,53329.04416426112,8,4,11721.921086892675,18,850.0,F,Casado,Sur,0
50,2022-04-02,59849.02528016298,19,4,9628.157005906427,19,850.0,F,Casado,Oeste,0
45,2022-05-16,55783.37287815636,12,2,1330.868227581659,12,770.623097476707,M,Soltero,Oeste,0
64,2022-07-22,99106.00279821789,6,3,11704.763451108132,13,722.7991163709061,M,Divorciado,Oeste,0
50,2021-12-24,37245.200314973685,13,1,4902.468988079064,11,762.4582309317244,F,Divorciado,Este,0
22,2020-01-27,39380.060899963646,8,5,14672.138916156537,11,589.8966914116356,M,Soltero,Norte,0
65,2021-05-03,37537.18947150471,18,3,8791.251805532766,15,718.0105467465415,M,Casado,Oeste,0
36,2020-09-25,38890.457616794905,14,2,13900.351486955318,11,626.8675393051392,M,Divorciado,Sur,0
21,2022-09-20,37252.25745386965,19,3,6848.907234011965,18,750.997691724033,F,Soltero,Oeste,0
52,2020-03-23,73780.33062215103,13,3,10349.646335703199,21,627.3640692022852,M,Soltero,Este,0
66,2022-04-03,78410.0849597971,5,2,16051.217502534382,17,665.5222554641103,M,Casado,Sur,0
34,2020-11-03,38585.07412501048,3,4,8654.917267925886,10,512.8029094476948,F,Soltero,Norte,0
61,2023-10-17,33352.88853791542,7,4,7045.914506320975,16,582.6754310052332,F,Divorciado,Sur,0
45,2021-05-04,59428.311127728084,16,1,13275.203068908946,13,735.4873802936047,M,Divorciado,Sur,1
47,2021-04-19,38955.539114380575,8,1,13178.307983754803,12,613.115392168157,F,Soltero,Sur,0
46,2023-09-10,62658.63635511021,0,4,7256.254332925906,13,806.3773983785577,M,Divorciado,Sur,0
63,2021-09-01,54058.46041702599,19,5,72.6948979111894,9,604.6110911586687,M,Soltero,Oeste,0
23,2023-11-06,20000.0,13,3,6949.88511250822,21,745.3254501285771,F,Divorciado,Norte,0
52,2020-02-05,80950.10402660123,10,5,13386.797608432109,26,623.8124371028241,F,Casado,Oeste,0
58,2021-03-23,85917.55346191043,2,3,6124.8290528813795,23,738.5469775033525,M,Divorciado,Este,0
54,2022-08-30,37744.22619031228,8,4,9945.310814919023,13,546.521267090486,F,Casado,Este,0
41,2023-07-24,42245.968801280316,13,1,6712.57531016828,13,654.6817024370441,F,Casado,Sur,0
46,2021-01-09,55717.3078144981,8,1,339.16418736975174,10,615.3786714712265,M,Soltero,Oeste,0
66,2023-09-20,56689.1357997405,3,5,6622.59411480036,14,788.323257530898,M,Casado,Oeste,0
63,2022-05-17,63170.885453456605,3,1,13365.660103448561,10,746.2262464454204,M,Divorciado,Norte,0
48,2023-03-15,90204.090775327,7,4,-1851.262400329062,17,576.7423945384518,M,Divorciado,Norte,0
52,2021-08-02,46461.05545011901,1,5,11260.836752377878,9,679.6819263379119,M,Casado,Norte,0
50,2020-11-05,34034.055109230925,8,3,4069.653843002934,13,622.7682157277166,M,Soltero,Oeste,0
69,2023-08-23,22413.615439709454,13,1,13042.210347370961,15,795.0257193868542,F,Casado,Norte,0
38,2023-09-24,35381.39920116162,8,2,13571.594679368265,17,827.1524147653938,F,Divorciado,Norte,0
49,2021-12-27,49337.46054252406,15,1,9140.26032544362,12,555.8354853489186,M,Divorciado,Norte,1
40,2020-01-10,85891.15727035576,16,3,9151.65920609389,14,782.670297438148,F,Casado,Sur,0
50,2020-06-09,39647.77401927657,15,5,5968.186514318493,16,617.6703930742291,F,Casado,Este,0
20,2022-04-16,54475.75903277797,11,3,3272.0829994751703,17,674.7083227280681,M,Casado,Este,0
35,2020-02-04,49671.54207854496,2,2,18490.464531668666,17,703.2254229060957,F,Divorciado,Oeste,0
42,2021-08-02,73767.86546896168,10,4,5674.642864144361,19,850.0,F,Divorciado,Oeste,0
59,2021-03-18,100538.64851747244,13,1,17838.980655982363,14,599.6150272969114,M,Divorciado,Sur,0
48,2022-11-08,39382.624541593585,17,5,5702.499800999116,14,783.4749722643302,F,Soltero,Este,0
20,2020-03-22,40211.21114963556,4,4,12625.951951688641,13,582.8495591830382,F,Divorciado,Norte,0
57,2021-12-14,70883.21754138144,15,3,4310.9642017318265,22,575.9406415159266,M,Divorciado,Norte,0
63,2022-04-25,63637.82979252623,19,5,12616.975084510077,11,702.8463448419155,F,Soltero,Oeste,0
41,2022-06-20,86934.14651472066,4,4,8372.063214234391,18,702.1729490989723,F,Soltero,Este,0
67,2021-08-14,61678.56370651928,2,5,8437.419196621648,8,416.76816815307467,F,Soltero,Oeste,1
49,2021-03-20,42814.158184258806,11,2,13050.115848922253,21,815.9596289375497,M,Soltero,Oeste,0
64,2022-09-23,61813.09661384619,0,2,7654.29317460451,18,486.0885875569149,M,Soltero,Norte,0
39,2023-05-22,72174.07161165815,8,1,2859.257522774512,18,685.4062563886698,F,Soltero,Norte,1
40,2022-10-09,66409.64362394728,8,1,13806.527817047263,13,832.7615451605305,F,Casado,Este,0
19,2023-09-22,60145.48062214596,3,2,4270.497050088359,12,850.0,M,Casado,Oeste,0
44,2022-11-13,71333.49379178308,2,5,12582.58642198955,14,663.695013631142,M,Casado,Sur,0
59,2023-01-21,73385.91180891346,16,2,14864.982726665003,9,556.7050916382913,F,Casado,Este,0
19,2020-09-02,77643.17982075055,1,1,8122.530568238913,21,829.0548225767958,M,Divorciado,Oeste,1
43,2021-09-04,62974.19775179285,0,2,15911.764220458921,11,786.5156550120262,F,Soltero,Este,0
34,2021-12-09,46657.63839366291,7,2,12408.91853930642,21,651.1007710421525,F,Divorciado,Este,0
57,2021-01-09,52934.273728666456,12,5,6520.692899276122,19,638.4262541790794,M,Soltero,Este,0
50,2022-02-10,74130.17933016713,14,4,17007.145011330373,10,628.2607836340569,M,Soltero,Sur,0
26,2021-02-28,33661.28658025528,7,1,4291.640891303048,9,665.5413464265366,F,Divorciado,Sur,1
60,2022-09-30,57373.46617745802,11,5,8116.497850482173,19,731.6068142401631,F,Casado,Norte,0
65,2021-11-17,42133.22375345279,11,2,8968.425981903356,9,643.3985417263228,M,Divorciado,Norte,0
56,2021-10-31,50574.89645869635,13,2,13026.118505091277,14,656.041972443776,F,Divorciado,Oeste,0
46,2023-12-07,75569.03725214598,14,4,15577.166486905673,12,764.1279019410575,M,Soltero,Este,0
59,2021-07-26,53821.981360398066,14,1,15263.957784513568,7,551.7585858941127,M,Soltero,Oeste,1
43,2021-06-12,50928.73096312297,8,1,11118.74159787153,15,662.406428008642,M,Soltero,Norte,0
52,2021-04-10,22802.877180401614,18,3,8598.654477682167,14,532.4058980900899,M,Casado,Sur,0
67,2023-07-30,64925.07132054441,19,1,870.0787918618498,18,710.8412473352902,M,Divorciado,Norte,0
42,2021-12-26,62909.68362282151,7,4,3429.270727723918,13,506.05945918581256,F,Divorciado,Oeste,0
41,2022-05-26,93265.0944661092,18,3,18833.277446457178,8,789.001012682643,M,Casado,Norte,0
30,2020-09-20,43844.435300939986,5,3,819.640062487304,15,568.5362604207994,M,Divorciado,Oeste,1
24,2022-02-28,54383.00655327878,19,2,6077.546783789452,14,522.7421434638545,M,Divorciado,Oeste,1
53,2021-02-04,54987.673674215104,18,2,15723.031410250449,16,663.6386704098383,M,Soltero,Oeste,0
62,2022-12-02,81549.0655952695,3,1,11048.566495986834,14,850.0,M,Casado,Oeste,0
37,2023-04-30,48094.089352260955,6,3,14640.225355028462,16,771.1192453421576,M,Soltero,Norte,0
18,2022-11-09,55580.430515406784,3,2,12714.141756353383,10,507.76858945460344,M,Casado,Oeste,0
25,2022-12-02,62157.93019433078,11,4,17347.912686804433,12,565.6874732355459,F,Soltero,Oeste,0
63,2022-01-18,53732.18246312716,12,2,11477.136432824424,18,660.4399626754293,F,Divorciado,Este,0
33,2022-11-05,41071.32770898943,2,2,13317.238645757556,15,850.0,F,Casado,Oeste,0
31,2021-09-09,53881.79985796615,11,3,6378.767339708298,20,606.1045852031132,F,Casado,Norte,0
29,2022-08-09,71472.63499719545,1,3,12931.664877890684,18,606.9114756296806,M,Soltero,Oeste,0
68,2021-01-13,29469.694011778796,1,5,8019.369510053856,16,850.0,F,Casado,Sur,0
40,2020-04-11,52659.39348293752,8,4,7734.470660096438,15,719.4907205262376,M,Divorciado,Sur,0
32,2021-08-26,35997.583701216536,0,3,14473.617573235688,14,805.3000027298741,F,Divorciado,Oeste,1
45,2021-11-05,73900.93257849685,7,1,14508.11688029682,14,627.2900459824035,F,Divorciado,Sur,1
51,2021-01-09,20000.0,5,4,18442.210778730656,12,689.8364152270947,M,Soltero,Sur,0
19,2022-11-28,38821.563054568236,5,4,18116.315927431006,16,831.5631862188245,M,Casado,Norte,0
49,2020-04-17,57544.237501290416,17,3,14586.575806793877,12,685.51591232642,F,Soltero,Este,0
40,2020-11-21,81310.48058468681,16,4,1397.7719488164366,19,812.3053197526463,F,Divorciado,Sur,0
39,2022-12-28,48684.99477854025,11,3,19138.404914748484,12,738.726730043453,F,Casado,Sur,0
68,2021-09-30,38896.009466136034,5,2,14589.838353331812,17,596.0370921581082,F,Divorciado,Este,0
42,2022-10-26,87623.14138881181,7,5,6170.699549568487,15,698.3682787653977,M,Casado,Este,0
39,2022-04-08,21039.72199167512,18,2,13644.545777813912,16,798.1383992275033,F,Casado,Sur,0
39,2023-10-20,20000.0,9,3,4813.671295186358,15,766.9416191186885,F,Soltero,Oeste,0
66,2022-05-22,58800.289001066645,0,3,13093.15060054871,21,695.9747101579172,F,Casado,Sur,1
69,2020-01-22,39958.91551294777,12,2,3418.649794629504,14,510.82856110285,F,Divorciado,Oeste,0
59,2021-05-30,29575.343657385736,16,1,5958.907956066818,16,520.4008518590284,F,Casado,Oeste,1
23,2020-07-27,64167.12894598707,2,1,13549.645646002635,11,541.6694410372884,M,Divorciado,Oeste,0
32,2023-09-11,54876.01427542398,7,1,15364.433714964467,12,648.9557793233449,M,Soltero,Este,0
60,2020-05-31,38718.42738526543,13,3,11627.184297169051,15,662.2882126306552,M,Divorciado,Sur,0
54,2021-07-20,24393.91202658211,2,4,8569.156816560147,15,552.4588598905978,M,Casado,Sur,0
50,2020-11-26,67449.14656560289,15,3,-574.3314750849531,13,802.2512793696017,M,Divorciado,Norte,0
25,2023-05-21,63004.02355917322,12,4,8954.894501743202,16,573.6230922779457,F,Divorciado,Este,1
61,2021-03-26,48016.482724412344,19,2,12667.425384122638,18,562.9440957932991,M,Casado,Norte,0
61,2023-12-19,86932.73992095332,16,5,8416.174470321765,10,708.8235753885949,M,Divorciado,Norte,0
22,2020-02-26,28598.30467347695,12,4,9887.110294527909,22,797.3905119993228,F,Casado,Oeste,0
56,2020-07-06,20000.0,5,1,9071.912660410397,14,850.0,M,Soltero,Este,0
21,2020-11-23,36161.83860237511,16,3,8391.468910892832,17,758.2545054503178,M,Divorciado,Norte,0
23,2023-03-30,49088.27967289004,13,2,10379.386949799064,16,850.0,M,Soltero,Sur,0
62,2023-07-06,54866.78898645384,16,1,8636.527089237698,26,578.7943348273438,M,Divorciado,Norte,1
49,2020-04-14,45175.278842873406,7,2,17216.447768159713,17,850.0,F,Divorciado,Este,0
69,2020-02-17,57041.107930285936,10,5,-1032.094241918665,17,513.8515549444512,F,Soltero,Sur,0
47,2022-12-23,24969.211516191117,19,3,7270.787070144612,21,649.616074611232,M,Divorciado,Sur,0
64,2020-07-13,78875.29208146519,0,3,5648.718882413874,13,756.0652519578775,F,Divorciado,Sur,0
52,2020-07-13,48356.97643214862,6,5,11095.55300017205,18,539.4782984304056,M,Soltero,Oeste,0
57,2020-02-02,72345.91663176255,16,3,10385.723929415632,11,607.2949908074667,F,Divorciado,Sur,0
69,2020-03-13,56854.50692755408,9,4,18110.965507747143,12,591.4077470710366,F,Casado,Oeste,0
33,2021-01-19,59135.064383075674,10,2,19755.710241488974,12,668.9778992750265,F,Divorciado,Oeste,0
30,2020-04-04,61395.34560464408,8,1,6134.582722147594,13,842.1582856672674,F,Divorciado,Norte,0
67,2021-06-22,58954.1712003463,8,5,10002.500325168148,19,701.6825066287811,F,Divorciado,Norte,0
59,2023-04-30,62854.45519735088,4,4,10981.522084621776,16,653.6936055765982,F,Soltero,Sur,0
47,2021-04-21,76583.05060264863,16,1,6010.93125831332,16,411.56756328217983,F,Casado,Este,0
36,2022-11-28,53930.4233940294,8,1,13141.910180188115,13,746.6755204838579,F,Casado,Sur,1
34,2020-05-17,64180.075151770245,16,5,8802.463156175278,19,779.0015408978179,F,Divorciado,Norte,0
36,2022-08-20,48205.28611425547,18,4,4661.82574699511,23,529.9980232189788,F,Soltero,Sur,0
45,2021-04-07,78802.34430898946,6,1,8602.158478667285,18,693.3027640277478,F,Soltero,Norte,1
43,2022-12-30,36472.153958814604,8,1,5011.627136296756,9,719.3008190332047,M,Casado,Sur,0
54,2020-07-17,86018.80865821632,6,4,15183.234147096278,11,796.4601757303694,F,Soltero,Este,0
43,2023-08-03,49196.84098711313,12,3,19507.79627556835,20,627.5231541754526,M,Divorciado,Sur,0
40,2020-12-20,21384.497957639036,10,1,11224.096869472698,24,612.4639638915203,F,Divorciado,Este,0
26,2021-05-30,52562.088298215785,13,2,10556.383840266379,10,654.3502701531638,M,Soltero,Este,0
29,2023-10-19,36378.96685050239,18,4,10762.17383437093,16,828.4437052777384,M,Divorciado,Sur,0
18,2022-04-24,66812.87097977448,10,1,15911.170144691576,6,804.384544217267,M,Casado,Este,0
18,2021-06-18,36947.52041395218,12,5,15803.495017985915,22,697.8654697827586,F,Divorciado,Este,0
64,2023-10-18,41076.33133570441,13,2,9421.732157258846,19,801.9776527188288,F,Soltero,Norte,0
51,2021-04-25,20000.0,12,1,11262.949636895457,15,463.1308793147841,F,Casado,Norte,0
49,2020-05-18,40953.87361501846,0,2,13263.232035885392,15,779.1654206093525,F,Divorciado,Este,0
65,2023-12-26,20000.0,7,2,4311.56271724633,17,588.1233837186153,M,Casado,Oeste,1
42,2021-01-26,20000.0,11,3,16063.041187102282,18,850.0,F,Soltero,Sur,0
57,2023-05-27,65208.293122885945,18,2,18674.159456136138,10,593.5755288066775,F,Divorciado,Este,0
62,2020-08-29,65716.00317301665,11,3,15825.160524197287,11,614.7237834766355,F,Divorciado,Sur,0
18,2022-12-03,58509.1512356993,7,4,3772.030441927225,16,756.2423730131178,F,Casado,Norte,0
33,2022-02-04,30660.47713741574,7,3,149.99772290562942,25,765.8954134781036,F,Divorciado,Sur,0
56,2023-12-03,49045.7728771604,12,5,13543.593367589658,8,655.3667921232815,F,Divorciado,Este,0
22,2022-03-18,49927.94921818863,11,1,6199.052755189568,12,737.1404034423031,F,Divorciado,Este,1
39,2020-02-06,26832.706216149145,15,4,11435.66677061493,15,749.5379815328487,F,Divorciado,Este,0
46,2022-05-31,80067.96603534301,0,4,17675.743600037742,18,739.3114656058034,M,Soltero,Este,0
20,2020-07-31,67547.24581151342,12,5,6715.224118007951,15,659.5445082441604,M,Divorciado,Oeste,0
29,2023-03-11,45580.71652340672,6,3,8112.2267179552,9,750.521102408569,F,Casado,Oeste,0
43,2023-06-04,50537.716779890616,4,1,11383.61486294158,9,840.6370405016494,F,Soltero,Oeste,0
33,2021-12-04,54167.65615895105,7,3,3512.4518000888474,12,577.4511520781174,F,Casado,Este,0
68,2023-02-17,20000.0,13,2,6210.719019970619,10,615.9939964458194,F,Casado,Oeste,0
54,2020-07-30,45056.452349588064,12,3,10124.287518756346,9,702.725563236058,M,Casado,Sur,0
39,2021-12-19,36360.31504004403,14,4,8497.725655911243,13,594.3775959331967,M,Soltero,Este,0
46,2021-07-29,29967.59980210169,16,1,13042.038768996132,12,519.6596265772739,F,Soltero,Norte,0
31,2022-06-11,44377.994142280906,14,3,23829.898072196338,12,809.3122975881956,M,Soltero,Este,0
45,2020-03-05,85953.73053699045,19,1,10495.691697090622,20,477.12117339737506,M,Divorciado,Sur,0
22,2023-01-03,62816.857225340194,17,1,5791.440269809954,20,659.7617302475664,F,Casado,Oeste,0
64,2020-04-25,38576.42020434406,17,2,17091.201773787823,10,775.8944319758671,F,Soltero,Este,0
66,2022-08-16,61451.65562712317,1,2,2055.9076233988935,10,726.6699789502072,F,Casado,Oeste,1
47,2020-01-27,77987.10873172004,3,4,3055.4591448544634,18,661.2750634021047,M,Soltero,Este,0
63,2023-04-29,68492.67365825537,0,5,7024.482806761383,15,590.256042346504,M,Soltero,Sur,0
69,2020-09-12,51192.60739840348,3,1,8585.566397401872,22,734.3867813147937,F,Soltero,Este,1
22,2022-01-22,37061.26444588852,17,5,6904.636317413957,24,601.1605561533127,F,Casado,Oeste,0
29,2021-01-16,63964.4662722718,4,4,9842.438377884886,14,726.5932586318262,M,Divorciado,Oeste,0
33,2022-11-21,57869.707708434995,18,1,11373.709513731725,15,714.0917648234756,M,Soltero,Sur,1
43,2021-04-14,67903.86440055465,14,1,15344.797676375689,15,715.1032909055135,F,Soltero,Este,0
43,2022-11-23,62703.43603363939,7,5,10455.941369218912,19,635.9681240820585,M,Soltero,Norte,0
65,2021-02-19,70991.05430638671,19,3,7190.268761524492,13,850.0,F,Divorciado,Este,0
38,2023-01-03,39295.29576878864,16,2,15073.22693219706,16,735.8206633870375,F,Casado,Sur,0
56,2020-02-14,76347.88131268651,0,3,5911.422621349347,19,672.1291075780352,M,Casado,Norte,0
53,2021-02-17,53951.99209384799,11,5,1836.9862715633844,13,726.4270573061805,M,Casado,Sur,0
50,2021-12-29,91505.21745250531,18,2,16029.78008952271,13,622.553835607569,M,Casado,Este,0
47,2020-03-06,36216.243638208645,14,3,15709.266224054858,14,661.3695501522094,F,Soltero,Norte,0
54,2020-09-28,84719.27606330498,8,2,6038.508038979469,15,850.0,F,Divorciado,Sur,0
40,2023-09-26,53958.21566925295,6,1,8004.505730895373,13,623.2619193557691,F,Soltero,Oeste,1
27,2023-11-27,36971.63992771103,1,3,5415.362273350353,26,692.2227299735583,F,Divorciado,Norte,0
22,2022-12-16,40322.28331891357,8,2,11633.12108782567,12,654.3895150250235,F,Casado,Norte,0
53,2021-01-03,43593.0538361136,9,2,18660.24645684041,14,596.036605717522,F,Divorciado,Sur,0
51,2021-01-15,58483.31892803833,1,2,13514.40899297561,11,742.1084990219806,M,Soltero,Oeste,0
69,2022-07-31,60456.70976070999,18,3,15178.623212915163,18,703.647217665421,F,Soltero,Norte,0
48,2020-06-20,38525.99992122842,10,4,14098.641658455059,16,791.1027308999927,F,Casado,Sur,0
27,2023-10-16,49512.90815478034,12,3,9999.404257204533,18,781.0577920330005,F,Soltero,Norte,0
36,2020-11-24,92845.40717223728,9,5,15416.702189556578,20,790.0707719041995,F,Soltero,Norte,0
49,2023-12-30,84550.86340201422,13,3,13725.152814563997,20,608.1796627149006,M,Divorciado,Norte,0
18,2021-12-24,58726.47339348064,17,2,17197.22857576568,18,764.0960799203096,F,Soltero,Oeste,0
22,2023-01-31,50760.069563364006,18,1,7702.255294191218,21,766.5271506290094,M,Casado,Este,0
62,2020-01-04,52400.62653436523,8,3,1309.441802273066,11,597.8937001793145,M,Casado,Este,0
21,2023-07-21,62270.35945460833,6,3,15226.255074365388,8,668.138375777276,F,Soltero,Oeste,1
33,2021-01-29,29544.148696031887,2,2,11748.847603030292,15,554.3887903521031,F,Casado,Oeste,0
41,2022-09-02,44852.4692515331,19,1,8519.76949839382,17,766.9622632380284,M,Divorciado,Sur,1
33,2023-03-23,20000.0,5,1,8799.235938462543,17,766.5022469443974,M,Divorciado,Norte,1
19,2020-08-27,57984.46245210558,1,5,22773.43162951058,9,843.0362799118355,F,Soltero,Oeste,1
66,2021-10-08,62943.91879405482,5,3,6789.026737328644,19,677.1201492185654,M,Soltero,Sur,0
45,2021-12-22,40336.27075401252,2,1,5733.483465868334,13,745.1469586563796,F,Divorciado,Este,0
49,2021-03-31,81479.73526580066,15,1,10426.421167466759,12,798.7735101025308,F,Casado,Este,0
44,2021-12-04,25484.686739953177,7,4,15902.454389864804,18,624.6108471445309,M,Soltero,Este,0
37,2021-04-08,20712.502395803596,1,4,21392.00993264614,8,609.4034858682301,F,Soltero,Este,0
41,2021-06-10,54489.03637119944,16,1,13286.824816947856,9,627.7114798923835,F,Casado,Sur,0
29,2022-09-04,70941.9660522431,8,5,3647.9562801028496,22,665.0704531794779,F,Soltero,Norte,1
67,2022-07-12,83678.55382915738,11,1,19854.321353588995,19,612.9445644353847,M,Casado,Sur,0
52,2020-12-05,40822.3147426212,2,2,9902.656504614515,13,632.0172290038777,M,Casado,Norte,0
50,2023-08-03,71573.61666862591,10,3,5811.452840525152,20,788.0915169033245,M,Casado,Este,0
50,2023-06-13,49229.83060998585,0,5,4603.03771450323,11,690.3653368505708,F,Casado,Oeste,0
68,2022-01-13,46547.45400118361,12,2,14181.64359667728,15,730.6698373659436,M,Casado,Oeste,0
60,2021-09-24,67673.19874973345,14,5,11194.14693093207,23,644.9283211881425,M,Divorciado,Oeste,0
54,2021-07-04,63046.45756826839,4,2,11725.376884729252,15,638.363457081766,M,Casado,Norte,0
29,2022-10-29,20000.0,16,3,16432.515595359655,7,728.5555889540398,F,Divorciado,Este,0
20,2022-09-07,79530.80699451792,5,3,5989.227042451779,18,712.6062328003405,F,Casado,Sur,0
18,2020-10-13,77601.82708294904,10,4,16830.77314136824,19,777.798667830807,M,Soltero,Oeste,0
50,2022-09-07,37488.74596980941,17,2,7404.213386031549,13,830.1592998003993,M,Divorciado,Norte,0
57,2021-01-03,57916.07066874818,3,4,20820.03686956178,13,630.8587795723595,M,Soltero,Oeste,0
27,2020-01-28,59880.60372565478,2,2,12993.6950799657,15,786.1184537763781,F,Casado,Sur,0
60,2022-10-17,55213.47531647814,12,4,5398.807351118114,10,592.0193832306837,M,Casado,Este,0
61,2022-07-30,38993.8969230916,8,3,-127.09041660239745,16,850.0,F,Soltero,Sur,0
46,2021-08-22,36567.53264123897,5,5,14044.623611395056,19,621.3695946861671,F,Casado,Este,0
30,2022-02-06,49488.91858017109,11,4,8129.098620049082,15,769.063056975676,F,Soltero,Este,0
29,2023-10-14,73454.58038518729,1,2,9222.171527390823,11,591.2759661255334,M,Casado,Este,0
48,2022-05-18,60872.00309188865,2,2,13830.980045870536,13,684.7909113853201,M,Casado,Oeste,0
63,2022-08-18,42587.71335827788,2,3,15052.069131253278,11,850.0,F,Divorciado,Sur,0
19,2020-04-03,65433.974212966896,11,2,16118.551703346453,27,618.2295848013928,F,Soltero,Oeste,0
68,2020-08-30,20000.0,14,1,4125.793458085317,12,850.0,F,Casado,Sur,1
67,2021-03-15,72975.31400744207,8,5,17129.473748122946,10,699.4724402890954,F,Soltero,Norte,0
52,2022-02-26,20000.0,7,4,7104.773319159252,17,797.5712537982665,M,Divorciado,Norte,0
40,2023-02-07,42751.18117193736,10,5,-1281.2496737411348,10,740.2944573503603,M,Soltero,Sur,0
34,2021-04-14,27606.602107477123,15,3,4107.798265699771,20,745.7040065596367,F,Divorciado,Sur,0
43,2021-06-04,24106.370485581883,3,4,11090.125460662824,8,557.3886282856895,F,Soltero,Sur,0
25,2021-01-08,73216.5357475704,0,4,5105.928769594303,14,652.7147207021953,F,Soltero,Sur,0
46,2021-01-06,40645.97597376217,6,1,9559.777654119782,17,819.5976462483703,M,Divorciado,Este,0
43,2023-10-17,56930.07763461432,1,3,11691.262437645892,23,665.5678798230003,F,Casado,Oeste,0
27,2022-07-16,49061.58842241632,4,2,9093.07298445357,13,713.8832082717813,M,Casado,Este,0
43,2020-08-15,59540.81654446243,6,1,7528.228310716416,10,545.2577871630849,F,Casado,Oeste,0
51,2022-11-20,51536.43782120511,3,1,3746.519685058869,13,646.2423058999256,M,Soltero,Oeste,0
68,2022-11-20,24340.155516228606,4,5,10109.719041076662,19,812.3039297631466,M,Soltero,Oeste,0
58,2022-08-31,69925.3363889428,0,5,-324.7869379236763,13,571.737056807306,F,Casado,Este,1
24,2020-07-15,40124.868336773754,0,5,6570.009791402894,17,771.7079036996164,M,Soltero,Sur,0
21,2021-08-18,20000.0,14,1,5361.079454696195,13,717.7778138584986,M,Soltero,Este,0
67,2020-06-04,41437.69678068175,19,2,8803.115742455426,16,676.4044513976821,M,Casado,Este,0
62,2023-04-07,80015.19581268622,18,4,8933.351003453654,14,672.0075457677992,M,Divorciado,Oeste,0
28,2022-08-14,67004.43484226985,9,5,14799.783372168728,21,650.8970301922012,F,Soltero,Norte,0
46,2022-01-10,43026.957311842816,17,2,17917.386386248,11,659.8029027943037,F,Soltero,Norte,0
53,2021-05-15,43014.84591363143,2,3,4411.105798815149,9,792.9740224811158,F,Soltero,Este,0
42,2020-09-26,43567.298975652346,10,5,19964.163126350148,18,656.7956185755226,F,Soltero,Oeste,0
38,2020-06-04,91534.95967121681,14,4,6103.5220023928405,16,850.0,F,Divorciado,Este,0
53,2023-11-16,57638.70904463107,10,3,10862.63391461545,8,729.9532503043212,M,Casado,Este,0
27,2020-10-18,58600.83294382139,16,3,12554.31494574159,11,642.3738070971727,M,Soltero,Sur,0
54,2020-03-28,70605.66908063684,16,4,22222.913762912533,16,797.3365952485615,M,Casado,Oeste,0
26,2023-11-05,54775.78318053027,5,5,7288.588311186679,11,762.3895943076577,M,Soltero,Norte,0
41,2022-03-12,44819.15708358594,4,1,1016.3099351097335,20,534.5823559772341,F,Divorciado,Norte,0
52,2023-03-09,46073.003018300435,7,4,17451.897350964908,9,596.5528642982463,F,Casado,Norte,0
66,2020-03-04,48567.97481171872,1,4,5833.132206022826,17,688.4579698797587,M,Divorciado,Este,0
52,2022-04-07,49255.55526980317,15,4,8192.057097122037,22,541.6392065579803,F,Soltero,Oeste,0
65,2021-08-04,64552.590872739594,19,3,4411.251730369124,16,850.0,M,Divorciado,Sur,0
53,2023-02-01,51038.91771614599,11,2,8206.481134755406,17,782.2232182039342,M,Divorciado,Norte,0
35,2020-02-26,64652.80154431159,5,1,5798.042318972795,13,698.6667152963538,F,Soltero,Oeste,1
66,2021-08-09,48385.668397828355,0,5,13382.209082473857,11,665.7293446386736,F,Soltero,Norte,0
56,2023-03-12,51572.70380632181,3,5,10403.958148609896,16,640.0336345641001,F,Casado,Sur,0
49,2022-02-02,20000.0,16,2,6594.724196926605,18,503.596784202909,F,Soltero,Oeste,0
41,2022-03-14,68326.55349404963,12,4,14979.359883294637,16,526.712634835437,F,Casado,Este,0
40,2020-05-21,56929.76951795985,17,1,11274.983753372993,14,850.0,F,Divorciado,Este,0
49,2020-07-12,69960.20219719305,4,5,769.7587477797224,14,850.0,F,Divorciado,Norte,0
54,2022-09-15,20000.0,2,5,14598.516570421509,13,642.422224507596,M,Casado,Norte,0
29,2022-09-12,91767.49409561456,10,4,10924.339419263173,20,790.7999156182457,F,Soltero,Oeste,0
66,2023-11-30,47208.207436896526,12,2,16953.66243795771,13,750.6420774997031,M,Soltero,Sur,0
30,2022-11-05,72163.65633475033,3,1,10619.587131713224,14,762.4287956648842,M,Divorciado,Norte,0
40,2021-12-21,29201.881457489384,13,2,6041.453247162025,18,557.4822235499295,F,Casado,Oeste,0
42,2023-06-05,62255.47810125139,10,2,8978.523333490815,14,519.182207746984,M,Divorciado,Sur,0
52,2020-06-01,28931.688736526878,9,1,14019.596654403602,13,818.2594359069889,F,Divorciado,Norte,0
58,2021-10-17,37524.6207860839,18,1,6146.314701495688,19,502.07016969631695,M,Soltero,Norte,0
47,2021-02-23,88280.62707733572,17,5,7798.516064462207,15,685.1806458617485,M,Casado,Oeste,0
34,2020-06-01,46186.35198473307,5,5,8891.557100004664,12,663.2297673782213,M,Divorciado,Norte,0
66,2023-01-19,54348.657463594456,14,1,4253.1419489206355,22,653.9849038323591,F,Soltero,Este,0
37,2022-01-15,67401.35461377508,9,3,6218.3828768571275,16,731.4450822290656,M,Divorciado,Sur,0
65,2022-03-23,59913.63775945209,4,5,10862.750959020952,15,632.2407570221549,M,Divorciado,Sur,0
42,2021-08-23,53008.37810287153,4,3,16012.388738265041,13,739.5735462465047,M,Soltero,Este,0
39,2021-11-03,57299.22004932451,9,1,11585.734923552376,14,714.1155414691195,F,Soltero,Oeste,0
30,2020-06-18,98068.31170476551,4,5,9770.693703154891,7,850.0,M,Casado,Este,0
36,2022-09-09,48847.62405932829,2,2,5843.646130238446,18,561.459060818187,F,Divorciado,Este,0
66,2021-09-23,54021.98093429935,5,1,15475.802058601159,15,702.9268983904826,M,Casado,Sur,0
53,2023-04-07,71013.08792015223,3,4,12167.527499734213,18,743.1345099877764,M,Soltero,Oeste,0
29,2020-10-13,72110.51865915967,17,3,6466.351182403802,11,674.3597444467704,M,Soltero,Norte,0
58,2020-10-26,73740.6061112076,8,1,14493.242293424502,12,566.2924892112162,F,Divorciado,Este,0
36,2022-07-31,62774.604440583695,16,1,12797.885307552335,17,825.7102780655194,M,Casado,Este,0
29,2023-05-20,27139.90174539033,12,5,5932.3482531688205,19,733.6934330144052,M,Casado,Oeste,0
26,2021-11-20,82668.63064602192,14,5,9493.108718679,8,573.3103287073407,M,Divorciado,Este,0
24,2022-11-27,27073.092139626242,19,5,7536.136358785316,17,743.866796255826,M,Divorciado,Oeste,0
45,2023-12-30,56052.70930478066,16,4,23167.689700158026,15,850.0,F,Casado,Norte,0
31,2023-12-16,34914.48299961284,12,5,12658.724415628294,17,696.368406658408,M,Soltero,Oeste,0
48,2022-12-22,48717.23306814015,15,1,10933.810274241201,15,699.7787330529438,M,Soltero,Norte,1
69,2022-12-15,56575.248206069606,3,5,12363.315280383567,15,850.0,M,Divorciado,Oeste,0
36,2020-12-27,56427.14430900546,4,2,16895.81294098749,16,602.9616018248747,M,Casado,Este,0
64,2023-05-01,58438.415084705695,4,5,9583.099277807672,10,850.0,F,Casado,Norte,0
33,2021-08-14,82274.22538117295,8,4,7050.453510671218,19,797.2911070368237,M,Casado,Este,0
22,2023-11-05,59070.6860302796,16,2,14221.416140487088,13,607.5781036019985,M,Soltero,Norte,0
52,2020-04-28,45116.867294187025,12,1,9125.27716999344,21,633.1731000155885,F,Soltero,Oeste,1
29,2021-09-28,69281.74336576715,1,1,4650.523354597483,21,647.518716631771,M,Casado,Oeste,0
42,2022-03-22,73789.40977849282,12,3,3676.5678412197076,15,516.643578601291,M,Casado,Oeste,1
69,2021-08-14,25447.843697260152,18,2,17646.482754197667,12,726.0471749070881,M,Divorciado,Sur,0
38,2020-11-03,61948.00139699716,2,3,10658.222834596423,16,612.1052996752146,F,Divorciado,Sur,0
53,2022-05-15,64023.45484621797,9,2,7052.163080037994,18,729.6551321431306,M,Casado,Norte,0
40,2023-01-08,44048.72993280016,1,2,8828.325444789682,16,570.9056749674783,F,Casado,Sur,0
33,2022-07-30,77514.13626623238,12,4,14037.223590041758,14,792.30132368945,F,Soltero,Oeste,0
56,2020-12-08,46998.88825934946,18,3,8532.972420789774,12,773.7625930130503,F,Casado,Sur,0
62,2022-12-04,52511.52906943084,16,4,2752.901354112909,13,629.4120985939785,F,Divorciado,Sur,0
59,2021-01-10,46538.56351432261,13,2,11629.204260739623,20,735.9649157882116,F,Soltero,Este,0
56,2020-09-12,50311.58095162935,11,1,16041.739087867816,20,708.292055930958,F,Divorciado,Norte,0
31,2022-10-05,28074.498262095964,11,2,15707.321589861254,21,848.2299486152912,F,Divorciado,Norte,0
48,2023-05-15,21198.982348114114,10,4,7203.350309313774,13,596.7521032105128,M,Soltero,Norte,1
22,2021-12-04,81890.10126449945,6,3,16345.863282291897,23,684.7702021505853,M,Divorciado,Sur,0
52,2022-02-14,33060.77303363344,3,3,11064.749868358114,13,635.9316363292227,F,Casado,Oeste,0
40,2021-03-18,30172.153010873855,18,4,16205.736719393633,14,704.4818197100168,F,Divorciado,Este,0
46,2021-12-23,20000.0,0,3,12868.435150012769,14,753.3273602783594,F,Soltero,Norte,0
60,2020-07-11,37220.765046209955,2,5,2392.0157868366523,21,634.8192621926291,F,Soltero,Sur,0
28,2023-10-27,23538.204131850034,12,1,18733.694687541734,15,663.5893778610788,F,Soltero,Oeste,0
35,2023-03-14,82840.30320272737,14,1,10258.919255994768,12,796.6040798057363,F,Divorciado,Este,0
64,2022-09-02,70196.34178685269,1,1,12883.969119569085,18,835.7324661926443,M,Casado,Este,0
29,2022-02-24,36236.99309644553,10,3,3279.776857640779,16,749.3516035202879,M,Soltero,Norte,0
26,2023-03-02,95048.71610688618,3,3,12526.632500390326,15,686.2036901256841,F,Casado,Norte,1
27,2021-12-23,69635.3097398319,18,2,15514.6386637133,16,676.690307896285,F,Soltero,Oeste,0
61,2021-03-13,43503.37232982755,16,2,19676.60168299202,9,754.8126328727291,F,Casado,Sur,0
34,2020-08-22,20000.0,2,1,17001.998973976413,15,722.7767001404872,M,Casado,Oeste,0
55,2022-08-03,95818.85145181484,17,5,12771.123519730198,15,535.1024162108697,F,Casado,Norte,0
24,2023-09-18,22208.550664728078,7,2,2278.113233258069,16,757.2385232307903,M,Soltero,Oeste,0
63,2020-08-12,20000.0,18,2,10661.363952487107,13,613.9430210577437,M,Divorciado,Sur,0
30,2020-09-19,70451.4086401928,4,3,7037.452173935349,11,558.3063591524348,M,Divorciado,Este,0
57,2021-09-25,98795.04812678546,6,5,11174.889374081235,14,533.1655111891274,F,Divorciado,Este,0
59,2023-03-24,77685.45637021036,7,1,3918.3708360245055,13,678.3895628816681,F,Casado,Este,0
26,2021-03-05,61278.18240104719,4,2,8949.165461040493,12,598.3475637817397,M,Soltero,Este,0
67,2021-01-05,61895.086833305715,16,5,7414.0845809696575,7,467.36384402608024,M,Casado,Norte,0
44,2022-06-24,67068.31117560616,4,5,7259.168220153768,18,664.154449316319,M,Soltero,Norte,0
19,2022-02-20,65178.571795735304,3,1,7308.819070044228,19,650.9429165114134,M,Casado,Sur,1
22,2020-03-28,55623.828479387514,18,5,9320.726418058777,22,685.009888534162,F,Soltero,Sur,1
46,2020-04-28,52084.022079037524,1,5,11430.97379524011,9,637.1102045957623,M,Soltero,Sur,0
54,2022-07-27,48748.13744200955,10,5,-2492.467939357255,10,850.0,F,Soltero,Sur,0
55,2021-11-10,34920.70822266648,12,2,-1882.1642816893182,15,751.733729468364,M,Casado,Oeste,0
36,2023-11-18,44386.49846266452,14,1,8306.543300390624,14,650.0386676378523,F,Divorciado,Sur,0
25,2022-09-17,20000.0,11,5,9011.154776471929,18,693.6373162552637,M,Casado,Este,0
65,2020-01-15,48033.207464105,10,5,10945.556083019703,12,841.4642667495348,F,Casado,Este,0
62,2021-12-03,30228.17785698165,6,2,6361.63822571888,10,795.6622811735491,F,Soltero,Este,0
18,2021-08-28,27928.213655684584,4,1,10047.325970113408,18,560.3788185624967,F,Soltero,Oeste,0
39,2020-06-04,53597.88302306957,16,3,10632.616025090276,8,602.570943917337,M,Divorciado,Sur,0
69,2023-09-09,77840.04572689199,19,2,6327.209515672643,21,621.815312597666,F,Divorciado,Este,0
34,2023-03-21,68366.33212004625,8,1,15067.279108705505,17,656.0300049064191,M,Soltero,Este,0
24,2020-12-01,20000.0,13,5,10884.931557275304,19,640.4576797123958,F,Divorciado,Este,0
42,2021-01-08,30207.43726859325,11,1,12734.805477316451,12,703.4009254861078,F,Divorciado,Este,0
62,2020-02-16,68815.42375976432,5,1,10344.228656419264,10,773.5721311018888,M,Soltero,Norte,0
21,2021-03-09,30350.25212923381,16,1,20518.3655153086,11,790.2660289382486,F,Casado,Sur,0
53,2022-05-03,45507.33700005951,18,3,12981.98534558827,11,667.3202657100709,F,Divorciado,Sur,0
23,2021-09-06,61001.041980491034,18,1,7560.033418963873,19,536.5306481245605,M,Soltero,Oeste,0
48,2023-11-16,30633.110902727294,15,3,14104.834421842002,19,595.9590058128258,F,Divorciado,Norte,0
36,2020-03-22,52107.5101229192,11,5,1811.9754127166407,12,648.022521036997,F,Divorciado,Oeste,0
61,2022-05-13,23319.49010163591,11,3,10598.001313335522,21,575.4965540748642,F,Soltero,Este,0
56,2023-06-07,37972.64712097573,19,5,11595.801450459952,16,814.0858986701614,F,Divorciado,Oeste,0
44,2021-12-02,56395.63868285074,5,5,10655.103810393492,12,582.0458941419272,M,Divorciado,Este,0
27,2020-01-05,20000.0,3,3,8331.105645805563,8,761.7063044735203,F,Divorciado,Este,0
43,2020-12-20,58809.49475920798,5,2,4938.6332158149235,15,531.8119644977462,F,Casado,Sur,0
36,2021-04-17,49607.24402146637,10,4,6053.264939745188,14,765.7201101296054,F,Casado,Sur,0
56,2023-11-11,61049.79908834296,0,1,10510.374581236918,15,686.0731293332415,F,Divorciado,Sur,1
20,2023-08-24,54478.28268129323,14,4,4432.403837860037,18,850.0,F,Soltero,Sur,0
62,2023-10-17,77282.80859947688,10,1,18850.838078236364,24,586.843739345367,F,Divorciado,Sur,0
30,2023-04-20,52504.49005295814,18,1,-3204.4883967185306,13,643.5885199388406,F,Divorciado,Norte,1
67,2021-05-28,41411.889177494944,17,5,8382.810662276981,16,662.9567398589561,F,Casado,Sur,0
45,2023-08-15,52445.95006064568,16,1,10551.948195538485,13,684.7499929849688,M,Casado,Oeste,0
37,2023-12-04,60865.960580727755,18,1,12537.104639166444,16,665.401916909751,M,Casado,Este,1
45,2021-05-26,50977.20140651408,13,3,5420.376363687865,14,667.3321434091013,M,Divorciado,Sur,0
25,2021-01-15,50811.83382407765,17,4,15671.473969441062,20,665.6937456614337,M,Divorciado,Norte,0
58,2022-03-09,35960.16624386489,18,3,3030.8447809353856,12,492.88201174195336,F,Soltero,Oeste,1
56,2020-09-30,36741.98164898103,14,1,7169.357056962161,16,799.3334501607768,F,Divorciado,Oeste,1
18,2020-02-17,21947.89456400613,14,5,13103.73777639712,23,850.0,M,Divorciado,Este,0
20,2023-10-12,84991.53486373878,3,3,15200.94282396376,9,729.8271104600988,M,Casado,Oeste,0
30,2023-09-13,25122.735292174297,6,3,2979.9935180945113,14,586.4249152141706,M,Casado,Oeste,0
45,2020-08-25,36141.896044081856,12,2,23225.183952075793,6,596.5461369151712,F,Casado,Oeste,1
66,2021-08-18,35631.85468861605,2,1,5512.542184163952,19,761.3174001891568,F,Casado,Oeste,0
42,2023-04-28,67898.48753888882,15,5,3439.087612361087,13,738.5469475848244,M,Casado,Norte,0
50,2022-08-23,44101.00643415944,8,3,12513.574458866286,12,671.5709889446662,M,Soltero,Este,0
55,2021-07-30,74954.84145347468,7,3,8258.532732092714,16,775.3404370879185,M,Soltero,Sur,0
23,2022-12-22,36530.18751512263,19,5,7519.738437301278,16,493.6114953245509,M,Soltero,Oeste,1
61,2023-08-02,55579.88324447604,12,1,12978.220287848597,19,775.4062127231124,M,Casado,Norte,0
62,2023-09-14,33293.05893480485,16,2,2363.5215478609543,9,723.7761164594892,F,Casado,Este,0
49,2021-07-07,92902.98255546777,16,3,1489.3280001264884,15,600.4052009216767,M,Casado,Sur,0
62,2020-09-10,26248.031619409743,16,2,7012.883174283859,13,556.6676071619315,F,Soltero,Este,0
64,2023-08-25,56196.414204540546,0,4,15389.508697266625,18,712.1327282745627,M,Casado,Norte,0
38,2020-05-15,62675.537618641974,7,1,7229.723532936081,5,840.7238136767763,M,Soltero,Norte,0
33,2022-11-19,58275.98194902996,18,4,17995.78342264307,18,677.1906768002966,F,Casado,Norte,0
38,2020-07-24,46294.246822445835,5,4,16005.073805859452,13,614.731498376716,M,Divorciado,Oeste,0
28,2021-07-22,47403.586005331475,2,4,11414.730922537425,18,719.1288260136253,F,Soltero,Norte,0
54,2021-08-23,50876.229439582195,4,1,11698.619296873785,14,850.0,F,Divorciado,Sur,0
53,2020-08-19,47059.95996743023,12,1,11410.013125084279,15,743.1299813063716,M,Soltero,Oeste,0
52,2023-09-09,69277.58233589819,14,5,10798.5886434105,11,753.9401988209409,M,Casado,Este,0
36,2020-01-04,94210.46003182702,13,2,8168.791512609102,17,822.2798635970556,F,Casado,Sur,0
37,2023-07-28,38850.16429984333,15,2,8749.060833964186,17,747.2557399383822,F,Divorciado,Oeste,0
35,2023-07-14,22603.940408418443,17,5,4650.1992170370895,10,621.9030292839846,M,Casado,Norte,0
64,2021-04-07,48234.359032974906,10,5,-1050.2139464509,15,525.5435048101964,F,Soltero,Este,0
58,2022-10-25,101594.18675308637,2,4,15520.353046410248,13,607.8346880221737,M,Casado,Norte,0
66,2021-01-04,33926.50864060538,9,5,10786.29218392649,16,589.5273694902326,F,Casado,Sur,0
31,2023-01-12,82782.33610888134,9,3,10031.05677810893,14,765.9308119511327,M,Soltero,Sur,0
32,2022-03-30,83554.0162815288,15,2,11992.245614289397,19,779.8348051349108,F,Divorciado,Oeste,0
48,2021-03-14,38928.23516584011,11,5,5858.012726031755,21,717.5572061715488,F,Divorciado,Sur,0
18,2021-08-07,61379.66158370551,1,3,4994.688933077836,14,573.1308023156827,M,Casado,Este,0
20,2022-10-04,82567.93246257075,8,3,8581.576531609237,21,850.0,F,Soltero,Oeste,0
33,2023-08-15,42417.44518025026,2,3,16840.492408819064,20,658.3789786160412,F,Divorciado,Este,0
40,2020-07-09,45928.392797952765,14,3,4156.294857534368,20,760.3481010301537,F,Divorciado,Norte,0
28,2022-04-14,38366.38172102712,2,4,-3135.32678404083,11,704.9324836699559,F,Casado,Este,0
29,2021-01-05,29704.86538614266,18,3,7392.994540906237,14,720.8663483249915,F,Soltero,Este,1
27,2023-03-16,37014.449098679856,17,4,15713.499581175914,13,756.8184003340398,F,Divorciado,Sur,1
49,2020-04-12,25521.19466475487,7,4,1337.2798782282316,12,630.3979838399048,F,Casado,Norte,0
33,2022-10-02,50681.66936518452,16,3,4098.581980885641,14,830.5402426265166,M,Casado,Sur,0
25,2020-09-12,34600.53537882716,7,2,11317.733702890844,18,542.0494582912727,F,Casado,Norte,0
55,2022-05-20,54675.71823581495,6,3,22849.535177376674,18,596.1443693964115,F,Casado,Norte,0
29,2023-05-05,20000.0,6,3,3208.9416573690223,10,829.2429374337082,M,Divorciado,Este,1
41,2023-01-07,56617.60464428914,2,3,3015.3295426602044,19,759.0004761104472,F,Soltero,Sur,0
45,2023-01-04,66670.5792321785,0,2,11693.491844195927,7,850.0,F,Casado,Este,0
25,2022-01-26,20000.0,3,1,16023.372199968522,20,706.835044365313,M,Casado,Este,0
45,2023-07-24,57481.131396951445,4,1,6879.506438371449,12,850.0,F,Divorciado,Este,1
53,2022-05-08,74553.37984946584,0,4,1893.0292193891555,15,514.2521217336597,F,Casado,Norte,0
43,2023-09-01,25807.17962617589,14,4,12168.74610443173,12,558.6485026802806,M,Casado,Sur,0
25,2022-03-08,83451.44773675407,4,2,13074.206986514866,13,789.5525537416974,M,Soltero,Sur,0
67,2022-01-08,58380.3801873209,12,5,18893.275632691242,13,525.9632174385515,F,Casado,Este,0
45,2020-11-20,35899.76288483183,7,1,13284.735561621394,11,680.2632392990511,F,Divorciado,Norte,1
45,2022-03-06,48884.61844684588,7,4,14140.330381861897,19,816.7209083647158,M,Soltero,Sur,0
54,2020-07-24,61166.538250434445,4,1,8689.274280660471,18,750.1171264488668,F,Divorciado,Oeste,1
58,2023-06-23,51520.10782824823,8,2,22207.52171084734,13,701.1095220319579,M,Soltero,Sur,0
53,2022-09-13,60775.11984892738,0,2,8009.28994705765,12,655.0892531170684,M,Soltero,Este,0
44,2023-12-21,31586.528138412676,3,5,6940.38939294115,18,720.2225874591965,M,Casado,Oeste,0
34,2020-05-14,53387.21648072156,2,5,19047.57459259303,13,757.724837237553,F,Casado,Norte,0
26,2020-12-17,21725.710061900398,1,2,2628.8136055229506,15,633.9105663013817,M,Casado,Oeste,0
50,2023-07-04,47775.47877302599,7,4,762.9580773604248,21,737.1736028012048,M,Divorciado,Oeste,0
37,2021-07-31,31921.847170704204,8,1,10597.784622992423,12,807.8430744198711,M,Casado,Este,0
30,2021-11-11,35289.40114820467,1,3,9991.317383621523,14,677.7521866700142,F,Casado,Sur,0
45,2023-06-10,74721.86350420874,13,5,8860.56009224669,14,706.8122850140652,F,Soltero,Norte,0
65,2022-01-31,71826.20241188537,13,3,14969.648785608259,12,748.3778834002778,F,Casado,Oeste,0
46,2020-10-09,62182.76241814354,3,4,5458.969088557148,14,755.1334216089743,M,Casado,Este,0
30,2023-07-26,28153.74470654842,5,5,10320.83562812337,9,787.845357299844,F,Casado,Sur,0
63,2020-02-15,43671.83100610396,10,3,8199.470236809066,19,598.562504401805,F,Casado,Oeste,0
52,2023-07-31,74261.95399958367,2,4,5543.907499466246,13,647.107749761469,M,Soltero,Este,0
23,2020-03-14,52834.33827279809,7,1,9690.799580196583,23,650.8121307950346,M,Casado,Este,0
35,2022-08-30,96386.59079963388,2,4,14262.979016475514,9,609.6087834837323,F,Soltero,Este,0
68,2020-04-14,57866.35678788744,13,5,20602.840602152508,20,520.1586078642185,F,Divorciado,Norte,0
22,2022-10-28,53840.98232980063,12,2,12897.094914494846,14,374.5521058702292,M,Casado,Sur,0
64,2020-02-19,43817.67071594997,12,1,-2554.1750070072576,16,819.545271175298,F,Casado,Oeste,0
42,2023-05-14,52670.81809564565,1,3,9809.299572791755,9,544.6106995552457,M,Casado,Sur,0
19,2021-11-11,46950.603272389126,12,5,10249.013954514163,14,850.0,M,Soltero,Sur,1
27,2020-05-16,64162.17353377181,18,2,14681.045047899748,12,773.9409488616462,F,Casado,Oeste,0
47,2022-10-28,69134.04633589167,5,4,10924.051512448696,10,659.4311620193747,F,Casado,Sur,0
67,2021-12-15,34280.21078984101,15,2,16265.444586510383,12,761.6422104814734,F,Divorciado,Norte,0
62,2020-10-05,23375.340928844438,1,5,11958.353078076358,12,742.5133246713722,F,Soltero,Oeste,0
22,2020-01-23,20000.0,7,5,17793.990347489445,13,589.8225637060226,M,Soltero,Oeste,1
50,2021-09-02,60159.82653825087,16,2,7806.270399758532,20,698.5022226370369,F,Divorciado,Este,0
18,2020-05-05,27932.667876522526,1,4,10721.717336483469,10,602.0161227458508,F,Soltero,Sur,1
35,2020-05-17,20000.0,9,2,14133.207676949482,12,765.4128002171092,F,Casado,Oeste,0
49,2021-01-25,57771.57209061928,15,5,7139.029648532783,7,628.4779048200612,M,Casado,Oeste,0
64,2022-07-09,99859.99034865582,5,5,6049.93598959462,15,690.3370463803327,F,Divorciado,Norte,0
66,2022-02-12,49878.58176920213,1,3,6853.239501566575,13,686.020108098925,F,Soltero,Este,0
28,2020-04-10,66769.81548903283,1,3,6253.921914555388,16,712.1579000539382,M,Soltero,Oeste,1
38,2023-11-14,51636.5871709513,12,1,12612.809604376636,13,850.0,M,Soltero,Norte,1
43,2023-07-19,48022.20693617715,14,5,825.9598518272214,13,675.9039417144081,M,Divorciado,Oeste,0
42,2021-01-13,68381.52965975537,1,3,2220.1498684104645,13,821.7927141974515,M,Casado,Oeste,0
39,2020-06-27,44194.509116226975,6,2,19313.732461786312,15,747.9996994335038,M,Divorciado,Oeste,0
44,2023-10-07,55347.84628143806,2,4,6374.516395129112,9,841.8402546036582,F,Casado,Norte,0
66,2021-11-04,56433.956123920274,7,2,11000.07425585874,15,666.1564215185181,M,Divorciado,Sur,0
30,2021-03-30,36638.190927139025,13,4,2554.267910504359,14,769.6136241969568,M,Casado,Oeste,0
50,2021-12-16,69840.84699073045,6,3,10470.621338946381,13,694.0731977399658,M,Soltero,Oeste,0
51,2023-02-02,46500.80486609183,6,1,6404.96666159298,7,401.06069788367864,M,Soltero,Sur,0
58,2020-09-02,34885.096810143106,0,2,2184.552509197929,19,591.0156414979524,M,Soltero,Oeste,1
52,2023-01-25,60730.19687140807,16,2,16684.602187823566,10,758.2376945952751,M,Divorciado,Este,0
18,2022-12-30,32030.640364179253,8,2,15912.828635304357,22,751.6264916279998,M,Divorciado,Oeste,0
38,2022-02-26,50563.62314738257,12,4,9463.226046429918,17,570.5022611365076,M,Divorciado,Este,0
65,2023-06-18,49817.62006711593,18,3,14997.095163389557,26,722.0367548838003,F,Soltero,Sur,0
23,2020-07-11,71717.91131663157,18,2,19516.4634386358,19,750.3260226525506,F,Casado,Norte,0
45,2022-05-19,59493.964657599055,16,2,13770.379665790448,11,696.5334430262393,F,Soltero,Sur,0
34,2021-10-18,49499.46082509712,9,1,12398.398697549816,14,772.8818637659637,M,Soltero,Oeste,0
22,2021-09-08,66355.32598400574,9,1,10994.748482416548,9,759.2555307928769,M,Casado,Este,0
48,2021-01-03,77804.15098034627,3,3,13247.486824296198,10,696.4856420595293,M,Casado,Norte,0
22,2021-06-27,61156.20612703724,7,3,8180.403032551818,16,648.9175181135881,F,Casado,Oeste,1
55,2020-06-06,50207.05239686761,19,5,8616.820654192767,11,804.2541592092509,M,Casado,Norte,0
20,2021-01-02,23763.27535299681,19,1,12254.456876062573,11,746.3162097878821,M,Soltero,Norte,1
40,2021-02-01,28697.726738492547,17,5,7630.675649202355,14,561.8567347469702,M,Divorciado,Oeste,0
54,2022-11-18,43895.50591290665,13,4,8171.001636032488,8,722.0897656081388,F,Soltero,Sur,0
54,2020-03-11,37809.75595681433,17,5,10000.933323174866,18,584.8975290542267,F,Casado,Oeste,0
27,2022-08-08,46260.57394029108,13,2,15753.037752965345,13,603.5432067570825,M,Divorciado,Oeste,1
27,2020-11-19,51132.99849794214,19,5,4336.681232201762,17,634.8089964614363,F,Divorciado,Sur,0
36,2020-04-29,60593.855087134616,14,3,13795.892513526305,8,704.4873235659702,M,Soltero,Este,0
34,2021-03-15,48590.024438818175,3,4,13958.982064017351,13,737.4485577591286,M,Soltero,Oeste,0
38,2020-11-23,59730.03287652404,12,2,13929.060046484046,11,659.1058110758728,F,Soltero,Norte,0
31,2022-03-16,51289.488296202406,7,5,5966.268098952556,24,663.4817383706265,F,Divorciado,Oeste,0
26,2021-06-05,20000.0,17,4,1536.5919224453155,8,649.6756344698318,F,Divorciado,Oeste,1
63,2023-11-11,31213.292123624913,11,4,12798.502362057112,13,804.7513637087628,F,Divorciado,Norte,0
18,2023-11-07,47118.24888556769,13,2,10937.69392206981,14,414.70564964003466,M,Casado,Sur,0
68,2021-10-09,25806.10514317785,1,5,15021.883173815662,11,669.1322590325217,M,Casado,Este,0
62,2023-03-06,61998.57459992409,17,4,6497.3158599523085,12,850.0,F,Soltero,Este,0
30,2020-01-20,80615.01664687395,1,4,13800.591881281805,11,751.7230050277387,F,Divorciado,Norte,0
21,2022-03-10,74375.23703394634,10,1,15272.060561097056,22,826.6847240567124,M,Soltero,Sur,0
18,2022-12-21,45731.14258139584,8,4,9523.451394753247,13,496.5751140489077,M,Divorciado,Oeste,0
66,2020-11-12,79814.52273699903,11,1,12084.647516324083,15,575.7750768530877,M,Soltero,Oeste,0
57,2020-03-30,52973.34914404223,16,5,11909.832287620475,14,751.4048140686467,M,Casado,Oeste,0
49,2020-08-15,43258.28057763921,14,5,5892.65235485175,14,850.0,F,Divorciado,Oeste,0
51,2021-10-07,37731.9467291812,16,5,12655.483011423037,11,585.8763783155272,F,Casado,Oeste,0
45,2022-01-09,43950.60627023743,17,3,18112.491704505068,17,661.2238217293477,F,Divorciado,Norte,0
48,2021-07-10,42236.46362917543,5,5,10111.019672713182,7,740.1464141866995,M,Soltero,Oeste,0
25,2021-10-04,53408.32444750975,16,4,2695.375306741713,15,554.7501602912303,M,Divorciado,Oeste,0
56,2021-11-17,53211.47962099729,17,2,6563.867345429951,11,752.1691259580983,F,Casado,Sur,0
43,2023-01-28,50060.92040306829,7,1,1102.852755741862,11,432.4315350963763,F,Divorciado,Oeste,1
51,2020-06-02,58738.763394926995,8,3,16451.30564523032,21,749.2239464464855,F,Soltero,Este,0
20,2023-01-27,73812.92549572683,5,5,13820.526481640474,14,600.4915032112158,M,Divorciado,Norte,0
67,2022-10-02,68991.08270882648,4,5,7493.153641660908,6,655.2402809483586,F,Casado,Norte,0
29,2022-12-18,20302.040631001928,11,2,2909.700390155317,16,765.1883947936967,M,Soltero,Norte,0
18,2022-12-08,20000.0,10,2,5833.525208787549,17,744.725215549225,F,Casado,Este,0
61,2021-11-18,68686.39822478547,0,3,6808.615171514262,17,699.2018795648296,F,Divorciado,Oeste,0
22,2020-11-04,22662.42603169158,10,1,10547.037995100292,9,796.904055163535,F,Casado,Norte,0
47,2022-02-22,45504.69196214633,18,5,10378.796715991899,15,529.9823987381176,M,Divorciado,Este,0
47,2023-10-30,26597.73947881281,8,3,16707.159876868514,18,720.4414371501414,M,Soltero,Sur,0
34,2022-05-09,20000.0,1,4,6536.225711509787,13,620.9829869141518,M,Casado,Oeste,0
65,2020-01-17,60829.25456409576,11,4,2459.0607282303563,20,791.8031468679986,M,Casado,Este,0
64,2020-03-28,65183.10320605294,3,3,4215.10762428854,18,768.706706963612,M,Divorciado,Oeste,0
40,2023-12-20,38469.791985465614,3,5,9884.875727767496,12,772.3348218864005,M,Casado,Sur,0
32,2020-04-15,20000.0,17,3,6356.609665271046,15,850.0,F,Casado,Este,0
54,2020-03-08,39075.11103495034,14,5,8539.95727243487,13,812.6347532434978,M,Soltero,Oeste,0
38,2021-05-30,57836.080108050926,18,2,7729.832098402781,17,684.2578666226589,F,Divorciado,Este,0
31,2023-11-16,20421.768624517426,12,3,14951.192268525912,24,699.8732146512504,M,Divorciado,Norte,0
19,2021-04-10,53667.19839558311,18,5,7065.171564538389,14,760.0938380711726,F,Soltero,Oeste,0
28,2021-08-21,49693.80301654009,16,3,8113.28961526095,17,713.617467474783,F,Soltero,Este,0
68,2022-07-14,61585.82999202177,5,3,13586.417905793878,10,770.5173321909717,M,Divorciado,Norte,0
56,2020-02-05,52391.60736828307,15,5,7175.09044483962,13,476.96795752269713,F,Soltero,Sur,0
55,2023-08-03,30538.62118236889,11,5,12116.061872285089,15,850.0,M,Soltero,Oeste,0
51,2022-01-28,73931.43003328983,18,1,11657.426310108794,16,706.1028583556321,M,Soltero,Oeste,0
55,2021-11-12,46829.4085394606,4,3,10708.829294805397,14,537.753466910744,M,Divorciado,Sur,0
67,2023-06-10,49453.909209801364,16,4,4328.018086467551,14,608.6206648416479,M,Soltero,Norte,0
51,2023-10-23,31334.640818536078,0,3,16148.871122609686,19,487.06729488307775,F,Casado,Sur,0
35,2021-09-10,41134.354976169794,9,3,21103.41898291557,5,590.9764919814249,M,Casado,Oeste,0
47,2020-09-08,32303.945719461983,14,5,10044.140691336974,15,685.7751571360214,F,Divorciado,Este,0
32,2023-04-05,46541.07880153154,10,3,4768.225633148124,13,850.0,F,Soltero,Norte,0
44,2021-08-11,84234.16960284687,12,3,10145.513541625112,15,741.06745854198,F,Casado,Norte,0
68,2023-09-27,22561.977141372874,4,4,14949.300702929995,12,723.2860611964576,M,Divorciado,Norte,0
51,2023-10-18,20000.0,0,5,6924.061621421964,16,586.4895478784288,F,Casado,Sur,0
69,2020-06-16,79423.40654987218,11,3,9355.504079409051,21,617.5514694346489,M,Soltero,Sur,0
55,2023-10-28,45813.526456962674,10,2,11703.270682060707,16,625.3072306627805,F,Divorciado,Este,0
50,2021-06-21,36618.54522680167,16,1,16015.239261029623,11,629.3871387813895,M,Casado,Este,0
41,2022-08-01,70798.09374792152,3,4,13877.118665446873,18,664.8463123751395,M,Divorciado,Norte,0
32,2020-02-20,37887.689205262715,14,3,14084.339847661311,13,672.3988938283519,M,Casado,Este,0
47,2023-07-21,86520.19427093872,8,2,7868.657216617874,11,666.0921626373151,M,Casado,Sur,0
59,2022-07-25,63558.51742678538,19,3,12009.594775869615,19,632.8675769731518,F,Soltero,Este,0
68,2022-07-28,40241.77183708595,18,3,6390.183364374354,11,713.5053165812226,F,Soltero,Sur,0
34,2023-08-10,93146.16426531007,18,5,14227.630499426057,20,668.5585216633225,M,Casado,Este,0
22,2022-01-12,37885.70153993323,11,5,15756.098203928068,8,540.4432753777772,F,Divorciado,Oeste,0
46,2021-08-22,64841.90744018614,4,5,12766.817843863113,18,703.4381822257935,M,Divorciado,Sur,0
21,2023-06-18,55985.85160812984,9,2,8162.947066025923,19,688.3236002218423,M,Soltero,Oeste,0
27,2022-12-19,76034.82578797596,16,3,8981.364359792009,15,542.0372547444824,F,Casado,Sur,0
34,2023-10-17,81230.22393453706,4,1,19032.58105331005,10,640.8698553303462,M,Soltero,Este,0
27,2023-10-04,50640.08298131533,15,4,8246.44777688252,12,759.7072561011358,M,Casado,Oeste,0
34,2021-07-12,34931.64259307633,6,5,15249.97083725284,16,586.3550061339296,M,Casado,Este,0
37,2021-10-14,59199.44285878233,8,5,11694.457991092608,19,575.7820930271506,M,Soltero,Sur,0
41,2021-01-08,36445.692604957876,2,3,8329.317757700786,14,667.5116378008262,M,Divorciado,Oeste,0
22,2022-08-22,90267.74495053246,14,3,3276.754862652874,17,762.2932269811964,F,Soltero,Norte,0
51,2021-06-16,52730.70662165475,15,2,11058.001902942535,14,850.0,F,Casado,Este,0
23,2023-02-21,42693.56897375783,17,2,10455.504333030613,14,765.8935354853684,F,Soltero,Sur,0
19,2020-06-26,53693.60611729817,13,5,19032.67335729667,15,808.4827740156109,M,Divorciado,Oeste,0
30,2020-06-18,23057.47420940607,2,3,5699.036522887508,15,734.6697628501663,M,Divorciado,Este,0
60,2020-10-25,30567.71922978697,11,1,21473.84295773892,15,631.488402035727,M,Casado,Oeste,0
60,2020-05-03,74008.27815888851,8,4,11894.052647482966,10,765.1711076596912,M,Soltero,Este,0
65,2022-06-24,36862.114420572085,6,3,11889.14610611079,12,691.4391951071879,M,Divorciado,Este,0
28,2020-08-03,29061.780346361207,8,3,7034.63932783885,15,737.7033837828013,M,Soltero,Este,0
68,2020-08-21,60733.05505054572,12,2,11573.531537772344,18,605.3970173649038,F,Divorciado,Oeste,0
64,2020-01-21,73714.08309325993,17,4,12365.254641166064,16,746.6445800839806,M,Casado,Oeste,0
40,2023-02-15,64379.06621330133,4,5,14686.636459104386,15,687.9491803234104,F,Casado,Este,0
33,2023-03-31,69920.95371611633,12,3,5108.388962040285,11,723.1257747184084,M,Soltero,Norte,0
48,2020-08-24,34864.09822861078,3,5,17033.904278940194,14,691.4926825174867,F,Casado,Norte,0
28,2022-12-15,21563.786665163127,1,3,11807.077618859897,8,672.2796884658317,M,Divorciado,Norte,0
33,2021-09-24,80026.67303910974,15,5,13041.14447653656,11,748.4690779618409,F,Casado,Sur,0
25,2020-12-15,43546.403223157286,8,4,8895.288692476197,17,659.3908871108437,F,Divorciado,Norte,0
21,2022-06-26,44983.339670899055,8,2,5359.286808604747,18,541.131186962241,M,Divorciado,Oeste,0
57,2020-09-17,76563.88283698115,5,4,10363.623137016437,18,512.6029924317554,M,Casado,Norte,0
21,2023-01-10,61124.600188013195,10,1,10936.477749116091,15,718.4416569426978,F,Divorciado,Oeste,0
42,2020-03-10,59117.75544163215,0,2,3072.8586594275466,16,655.2782185271144,M,Divorciado,Sur,0
20,2023-11-01,93300.04689802168,3,4,13966.427025825626,8,527.090082256795,M,Soltero,Oeste,0
49,2020-04-14,37129.63539239714,12,1,14982.623169482904,22,710.6534967053781,M,Soltero,Oeste,0
20,2022-04-25,68556.80256162475,12,3,6351.676880894366,10,690.612544502664,F,Soltero,Oeste,0
44,2023-08-10,51140.26249794169,12,3,4887.073248639543,16,650.0386406777268,M,Casado,Norte,0
46,2020-01-18,55371.845577265136,1,5,8485.193115628495,6,724.6809318180852,F,Soltero,Este,0
49,2021-12-28,80569.36852825063,8,2,10119.475484931498,21,831.5094010107804,F,Divorciado,Oeste,0
67,2021-05-26,60156.71512579247,7,3,8679.14495042333,16,828.4590718685139,M,Casado,Norte,0
68,2022-04-27,60765.92158099266,6,2,9695.410836146084,8,714.3764643108585,F,Casado,Norte,0
36,2020-11-25,71450.14674619604,3,3,11107.388488379582,12,691.5289567137146,M,Casado,Norte,0
38,2020-04-04,42700.945409142296,17,5,3158.6553063718547,14,715.7735207611681,M,Casado,Este,0
22,2022-07-02,33215.80665321987,2,4,3733.5218634836756,22,730.9006932774348,F,Divorciado,Este,0
35,2021-08-31,29103.81611957933,5,5,-3611.3887046157233,11,673.1701822941944,F,Divorciado,Este,0
45,2022-06-27,20000.0,11,1,14712.726142267358,21,717.4543059953103,F,Soltero,Este,1
59,2020-11-03,91124.14259880644,11,3,10076.135103087247,8,542.6370428958203,F,Casado,Sur,0
39,2021-05-09,27935.832685566336,7,1,15239.255657325783,10,708.1348883346765,F,Soltero,Este,0
38,2022-03-31,45574.92752828456,0,1,4311.310020943039,20,747.6813595024605,M,Divorciado,Este,0
23,2022-05-15,44463.73400222159,3,2,10122.036697665812,15,651.0158057993594,F,Casado,Este,0
18,2021-06-27,56148.13395618201,10,3,11074.132530583007,12,690.4527355713901,M,Divorciado,Oeste,0
22,2021-02-12,66314.74425078594,2,1,7191.087525849925,23,588.8494619298876,M,Soltero,Oeste,1
58,2021-02-03,67209.46976719491,12,4,2232.861007666036,14,574.9686417040687,F,Divorciado,Este,0
29,2020-09-12,38338.45122862123,16,1,18729.356680675784,10,721.081507795919,F,Casado,Sur,0
43,2021-04-20,46657.56572427177,9,4,16996.416706350254,16,627.0436984262384,F,Casado,Oeste,0
63,2020-10-18,55651.599009765996,11,2,8090.338641373176,10,522.3174338423976,F,Soltero,Norte,0
51,2022-07-14,45026.17747632906,14,1,12551.138225848037,11,588.8221700865558,F,Casado,Oeste,0
66,2022-04-10,82146.91152039985,9,5,7576.046618215534,16,603.3620906207931,M,Divorciado,Norte,0
31,2021-07-12,59819.49903276503,13,2,5022.981984876263,21,777.4580497731741,M,Divorciado,Oeste,0
43,2021-04-20,64697.55572099635,12,4,19136.30752478507,19,717.9114011368467,M,Divorciado,Este,0
62,2020-12-12,63257.62537334825,4,2,1723.155592970992,14,612.83978018427,F,Divorciado,Oeste,0
44,2022-02-20,73469.4771497065,5,1,8572.481515144425,16,641.223409502884,F,Soltero,Este,0
26,2023-09-03,53620.43117407414,1,3,10421.61913621117,14,831.2084416107226,M,Divorciado,Este,0
43,2022-09-28,24063.36104088307,16,3,18256.18289343643,17,793.6102435196951,F,Soltero,Oeste,0
64,2022-12-22,57993.75903505283,3,4,14482.943271180091,14,588.1939572018172,F,Divorciado,Norte,0
39,2023-05-03,36972.86212416342,13,4,1638.7511271634066,12,816.3525859626326,F,Soltero,Norte,0
64,2021-05-28,39427.666365004865,9,3,9986.24879482909,20,691.937119155019,M,Divorciado,Oeste,0
47,2020-04-01,61727.280375101866,2,4,10105.300991821798,18,779.9611626056244,F,Divorciado,Este,0
60,2022-06-27,74765.66142867271,2,2,8858.30832350279,18,683.6692044998493,M,Soltero,Norte,0
65,2020-10-02,50425.43153472123,14,5,13099.045537651506,15,818.5829198742175,F,Casado,Sur,0
34,2022-04-10,56176.66025197928,5,5,2954.4653612201146,14,584.0379388460201,F,Casado,Este,0
43,2022-12-15,84044.29889270476,16,2,7956.820437316649,18,674.4549568618484,M,Casado,Oeste,0
53,2023-02-18,54815.063589771366,11,5,12394.093741065377,22,821.6459777899117,F,Soltero,Este,0
18,2021-03-16,102033.6622836079,19,1,13397.878425803206,14,460.7391851802737,F,Casado,Sur,0
25,2022-01-18,61310.19291263088,10,2,10747.097367545985,16,695.3938595875535,F,Casado,Sur,0
66,2022-06-25,20000.0,3,4,8558.038998498505,15,660.6453680126813,M,Soltero,Norte,0
52,2023-04-11,65066.83242209065,5,2,9400.293631867637,11,768.4661230543745,F,Casado,Sur,0
69,2023-01-16,57623.167697655554,0,3,13702.035611886186,15,806.9913435410972,F,Casado,Este,0
32,2023-12-13,75795.05508165491,19,4,10169.5039206273,23,773.0283819306965,F,Casado,Norte,0
64,2020-01-12,63463.62702539917,15,3,4790.762272797357,10,724.1000253397245,F,Soltero,Sur,0
39,2021-09-30,47230.880320324526,14,4,3832.5120802754827,11,704.056454809536,F,Soltero,Norte,0
31,2021-01-08,25514.035274212685,16,5,2551.8128928194537,14,665.7289378520102,M,Casado,Norte,0
43,2020-06-24,45819.534854279496,7,2,17277.90409244677,19,720.9972621524631,M,Casado,Oeste,0
45,2023-08-23,32989.590915814,11,1,14037.309178062224,11,845.965482958551,F,Soltero,Norte,0
40,2023-12-28,38389.53100390555,9,4,9467.560584097264,15,616.9487701722459,F,Casado,Norte,0
31,2020-09-20,61771.56808841219,14,4,7731.0375741795815,16,659.7918524875927,M,Soltero,Sur,0
41,2020-02-26,83398.09008702813,8,3,7130.349960163212,12,692.4490027433193,F,Casado,Este,0
19,2021-02-05,57893.43059645962,1,5,15466.18553791105,13,800.0932679195669,F,Soltero,Este,0
62,2023-05-03,26082.33875929631,4,3,19522.167540873706,14,722.3302339552206,F,Divorciado,Sur,0
43,2021-03-05,58892.05336440282,5,3,6973.035380362305,14,798.3481895545191,F,Divorciado,Este,0
31,2020-03-24,73932.62973291302,6,5,15692.077603278547,15,803.41099905036,F,Soltero,Norte,0
68,2020-03-17,37804.341913612356,0,1,10140.064576794446,15,759.203682581998,F,Divorciado,Oeste,1
24,2021-09-16,47319.65666654165,6,3,8937.855350447668,20,593.6006383434446,F,Casado,Norte,0
20,2023-09-22,50293.76389458394,19,3,17521.071414149617,14,850.0,F,Soltero,Norte,0
64,2021-02-21,34302.033738355196,11,4,9949.171396286116,21,841.2380671092701,M,Soltero,Oeste,0
40,2021-09-15,62965.60867687718,15,5,11481.822196273179,15,706.3540050502337,M,Casado,Sur,0
63,2020-05-28,47581.037027844366,15,2,11241.369664557229,20,561.8229757516445,F,Casado,Norte,0
60,2021-12-21,58390.64887814056,10,1,1872.0031667027415,21,543.9501842125643,F,Soltero,Norte,1
64,2022-10-13,32250.156443958,3,1,11442.055743580308,21,725.4315626553711,F,Casado,Sur,0
62,2021-01-30,41250.83399353179,12,5,7186.539877798836,16,629.8249557869215,F,Soltero,Norte,0
35,2021-03-09,64447.62715655543,6,4,2894.234299271894,14,528.2810866639621,M,Casado,Norte,0
55,2023-05-14,42543.33695816466,3,4,7414.314597756188,11,542.0634300636998,M,Soltero,Este,0
