edad,antiguedad,salario,horas_extra,satisfaccion,proyectos_completados,evaluacion_desempeno,departamento,nivel,educacion,abandono
24,4,46546.930057526726,2.70565237355407,8.199954507203367,4,3.137440750650351,Marketing,Junior,Bachiller,0
50,10,73514.84315484687,27.3766875969828,6.206227148325272,1,4.4705505240835794,IT,Mid,Maestría,0
56,6,63707.145640547875,8.824250162245201,9.904251969120185,5,4.565152500511555,Marketing,Mid,Universitario,0
60,13,77436.36724807268,3.148827971258763,1.7908721263098824,7,3.873422161391252,IT,Junior,Universitario,0
39,3,51430.56489097609,1.4802891425884104,7.412289143252015,1,3.3409767332575044,Finanzas,Senior,Universitario,0
41,3,58310.82138499494,2.9932357316868003,2.024956801258144,1,1.2747874996641873,RRHH,Mid,Universitario,0
64,12,76956.3437322282,0.14944254813162947,7.946784031609171,1,3.61357810442094,IT,Mid,Bachiller,0
44,7,65779.1369595957,8.151683758105975,4.475887098667281,3,1.9479383771880805,Marketing,Senior,Bachiller,0
55,1,69110.30610486893,0.22765907451781311,9.752409828010773,4,2.6865981301610087,Finanzas,Junior,Bachiller,0
54,7,70487.10642867773,0.48043825496398324,8.0687075412513,3,1.9518837113932457,Ventas,Junior,Universitario,0
31,13,63627.70672420652,2.4502055538127183,7.969553366687093,2,1.0124310583837537,Finanzas,Mid,Doctorado,0
54,10,68629.35662385734,1.3974167683744532,6.52130969009036,3,2.0589413043538127,Finanzas,Junior,Universitario,0
54,16,79228.9530920416,6.86204685262603,8.726793311674587,4,1.6154845410345384,RRHH,Mid,Universitario,1
47,14,78932.11389778805,2.0655757782818265,4.416142406310716,3,2.0354671218317963,IT,Junior,Universitario,0
41,17,83685.73240774972,11.55900771486918,8.241980533259003,1,2.1367843012129786,Ventas,Junior,Maestría,0
36,18,75000.13434786805,10.213361519659443,6.105900615039386,2,3.4680271688395368,IT,Junior,Universitario,1
58,11,73983.21486930066,5.692079884411192,9.489989611625372,5,3.3131292489166397,IT,Mid,Maestría,0
54,3,58594.99706053318,3.070153060783844,8.95046728457826,3,1.4660541792578234,RRHH,Mid,Universitario,0
38,11,69949.22206839146,2.615344018303311,3.372784210277781,3,3.0011934915220295,RRHH,Mid,Maestría,1
26,0,42986.65869275298,4.615543472469353,1.8959724585407614,2,1.136284724205931,RRHH,Junior,Universitario,0
25,11,66577.4736747541,2.4395773720785776,7.844731533255402,2,2.134180163541223,RRHH,Junior,Maestría,0
24,8,64293.17493845099,8.659059032586798,4.71544631750127,6,4.101573503607537,RRHH,Mid,Maestría,0
42,12,66158.50112213165,6.180721166783547,3.3147939229913597,2,1.9570247753711767,IT,Mid,Universitario,1
61,18,95073.44399584565,10.05136904312039,3.6708942874940464,3,1.9796272950696538,Ventas,Junior,Universitario,0
24,4,50162.18543039338,0.07318496254119966,3.265951783400295,3,2.9175627105542636,Ventas,Senior,Universitario,0
42,17,82521.56650394495,1.81259602967768,6.566997863128546,0,3.725134870767414,RRHH,Mid,Universitario,0
29,9,52640.670314263545,0.11492922649984022,5.195906779439594,6,2.539458667786781,Ventas,Mid,Maestría,0
63,6,71538.59700150912,15.301563762614013,1.2701477212708627,3,3.9098474034569763,RRHH,Senior,Bachiller,0
57,16,76982.92798758697,11.636429860685995,8.940897059879328,0,3.513934047228895,IT,Junior,Maestría,0
50,3,65182.9237027893,2.3865502996168813,2.267802640328623,7,4.350881789699534,Finanzas,Senior,Bachiller,0
60,5,64458.575562026,4.275850572608569,1.2148512463017025,5,4.295624402182992,Ventas,Junior,Maestría,0
55,18,81870.3161113414,9.889486225393927,3.0811313598323955,4,1.6678545208278086,Marketing,Senior,Maestría,0
43,7,52827.55028520749,3.767566369701713,7.378680216045085,4,2.640565053380583,Ventas,Junior,Maestría,0
52,12,72403.9538104029,3.5575927192774053,3.11531277038067,3,4.601799405567741,RRHH,Mid,Universitario,0
49,9,73345.7833649828,14.785354470770091,7.564001144786374,3,4.6635014314670755,Finanzas,Junior,Maestría,0
56,5,63784.39390268747,0.5629161964707172,7.101835768621501,1,1.9462898341161439,Finanzas,Junior,Bachiller,0
55,13,87689.28711575095,18.997656249677107,2.60726041688679,4,3.859950150487583,Finanzas,Mid,Bachiller,0
34,16,70499.0856307948,4.292666781847364,1.5763709037763927,4,2.461659602916898,Ventas,Junior,Maestría,1
62,18,97150.83366452341,12.292918433825362,6.024535380176782,1,2.9047987358629936,RRHH,Junior,Bachiller,0
25,13,56816.52416117574,17.93157420624859,1.8684657188938565,3,1.2431600381376064,IT,Senior,Universitario,1
64,2,61770.70453722457,10.65039809957429,1.430851417965442,1,3.3558529669655797,Ventas,Senior,Bachiller,1
27,16,68514.22748205459,8.334430897844587,1.5713330758236168,3,3.631522405943525,Finanzas,Mid,Maestría,0
22,1,38704.341680801765,6.569182198973902,7.9373043815968,4,3.522442666505584,RRHH,Senior,Bachiller,0
33,1,51771.81444468094,9.557811235088987,7.285201027341213,4,4.215712791816899,IT,Junior,Bachiller,0
56,0,60291.65367970085,1.8782217069644445,4.9386562928781,1,3.464113721058795,Ventas,Mid,Universitario,0
32,14,70846.82434652215,0.6641671448204095,9.542399075342718,4,4.082555644725744,RRHH,Senior,Universitario,0
44,2,55949.13888133616,0.19741489418664182,6.43080070539089,2,1.8276126015669925,Ventas,Mid,Universitario,1
35,9,61609.25743107965,3.5839138724910975,5.966671228894203,4,1.6600999131533585,RRHH,Mid,Universitario,0
40,3,51184.18790712458,1.0805430658872857,6.259638326709909,1,4.396018566780984,Ventas,Junior,Universitario,0
58,14,78305.27264333428,8.701853486598578,8.523129337345704,6,4.17867101633607,Ventas,Mid,Bachiller,0
37,3,59497.8496809847,1.646090452277559,5.767781476619346,6,1.1040125985506157,Ventas,Mid,Bachiller,0
49,6,61218.713272214285,2.508457086772134,1.831129784516861,2,2.0311768592834483,IT,Junior,Doctorado,1
52,11,76591.11704789515,1.556399731538976,9.595719896182855,5,1.7754965974389298,RRHH,Junior,Universitario,0
28,4,51478.26335684558,1.1066856754124208,5.495201552757961,3,3.9732776192981696,IT,Mid,Doctorado,0
48,15,81749.45386225785,10.526506200702954,9.593069185828496,3,1.2228891424772743,RRHH,Senior,Universitario,0
38,8,64825.1412155282,3.507082900095939,2.9894685473777995,0,1.7363982898602313,IT,Junior,Bachiller,1
28,6,57914.440745519634,4.2221390671448775,8.530816046787086,1,4.906566254339294,RRHH,Mid,Universitario,0
36,4,58522.48572480591,4.598996780667595,1.7513315007770038,0,1.213223974475817,Marketing,Senior,Universitario,0
61,16,87323.8933047197,5.0648723445906505,2.751847573232575,2,1.3379351352177813,IT,Senior,Bachiller,1
33,16,70871.68690424848,3.6358108969152263,8.639648657325644,2,4.309929341814721,Ventas,Junior,Universitario,0
29,16,73686.36356663375,0.46944594960509256,4.026505787077056,4,2.696519707120681,Finanzas,Junior,Universitario,0
23,5,42902.27653815596,2.41928429323406,3.596570206554425,2,3.812884667804139,Finanzas,Mid,Maestría,1
59,15,79415.36141388808,0.4815435452086245,2.4620656190999664,4,1.2749038775104151,RRHH,Mid,Universitario,0
47,8,58583.34321375719,14.523288926749682,7.1490430884528005,5,4.555651622107156,IT,Mid,Universitario,0
42,0,50213.58300055382,11.999369152338497,3.886624944230528,5,3.420385724348322,IT,Junior,Universitario,1
34,8,57078.85130806206,2.6890488886787427,1.7795073493455238,1,3.340106354049753,Ventas,Junior,Maestría,1
40,17,65039.22717261726,6.082405975448715,2.6195571195170104,2,4.869517404948929,IT,Mid,Maestría,0
39,6,55795.13344202691,2.044769481897603,5.843965123685123,1,1.0814034475998016,IT,Mid,Bachiller,0
23,11,54292.8158564273,3.881081899728766,3.251256696110304,2,4.651401148510788,IT,Senior,Universitario,0
63,4,62147.006079975734,1.41888935556019,4.887575193474802,6,3.967155287587935,Ventas,Senior,Bachiller,0
49,7,65425.609268829394,6.3231517590148645,9.549781288316554,2,2.8816370442833583,IT,Junior,Universitario,0
44,18,79827.79904945605,0.4730443089659645,1.8276114000404426,2,1.2292346589493204,IT,Mid,Bachiller,0
25,12,57601.81533822101,6.669021453592344,3.483875278993061,0,3.824613520364399,Marketing,Junior,Universitario,0
25,5,56756.24689032315,0.900729386211863,6.8355878128131025,4,2.2226972287275504,IT,Junior,Universitario,0
33,4,58860.553695045484,1.9791985119122204,9.026746879417484,5,1.0536666438142754,Finanzas,Junior,Maestría,0
43,6,67159.10733249979,2.4294833950423027,6.780463644427274,5,2.3206628053879146,IT,Junior,Maestría,0
47,3,67286.36500412402,2.3560922973983662,5.25562436845172,3,1.7671394131518863,Finanzas,Junior,Universitario,0
61,16,81507.94897126546,2.396533301745329,2.6825796678961993,4,1.7700814420107318,RRHH,Junior,Maestría,0
63,4,67240.25248046617,5.394866243482925,4.230149660500462,10,2.8357482392390163,Marketing,Mid,Universitario,0
56,9,61587.05551036414,3.091081292777745,9.457986661946945,4,1.7362826110334741,Ventas,Senior,Universitario,0
25,9,59363.38208322564,2.7071695174682437,3.1597379282974307,4,2.550654505473026,Finanzas,Mid,Maestría,0
33,16,70249.5565298953,11.152249486349643,8.759093052329508,1,4.080452607058074,Finanzas,Junior,Universitario,1
25,2,41057.767237393695,12.605410768829696,8.311302369794898,3,3.9336076381699994,IT,Senior,Bachiller,0
52,7,76897.27262318971,4.658572389240373,7.8300672131618425,4,1.3152794856482055,Marketing,Junior,Maestría,0
28,16,74101.96770327486,4.121904545861495,5.066906885972932,1,1.7185807422826813,IT,Junior,Maestría,1
31,19,68840.64602405032,5.044687794163618,1.4836536338104376,2,4.59896737121818,IT,Mid,Universitario,0
45,6,55573.52810382668,8.70781090628053,1.2615527474988384,1,4.426883252278236,IT,Mid,Doctorado,1
36,1,53004.94350443503,8.085648767302372,3.97448010465336,5,1.8043850442978955,Finanzas,Senior,Universitario,0
60,5,65412.99135737958,7.744735836467732,1.1069618710882687,1,3.813749673646813,IT,Mid,Maestría,0
41,19,75928.72994033156,3.035732467882344,6.801006229978361,6,1.9925305558562822,IT,Junior,Universitario,0
28,15,67677.84132620765,16.085031453301625,1.7156211511188122,3,4.926136153687288,RRHH,Mid,Doctorado,0
34,9,55437.38018083611,0.6850583271676819,8.940370032134634,1,3.185130503209027,Ventas,Mid,Universitario,0
49,16,76375.0208745404,0.4450438970527366,9.735924293464814,2,1.8849208986990127,Ventas,Mid,Bachiller,0
60,8,72550.7247312641,0.6103773876572572,9.391892526287101,0,3.021506416401091,Ventas,Junior,Universitario,0
39,10,68369.18159002849,1.7740690395920402,7.549636811221703,5,4.122044091686306,Ventas,Mid,Universitario,0
32,15,70480.22753701934,6.301823749395958,4.350386357146287,2,2.0220343890212673,Ventas,Mid,Bachiller,0
57,13,78793.53095170124,3.526005854453278,3.4274370114291766,3,3.2950615671799843,IT,Junior,Universitario,0
57,11,83189.83860216296,1.852140252541744,1.0957160007589684,2,4.157532994890693,IT,Junior,Bachiller,1
23,2,40469.945512244674,0.03570772713966778,8.683928994153181,1,1.325796584289073,Ventas,Junior,Maestría,0
38,10,56254.43763648414,6.02045142502861,9.368869136590295,1,3.039672157636104,Ventas,Senior,Universitario,0
27,14,63968.318698415955,15.636724273903155,6.392894480138987,7,2.5770761721314566,IT,Mid,Universitario,0
62,13,81619.12742524833,0.2784679285579266,1.0610897863008173,2,1.7058335666270037,IT,Mid,Bachiller,0
44,16,69888.45023055431,0.7608250863864218,9.280536179945061,3,3.1134076593387023,IT,Mid,Universitario,0
37,3,51064.67120091422,1.6007652323257862,9.836911616024956,3,1.9451905477708737,IT,Mid,Bachiller,0
62,2,68161.3299698339,3.765450128702334,4.0670110498508265,6,4.115372545403066,Ventas,Mid,Bachiller,0
47,3,61968.40862730594,2.374560510124191,7.900968892110381,1,4.598496394939927,IT,Junior,Maestría,0
22,6,46813.189275648365,4.899258588231314,1.5870847087659152,1,2.0960982749301866,RRHH,Mid,Maestría,1
57,18,80899.83148701671,2.504486533465748,7.857791629612421,3,1.8953790739281557,Finanzas,Junior,Universitario,0
51,14,79157.51241484749,23.31659178367708,8.862793435507523,2,1.7522275303147712,Marketing,Mid,Doctorado,0
23,8,58064.80064851794,7.423492482982589,3.5445918767905242,0,4.018772021049065,IT,Mid,Maestría,0
41,4,49828.74710032447,24.321238801264712,2.969409290156781,0,1.4276088773861928,IT,Mid,Universitario,0
26,12,60912.21068712838,1.3496046945917421,4.0173534164834575,6,4.698987012931017,IT,Senior,Universitario,0
52,16,79351.59432762198,6.8404350625363595,6.035824057043579,2,1.079510618202887,Ventas,Senior,Bachiller,0
29,0,40931.87265829566,1.4311132709382914,4.1218965997730574,3,2.557468326785883,Marketing,Senior,Maestría,0
51,19,85226.90675459965,2.9200144932427397,5.1784411615627866,4,4.5358882808901075,IT,Mid,Universitario,0
60,11,74736.00443385004,0.5588369683138436,6.992435167489637,1,2.925258072871748,Marketing,Junior,Universitario,0
23,15,67889.3526266158,1.4946311468349616,3.058584383193792,4,1.9664570234507832,Finanzas,Junior,Universitario,0
34,4,56023.32804890683,0.5526809843928377,7.4497579978926245,3,3.2524439316839873,RRHH,Junior,Universitario,0
25,11,52428.78186623622,2.996681441238186,9.196719218867297,2,2.796797321444459,IT,Mid,Maestría,0
29,17,61675.157948153435,17.026994980082822,6.432051162681527,6,1.9796026437573682,IT,Senior,Maestría,1
60,12,81671.59745163373,5.785536971663417,6.131085117407275,4,3.618374611341957,IT,Senior,Bachiller,0
46,18,86360.49211839386,4.686647296161345,1.39696631131395,1,3.922792845468846,Ventas,Junior,Maestría,0
28,17,74318.06491462661,0.7406867615698208,5.119391685548108,1,1.9330771832729905,Marketing,Junior,Maestría,1
35,4,57408.325708299795,0.2690308944035723,9.321058440649924,3,4.25614376626965,RRHH,Mid,Bachiller,0
50,1,54208.425124100744,28.604728193518678,2.7045638293493983,3,4.040617956105576,IT,Junior,Universitario,0
42,12,70620.48231233793,3.9244586189449153,9.878091458115486,3,1.9293473306344504,IT,Senior,Bachiller,0
58,8,83314.21709055778,3.2880424586520647,9.230880634848521,2,2.0750537420383472,Ventas,Junior,Universitario,0
54,1,59559.08845298657,11.614131634292214,9.402119763339797,3,4.761010207371879,Ventas,Junior,Universitario,0
62,17,92533.2974222137,0.26513312087292334,2.730904383587045,5,3.9062895578869408,IT,Senior,Universitario,0
46,2,48030.04885798142,1.0330752483034533,9.051491701751065,3,4.184774803728438,RRHH,Senior,Maestría,0
35,11,65726.0975429219,7.238153042099283,7.376963332459919,3,2.521803022676856,RRHH,Senior,Maestría,0
30,15,67671.69873611568,1.7530881078600111,7.0063733843641565,4,1.6276385225576235,Finanzas,Junior,Bachiller,0
36,8,58218.863414303996,1.081667412282862,5.175209111775986,2,3.7137216459743034,IT,Mid,Universitario,0
28,11,64363.354258846535,7.7254303050193665,1.7245691844310551,3,3.4378478006362143,IT,Mid,Universitario,0
23,13,64743.83359324988,14.47646836745687,4.524842105061602,2,3.7008726242867582,Ventas,Mid,Universitario,0
52,19,83811.77867467345,2.2778259967329726,2.2343986993253933,6,1.1626571553744776,Ventas,Junior,Universitario,0
28,3,50876.200887016064,2.415762637999804,5.7874521369317415,4,1.5964893936340454,Ventas,Mid,Maestría,0
62,19,95215.7877364874,5.675650528800887,1.6142220048469804,2,3.239303061047248,Finanzas,Senior,Universitario,0
32,19,80331.39810366392,1.7140542590379049,5.453869880665707,7,2.056876393202803,Ventas,Junior,Maestría,0
34,6,52620.12157432836,4.659441572685676,3.2652640750630333,3,3.032003461101955,Ventas,Junior,Universitario,0
34,14,80476.37730039726,3.8275490891358666,4.491962870010835,4,4.490263978671072,IT,Junior,Universitario,0
47,17,82368.52515438273,3.5058175220715753,2.204744170432753,2,2.4229056128263,RRHH,Mid,Universitario,1
64,6,68717.15415916037,7.557418467760579,4.141197062957596,3,2.670796347273616,IT,Junior,Doctorado,0
29,2,47158.87962135348,3.9121278489502185,7.710660580320311,3,1.3416301828473363,IT,Mid,Universitario,0
35,7,52028.49174940213,2.0779712563633943,2.541751944056401,6,4.023096938077794,Ventas,Senior,Universitario,1
23,7,47846.39520290353,3.8787371438223017,1.908664151261672,3,4.856876123116692,RRHH,Mid,Doctorado,0
63,0,62620.39557072508,9.924159331441922,8.607466558319311,5,2.399674152887496,Ventas,Senior,Maestría,1
36,10,55984.841467705075,7.412297754239169,4.612200557525868,4,1.142318448268063,Ventas,Senior,Universitario,0
45,6,59013.82471081925,10.292965078355953,6.958602987132814,1,1.0259994752432227,RRHH,Mid,Universitario,0
55,12,72685.25723754754,1.1185012761801243,1.5961170734802188,2,2.1444236759212028,Finanzas,Junior,Universitario,0
25,1,43189.39741951209,15.581954939730366,1.385509320347618,3,3.6032592454420334,IT,Mid,Maestría,1
39,1,43137.59269269268,0.462750848165315,7.545581516101147,5,4.789448345814118,Finanzas,Mid,Universitario,0
46,15,75548.74196926942,1.879389042552344,2.520739724751124,1,1.7102555386101104,Finanzas,Junior,Universitario,0
45,0,54903.533655352905,8.517977426630429,1.720408817624147,1,2.293111851308156,Ventas,Senior,Universitario,0
27,6,54441.50565243467,4.318518691274896,8.562726585892701,5,1.7508744398017213,Marketing,Senior,Universitario,0
55,7,58093.57909374908,4.998200696242719,9.529998153421191,3,3.9843884815989443,IT,Mid,Doctorado,0
59,6,75640.69004980025,12.824738487455235,1.8881061238784902,4,4.690708620301633,Ventas,Mid,Universitario,0
24,14,70397.35751493872,2.0308806215727397,9.051432135296476,3,2.8059208065692083,IT,Mid,Doctorado,0
40,8,60490.93884540561,4.393740743487612,5.2418269369468815,0,4.3064948027364,Finanzas,Mid,Universitario,0
57,11,83836.13789775633,2.1255778310718094,8.953846065698578,3,3.359981210615272,Marketing,Junior,Maestría,0
40,18,76427.9999616481,11.623056305331358,8.500726444034468,2,2.2153454617534174,Marketing,Senior,Universitario,1
49,16,76527.00462429415,2.679044838841334,3.7332865878447623,3,2.794716955512593,IT,Mid,Doctorado,0
31,5,47801.33678378487,3.493508687444172,9.631449457793515,6,4.403678169707312,IT,Junior,Universitario,0
39,8,61172.2258246315,10.357249665953322,4.60041240301528,1,1.3719285910897296,Ventas,Junior,Universitario,1
25,6,50794.24062079138,7.745268622760286,9.47798605947689,3,2.6407910510350883,Finanzas,Junior,Universitario,0
33,15,67479.7116148595,0.13314191308107262,3.259075884139522,3,2.0667906405177416,Marketing,Mid,Bachiller,0
48,2,58246.68329377271,0.4041286799848989,5.342794760099257,2,1.4594204230375527,Ventas,Mid,Bachiller,0
50,4,62252.14587731101,0.5099670310898988,7.5178179795235005,3,2.9942356748293606,IT,Junior,Maestría,0
33,16,63251.10834567937,4.3187478169093945,6.376187546755722,2,3.3183892670870647,Finanzas,Senior,Universitario,0
32,16,74598.5611934702,1.763782188378831,7.006882853603061,6,3.432485705138522,Finanzas,Mid,Universitario,0
25,10,61377.33101715172,0.6194582478544227,1.838638075857687,5,1.282603367455617,Marketing,Junior,Universitario,0
45,9,65843.77394470583,4.488441212432822,1.5502434174991933,4,2.330282365613281,IT,Mid,Universitario,1
47,0,52693.96922571753,2.1233246091811067,6.652818434901506,2,4.824329053947745,IT,Junior,Maestría,0
49,9,66604.31250882927,7.621842431059367,5.588084850833667,3,1.0642611267940323,IT,Mid,Maestría,0
25,15,62715.706214812526,5.92897502977142,4.202806586414934,4,3.6028933312475315,IT,Senior,Universitario,0
57,5,61238.870855127156,4.254563849339721,9.757118547977951,1,3.7389741648822437,Ventas,Senior,Bachiller,0
36,19,71240.9665452042,3.8457030839702218,3.6197643100297325,4,2.046360265189119,IT,Mid,Universitario,0
43,12,74654.04316411418,4.315684134381785,8.836255324395712,4,2.2435364496166885,IT,Mid,Universitario,0
45,10,76647.50688231479,0.5826667762603182,4.669368578905582,0,4.292536328129489,Marketing,Mid,Maestría,0
45,15,79253.02644145711,1.998894929972023,4.634270807688864,2,1.4096491701339113,RRHH,Mid,Universitario,1
58,17,82327.0225527307,0.21653707433852032,4.399013053745793,2,4.343489003858746,IT,Mid,Maestría,0
26,8,55342.11799034358,0.759372497741268,5.18771619561575,3,1.5733255210973374,Marketing,Junior,Maestría,0
27,19,67758.91685686739,0.6488985459552267,6.3258693424072625,1,4.436097625628794,Ventas,Mid,Maestría,0
31,7,54704.72177893002,2.4768908060534156,1.3126750072948468,2,1.7629782787873238,RRHH,Junior,Universitario,0
24,9,59023.26729982362,4.64223260807115,7.7523388460603515,5,2.4461826648749803,Ventas,Mid,Universitario,0
59,1,55322.894010161326,0.7193662863162689,8.154303502278097,5,4.689632830029638,RRHH,Mid,Universitario,0
55,4,56398.82397765583,8.183087811493126,1.0681785185669888,2,3.7724925647778718,Finanzas,Mid,Universitario,0
27,9,59805.81599124409,10.609084599275306,3.8953286194216994,4,4.976807648004829,IT,Junior,Universitario,1
31,19,69762.93747936656,12.93258783465949,9.61294182289873,1,4.958723409174013,Ventas,Junior,Universitario,0
37,4,51528.61041591851,3.092355596341962,2.6226342726349405,3,3.6427691952745973,Ventas,Junior,Maestría,1
50,4,55639.48956424239,10.496239355015417,5.9450865422990615,4,3.3375921303234852,Marketing,Mid,Maestría,0
24,4,46538.282890868635,11.786438567553361,1.4750343514694322,4,4.860187115303701,Ventas,Junior,Bachiller,0
32,0,44203.56683631849,2.8080033067827297,5.566129206854784,2,2.1232406646137614,Ventas,Mid,Universitario,0
58,15,83465.64677601604,23.435065270172135,8.102930294115904,6,3.2738454232000755,Finanzas,Mid,Bachiller,1
25,16,64593.305169283616,0.37695009090608955,9.496802022711513,4,4.523710661226527,IT,Senior,Universitario,0
25,10,54904.82893441636,1.1975632310845792,1.4205631166964743,3,3.445331983288642,Ventas,Junior,Doctorado,0
45,15,80691.25193212446,4.060068476253412,5.000136616009155,4,1.889209921029277,IT,Junior,Bachiller,0
49,12,70059.64444295858,0.02855420245789756,7.614192669147895,2,3.3175485202182378,Ventas,Junior,Universitario,0
56,8,70570.48859008365,2.03978946006181,9.867590036897491,5,1.1327847771899595,IT,Mid,Doctorado,0
59,4,69690.56690249484,5.196941437315048,3.3285549770402847,1,4.02994964067115,IT,Junior,Universitario,0
45,16,79717.32528061491,18.584789438488084,6.863451977317236,4,4.103503008131183,RRHH,Mid,Bachiller,0
43,15,78881.43607618216,8.963090753418536,3.4209568285336003,8,2.4446467116679393,Ventas,Mid,Universitario,0
47,17,80735.5623118692,12.831768179041772,2.653666716730377,1,4.773747652844721,IT,Junior,Maestría,1
39,13,73674.34284565023,0.19194916378995047,7.324036440527128,4,1.7965992984515289,Marketing,Junior,Universitario,1
24,15,62830.36165811521,0.3696915194424461,1.1563585854397234,2,3.05068332050267,Marketing,Junior,Doctorado,0
32,6,61513.72377603677,8.118418535593861,9.148375869567486,3,1.2298016739960782,RRHH,Senior,Universitario,0
30,2,48709.227474957646,4.223362005296392,2.3022776415021684,2,4.959468130504929,IT,Junior,Universitario,0
54,12,82376.29710780764,2.559967931389422,7.186423312090917,1,3.862455874622534,RRHH,Senior,Universitario,0
47,6,66888.30057410662,5.110732600214325,4.298327406199219,2,3.199687394172187,IT,Junior,Maestría,0
57,18,89801.22619070584,0.8867094443065776,2.8091599510168352,6,1.7856160993339119,IT,Mid,Bachiller,1
25,15,68670.8297084702,1.2795950568283447,1.7707606185155822,4,4.394291413089139,Finanzas,Senior,Universitario,0
23,4,50207.46194862879,19.427771818162004,1.8101975738009384,3,3.3314603919473473,Ventas,Junior,Universitario,1
29,7,53046.99911430218,6.262437398700036,9.12032595762433,7,4.4648037628828625,IT,Mid,Universitario,0
28,14,61020.826331383025,19.198369852995377,2.3795590893165226,2,4.043870198140452,IT,Junior,Universitario,0
57,8,66142.2835061802,9.754706062762871,9.411644309796484,8,4.2210840589677705,Marketing,Mid,Bachiller,0
55,17,85530.93831670546,2.4884955395510486,9.267922266022016,3,1.5789528154920833,IT,Junior,Maestría,0
61,19,92418.54782058591,14.246639467010375,7.2894463962267135,2,4.180303643493708,Ventas,Mid,Universitario,0
40,3,53497.10218205615,0.7701017563903989,7.455398091544186,5,1.992722310067074,Finanzas,Mid,Universitario,0
50,12,81192.74717784509,1.212965512968157,6.963365570442434,2,2.2347849741489214,Marketing,Senior,Maestría,0
60,11,76128.49068065833,0.3478789124098574,5.295884758402545,2,4.191349093603735,RRHH,Senior,Universitario,0
27,1,44043.27867575871,2.765847897934603,5.829646404676822,5,4.435156223063474,Ventas,Mid,Universitario,0
31,5,49766.85003648689,5.756420360204112,3.486833824312796,3,3.82261469936816,RRHH,Mid,Universitario,0
62,5,65484.702499669154,2.121673315479342,6.652017945165955,2,1.4907112236830846,Marketing,Junior,Universitario,0
63,2,66436.41065894402,5.198099754434402,5.852625403548331,5,2.2494662720182625,Ventas,Mid,Bachiller,0
26,16,61900.8186663903,3.522706953704102,2.89969609486219,2,3.430739640914847,Ventas,Junior,Bachiller,0
45,19,80201.8169999961,10.29385239089654,4.703068688001484,6,2.183225387911046,RRHH,Mid,Universitario,0
62,12,83477.78699611494,1.8315100859210927,5.066007907101026,4,2.3622944241146357,Ventas,Senior,Doctorado,0
43,15,74892.67696640536,10.433352183163947,5.3651880824045435,3,4.976594473371074,Ventas,Senior,Maestría,1
47,1,54833.43572926714,5.017538035902503,5.425930988102337,2,4.574561914436236,IT,Mid,Bachiller,0
58,15,84022.51203117572,5.491952840728759,8.59019955933329,4,3.857086975862899,Marketing,Junior,Maestría,0
50,7,68059.66154091737,1.0866116835831943,4.004503620576593,6,2.2457533216799623,Marketing,Junior,Maestría,0
57,6,70637.26702242334,0.9583390621063173,1.7447792765975831,6,3.3996458598790644,Finanzas,Senior,Universitario,0
41,5,57108.904782351216,1.6440817388909221,1.5542925792087479,1,1.6760863330839841,Finanzas,Senior,Universitario,1
39,11,65399.807074423035,11.425585278556788,4.250679236252256,1,4.160885920411259,Marketing,Junior,Maestría,1
61,13,75340.09491263583,8.590300494212386,8.445698453780809,5,1.0602269479702064,IT,Mid,Universitario,0
62,14,75647.4253026738,8.019913448987356,7.6709111053734205,2,3.17991684259478,Finanzas,Senior,Universitario,0
36,2,55042.95009752351,0.1119922417891271,6.928997233368706,1,4.863846867014539,Marketing,Mid,Bachiller,0
36,8,59293.818187279365,6.883765876265344,7.887332178466334,2,3.004427668182152,IT,Mid,Doctorado,0
45,17,72371.64326679286,1.8884437675763714,2.5778883259951155,3,2.2126576559809457,Marketing,Senior,Universitario,0
50,10,70209.130508737,23.628132813794842,4.143493750973965,5,3.2644750037774806,Ventas,Mid,Maestría,0
38,2,66691.3575178192,0.8391974256907092,6.652016586153298,3,3.7159518946196934,Finanzas,Senior,Universitario,0
46,14,62937.60033790209,4.019672140172041,2.7470842740398047,3,2.243395012620839,IT,Junior,Universitario,0
37,4,58732.91035635517,6.91941436175624,3.3802795399302097,3,1.0896528296636894,Marketing,Senior,Doctorado,1
38,7,51239.32943294863,8.26700089637203,4.577047049048158,1,4.417040968818931,Ventas,Senior,Maestría,0
42,9,58998.653188447315,11.979131502607698,3.105192000793797,3,3.3462026102760625,Finanzas,Senior,Universitario,1
48,13,68622.08526435924,2.938767858527604,5.157349798374032,3,2.4411993171770145,Ventas,Junior,Universitario,0
26,2,44765.81046650187,4.109203248225434,6.058985952104166,3,3.547614057592954,Marketing,Senior,Bachiller,0
43,17,81945.57851068953,2.2673824059553733,7.522825137547865,4,4.36865207995791,RRHH,Junior,Maestría,0
54,6,77991.73411789181,1.2857919329432674,1.5899404965367525,5,1.83607201658231,Ventas,Senior,Bachiller,0
61,5,68941.42082927027,20.31648305462062,7.15344715855702,1,2.926451490777895,IT,Mid,Universitario,0
23,3,53373.7559082693,0.27196719040272144,8.285626013901272,5,3.650073629146911,RRHH,Junior,Maestría,0
56,11,82014.31851643517,1.5695586725222288,4.754270110844018,2,2.891731026817173,Ventas,Mid,Maestría,0
64,1,59628.16398223945,2.395682819211034,2.8767786302075313,3,2.9806068561518715,Ventas,Mid,Bachiller,0
40,5,62261.35225445747,1.1341600387550297,9.159264649999143,6,1.8092712594137255,Finanzas,Junior,Bachiller,0
61,5,69008.78904260024,1.5089785194167207,8.624038044934725,5,2.5280047211621848,Ventas,Senior,Bachiller,0
48,14,82151.55357421862,0.644946509582822,3.4948050053334025,2,1.2225362088181266,Ventas,Senior,Universitario,0
61,19,88355.90608441705,3.2199535109023536,7.832688385577963,3,2.058332540701759,Finanzas,Mid,Bachiller,0
57,12,72952.05827843511,5.985051652246661,7.007255293877035,6,2.4606309153230916,Marketing,Junior,Universitario,0
60,10,74466.30989090652,0.7851740064733654,7.851759221303336,3,4.840094142702856,IT,Junior,Bachiller,0
23,3,51159.86002581356,5.236616263195018,3.399079698130372,2,4.663680157721861,IT,Junior,Bachiller,1
62,1,53500.953850318096,0.5766581332949854,9.180443816384642,4,4.204851218458847,Ventas,Junior,Doctorado,0
39,13,71065.6629036167,3.8232507138049927,3.6671427592638532,2,1.017946629755472,Finanzas,Junior,Maestría,0
44,5,57854.88655289409,6.252358574702824,2.6041613238454087,1,3.5544719495682484,IT,Junior,Maestría,0
47,11,62764.618237444345,5.423881086642458,7.030301820961567,0,4.628645028122712,IT,Mid,Universitario,0
32,13,63705.361203681176,6.056556054095764,4.92756649681443,4,3.702887019062744,Ventas,Senior,Universitario,0
22,13,62878.41709818394,6.772898191762725,2.638489541114728,7,3.724653375563717,IT,Mid,Universitario,1
57,18,81029.62568045685,4.847856742475654,1.9130549715334393,2,2.1518238286125175,RRHH,Junior,Universitario,0
41,17,81522.59044898915,6.908067859455195,2.1551909260712536,3,2.082729447128776,Ventas,Junior,Maestría,1
52,16,83202.83113046596,0.3930588574032737,9.377853917208313,5,4.56631851884416,Ventas,Mid,Maestría,0
29,11,61186.611245157095,0.8635814864706657,9.131108641259639,5,1.5550177232701587,Ventas,Senior,Universitario,0
61,2,58858.020102121045,1.55012152879102,2.1566867359598554,4,1.4710581479324234,RRHH,Junior,Maestría,0
45,4,61911.30772230742,3.5030206154282277,8.470982419367367,4,3.3492911679166446,Ventas,Mid,Universitario,0
41,8,68523.61179389713,4.684030251991858,5.995345458012389,3,3.649846411390175,IT,Junior,Universitario,0
36,0,52087.38958174194,2.9918604779794795,1.625237582771362,4,3.784616710776942,IT,Senior,Universitario,1
51,11,73673.50547661004,0.4729847350059071,1.9594850918728852,4,3.7630407269832733,RRHH,Junior,Universitario,1
41,3,57321.19847923114,21.686414232152003,6.283718527756319,3,2.6459945928119937,Marketing,Junior,Universitario,0
59,2,56973.766781921535,1.0583322958911825,1.7096077759302282,5,1.840481424439175,IT,Mid,Universitario,1
23,5,52553.078412305855,4.619973432959095,1.2034610477391734,5,1.3436305886117759,Finanzas,Senior,Maestría,1
27,0,42546.74517399916,11.788483511249714,9.338999872899741,3,1.1643008160877937,Marketing,Mid,Maestría,1
63,16,75704.67302108495,5.300733054827798,1.0552235546353421,2,4.60543663470917,RRHH,Senior,Maestría,0
39,2,43632.00489747652,3.1795022520769627,4.640065635324509,6,3.959470064249016,Ventas,Mid,Maestría,0
57,18,82382.27442765313,8.026498364967447,5.876020499831345,4,4.501132133334783,Marketing,Senior,Universitario,0
35,2,44488.1470275683,2.8017425779695926,6.993218270945508,2,3.1586965629917607,IT,Junior,Maestría,0
47,8,68902.26838685993,7.238137848849354,2.7972913693106864,0,2.615196510685563,IT,Mid,Bachiller,0
55,17,84057.19814458625,1.479438438367492,5.545146730023541,6,1.7221414963345554,Ventas,Mid,Bachiller,0
51,0,56460.943760383576,3.570134993825189,1.6927247048225902,0,3.5933084208052826,IT,Senior,Universitario,0
28,10,62266.10183619196,1.9068818812702761,2.2899309801803325,3,1.266923048392727,Finanzas,Junior,Universitario,1
51,0,59108.06986785355,2.2210159005500216,6.619102909979232,6,2.1402597735452353,IT,Junior,Maestría,1
39,18,87494.44916535063,2.9109166597135356,6.3673034709306515,4,4.0339440760773915,Ventas,Junior,Maestría,0
43,5,61346.83451968279,0.5498831524548703,8.288528239140927,1,4.340664375387949,RRHH,Mid,Bachiller,0
38,4,47684.73273593142,20.102929519196117,5.37349293538041,2,3.149589372791814,RRHH,Mid,Maestría,1
52,17,78181.38569090894,11.353311239635019,3.7305351337624786,2,2.26976845406929,IT,Mid,Maestría,0
38,12,64326.91995654441,3.2675703619732923,4.609932838390635,0,2.4196265719777035,IT,Junior,Universitario,0
52,14,76282.49507680105,0.7742856246137835,5.117164395440733,5,3.699210021692971,Ventas,Junior,Bachiller,0
34,19,77435.48687017716,0.6874007219594658,6.887073600296151,2,2.384857464959698,Ventas,Junior,Maestría,1
48,15,77317.85457077355,0.2510759487401926,4.212237975674219,2,3.4236497514726767,IT,Senior,Universitario,0
41,4,59455.38197305571,2.577523009067117,8.590717616285868,4,2.3383558267584514,Finanzas,Senior,Universitario,1
38,18,74604.2839931521,9.989420162720036,1.5105902372796205,4,1.2057504774028183,Finanzas,Junior,Bachiller,0
50,8,65848.8790834825,5.827026210417668,8.235070816405642,3,3.952896659858442,IT,Mid,Universitario,0
60,19,87405.76161394498,6.86911895549557,1.7091240430943775,4,1.7795835950146968,Marketing,Mid,Universitario,1
56,10,64207.846598898934,5.360130621747654,2.5607632073227755,2,4.837050202479343,IT,Senior,Universitario,1
29,6,55307.936144336294,13.778114703750344,5.639329397406238,2,1.635110057527815,Finanzas,Senior,Universitario,0
64,18,78392.99389169988,2.387145857527198,1.9547455737047794,2,3.5115468413382556,IT,Junior,Maestría,1
59,8,77631.5250748214,6.813955834395571,5.692315291168967,3,1.3798905026606723,IT,Senior,Bachiller,0
36,0,54741.906167589026,1.567715496183272,3.0199553398515384,2,3.9938437203796933,Marketing,Junior,Maestría,0
22,0,38256.229149485145,5.682606549722971,4.938802186414421,2,3.6789547543479193,Finanzas,Junior,Maestría,1
54,7,68310.55333752176,6.154177648993027,7.832819774284688,2,3.640148568746687,Finanzas,Mid,Maestría,0
24,17,61496.189137382244,2.274934019777228,8.896987198162265,0,2.5656732300028873,Marketing,Mid,Universitario,0
60,1,62355.00757408441,2.362423136376225,7.231109996780814,2,1.1125557846583876,IT,Junior,Universitario,1
59,15,90711.52154168827,0.055468192816070086,4.519111807547336,4,1.9321796317861524,Ventas,Mid,Universitario,0
36,6,56372.68089514073,2.941455626874766,8.997094517038992,3,3.2144428202671196,Ventas,Mid,Maestría,0
63,0,65995.09560790774,2.4245256962935984,4.2513966175028015,2,4.284652052504276,Marketing,Mid,Universitario,0
39,8,57376.22537640126,7.3082449276663315,8.08134387445082,3,4.13837753142343,RRHH,Mid,Universitario,0
59,11,70556.9635089253,10.94410320532659,9.566513370677894,3,3.3034222098105466,RRHH,Junior,Universitario,0
52,11,74836.09871788636,1.0075421085782068,2.1140698145553096,1,3.7072520974781025,IT,Mid,Universitario,1
41,16,76619.18843392907,2.7075117450576247,8.94263098608964,5,3.1434543820310386,Finanzas,Junior,Universitario,0
28,16,64562.85591805522,11.816212680793663,7.491233745859193,3,3.74958602413685,Ventas,Junior,Universitario,1
58,10,76085.06274342793,7.559967230480934,7.963338437431585,3,2.127784774007607,RRHH,Junior,Doctorado,0
48,18,88869.17631744611,0.2451977010318079,8.24135738837494,4,1.8178656026213593,Ventas,Junior,Maestría,0
29,8,56327.42829970625,5.197062422907656,3.360842920803492,2,2.7659095109433958,RRHH,Mid,Maestría,0
35,9,60718.64608072453,0.03153477564408321,7.254900852339043,5,2.2559240645630108,IT,Senior,Bachiller,0
36,10,58312.8131478586,3.5843208947960843,8.328373318413055,0,1.8602774186493147,Ventas,Mid,Universitario,0
28,19,66227.80274872703,6.370172116672635,8.472299470117768,1,4.934153574527938,IT,Junior,Universitario,0
54,11,73363.99795523276,3.55927295063511,8.031809206592524,3,4.316451883813423,RRHH,Junior,Universitario,0
55,6,65530.1870371861,4.477617909274926,5.663930661713733,3,4.302271627966686,Ventas,Mid,Bachiller,0
25,17,69063.0403310387,9.985936746608322,3.0400320398126732,6,3.90141863200498,Ventas,Mid,Doctorado,0
22,14,67151.9876221368,1.3936084985860684,7.009316060328401,3,2.1191542833968255,RRHH,Junior,Universitario,1
62,5,68986.36488933093,3.948599690233397,6.289983258747435,4,2.27510753549407,Marketing,Mid,Maestría,0
35,16,70878.2656789108,0.26539769768671584,2.578939273232786,3,3.6095053525218037,IT,Mid,Universitario,0
52,4,64501.637964085814,1.5995281651654927,5.027882100645026,4,3.607366419786791,IT,Mid,Maestría,0
59,14,76036.78585739007,9.370511882935821,7.764039451681843,1,1.2443591682008188,IT,Junior,Universitario,0
41,15,74064.20402500196,5.6985344500370285,6.600982341446139,1,4.14790210911101,Ventas,Junior,Universitario,0
24,18,63783.146070882955,1.9126212984209447,1.525772578231832,1,4.913136672784568,Marketing,Junior,Universitario,0
56,2,64403.51492609406,0.26106773040719766,6.619606761663382,4,1.674630856117889,Marketing,Mid,Maestría,1
54,2,57745.983740767544,0.9072553098121839,8.415953588474165,6,1.439719035368864,Ventas,Mid,Bachiller,0
36,14,65203.35570358041,1.0171015982930822,4.451757743087349,7,1.7098108525835198,Ventas,Senior,Maestría,0
24,15,55618.15466305296,2.846155826183008,4.8619403880671435,5,1.0846067358026255,IT,Senior,Bachiller,0
49,7,60270.541762532994,1.5293781094691237,6.315781486039716,4,4.366712336719762,Marketing,Senior,Bachiller,0
48,5,58033.06737182551,3.8117607099802298,2.342467294767275,3,1.028150103464422,Finanzas,Mid,Doctorado,0
54,4,63698.60701613438,0.6885473914540752,6.856476389323784,1,2.772511816989944,Finanzas,Junior,Universitario,0
40,14,68002.41759104357,0.9186114313160764,2.37182964457973,2,4.715224294521558,Finanzas,Junior,Maestría,0
54,15,71946.35846420137,12.209457830651987,8.247315788926066,2,1.4901633088896897,IT,Junior,Universitario,0
52,13,67230.28592926318,2.0819742679872504,7.6060670503667165,4,2.3363546246103275,IT,Junior,Universitario,0
25,16,76455.29613221704,2.310221231343166,1.5036870992410862,3,3.078724502983624,IT,Junior,Bachiller,1
53,6,55014.27633676078,7.1851333391700365,9.87895086592695,4,1.6753800963865464,Marketing,Junior,Maestría,0
63,4,58620.365074777175,10.86905368780349,8.499539128962127,1,4.791388039868417,Ventas,Junior,Universitario,0
49,13,71479.46485575452,6.240965161439781,6.637028606621572,2,3.4729170971626298,RRHH,Mid,Maestría,0
37,7,61613.89527599661,2.095872840220911,7.359302993799525,4,4.26107528004561,Marketing,Junior,Maestría,0
64,13,80033.15008797716,5.16036087418163,3.5456094424020543,4,4.946975669251316,Finanzas,Mid,Bachiller,0
49,1,59690.27540591598,0.23434788478240742,6.809039678172232,4,4.434234283632833,Marketing,Junior,Universitario,0
36,14,71214.89607625484,1.32233266077872,8.763338199074603,6,2.44614633199141,Finanzas,Senior,Universitario,0
43,2,50069.97824775231,21.621225863390798,5.685601376786134,6,3.7837450784790265,IT,Junior,Universitario,1
52,3,59149.36602215667,2.7761348773284604,3.3623346124573716,3,3.098374265169884,Marketing,Senior,Universitario,0
42,1,51514.613414904365,1.378812324792591,8.736191057767478,4,4.573119626445366,RRHH,Mid,Maestría,0
53,2,66091.55091877565,7.7544255090933145,5.119290217746179,1,1.6190975248450852,Finanzas,Senior,Universitario,0
28,14,70821.99970276548,4.0825614802800185,8.736280881052716,3,3.0959776069172524,Finanzas,Junior,Universitario,0
54,2,58060.87154179956,8.652508639813423,1.1650629434520463,3,4.372136752808001,RRHH,Mid,Universitario,0
29,8,54351.49497239338,20.11210926890938,1.8413385142445435,4,3.354575652515187,Finanzas,Mid,Maestría,1
35,8,70145.0599759625,1.2771670058143927,2.8075371039580017,5,4.0859130146843405,RRHH,Junior,Universitario,0
46,3,50725.86299138646,2.1638062511653935,6.018682741963226,3,4.936577848448389,Marketing,Senior,Maestría,0
53,19,81194.38768381195,3.895602717690739,1.4369842530871175,1,3.461765186303056,Finanzas,Mid,Maestría,0
49,10,67894.93843999362,4.237935320401091,3.8489634843974274,1,4.703542284371745,Finanzas,Mid,Bachiller,0
23,9,58514.54784224853,5.657040624493504,9.646806356806621,2,4.735063129195675,Marketing,Junior,Universitario,0
38,9,60951.70805935699,7.668417279590459,9.345700974284595,2,4.211340978965794,Ventas,Mid,Maestría,0
48,3,52368.479291908065,12.052191206833488,7.275456666499711,2,2.6903999370118528,Ventas,Senior,Bachiller,0
23,16,59282.79955988641,3.652228426833318,8.505021513026815,5,1.4801260283899178,Ventas,Junior,Bachiller,1
29,10,67386.25936781881,1.4135049746557868,1.3914886811260727,5,1.198722582240379,IT,Junior,Maestría,1
59,14,85666.63236014075,6.1830694407785645,6.635857688364256,3,2.674302124142027,Finanzas,Mid,Universitario,0
41,11,68584.92521163271,1.442420820309137,3.214519162713837,2,4.987203240912588,IT,Junior,Maestría,0
58,6,68077.3257029764,3.434664790869176,2.6364464692590146,4,2.5174871460760113,RRHH,Mid,Maestría,1
42,12,66300.31612958717,3.952262523818984,3.871162522366334,3,1.5634323457436317,IT,Junior,Doctorado,0
47,2,58588.236024946564,4.702992014737459,7.303071222740831,5,1.3045851844834973,RRHH,Senior,Maestría,0
52,13,77618.21025836613,6.611340618321232,4.50954674367232,2,1.8158696030915737,IT,Mid,Universitario,1
41,2,53131.56506154757,2.952600246149289,4.204484601176984,4,2.8411796458619936,IT,Junior,Universitario,0
27,12,56129.70987390415,7.662368509788292,8.978821736868248,3,2.082706792930966,Finanzas,Mid,Bachiller,0
36,5,54365.12118642166,2.9070499459834913,4.627719820041046,4,2.795924586754678,Ventas,Junior,Universitario,0
22,10,58520.59910506418,2.282107669333405,6.759996855404461,2,3.1115082632216726,Ventas,Senior,Maestría,0
47,10,63472.77994728694,1.8680224011448505,8.028890239355112,4,1.6667812868547882,IT,Junior,Universitario,0
50,3,59877.65230856964,0.4412526935179415,6.118077640546106,2,2.939995142393872,IT,Junior,Universitario,0
23,17,72345.35287922411,6.2765075592804065,1.538595859400434,1,2.97693739683663,Ventas,Mid,Universitario,0
43,1,54362.79456131637,0.7379878623796052,9.671178447776002,2,4.167550096851132,IT,Mid,Universitario,1
50,4,54850.60552398322,0.19887086538937787,6.88771696356962,3,3.970754078627867,Marketing,Mid,Bachiller,0
30,2,52319.93339564725,1.322199324154304,9.973650422926536,8,4.1110277765131436,Marketing,Mid,Maestría,0
62,2,71714.70385406593,1.248442213991869,3.2917169885482878,4,3.49494047823498,Ventas,Mid,Maestría,0
42,9,65545.66491353205,5.8636466934422025,4.708176247340518,2,1.608049143468416,IT,Mid,Maestría,0
53,11,76122.30489633378,8.392668038120695,5.311598920430036,4,3.155285121557582,RRHH,Junior,Maestría,0
53,4,54067.57988590054,0.9139466392862388,9.815815029888864,0,2.918181408493726,Finanzas,Junior,Universitario,0
61,11,73725.7438873374,3.239833134577561,2.3004047873214324,1,3.9945318533037844,Ventas,Senior,Universitario,1
47,14,67242.82505299048,4.564734215671576,3.6828059832646454,4,4.341080341351811,IT,Junior,Universitario,0
34,12,61711.14091741838,6.61530377915451,6.379318113736195,2,2.887011376245655,Finanzas,Junior,Bachiller,0
24,2,35436.55365683974,1.1750595461353848,7.663255585494677,5,3.423549993582793,Ventas,Junior,Universitario,1
53,4,57730.587659165496,0.7581045084451978,7.919744766640639,1,1.652809648079793,RRHH,Junior,Universitario,1
54,11,69795.59587747337,3.037561565679984,9.036034642233115,2,3.8733858990325776,IT,Junior,Universitario,0
54,5,64383.443221466565,14.938158477593145,7.8513204217992145,1,3.508554863884083,IT,Mid,Universitario,1
63,3,70181.01411286584,16.971915133999683,1.2507980158683054,1,4.465012102033995,Finanzas,Senior,Bachiller,0
63,13,81738.79361684169,1.2065810787924647,2.4167345631712007,2,2.2473421719683477,Ventas,Senior,Universitario,0
34,14,73549.70807862321,3.008235737224374,7.370640566853055,3,2.2395975731315514,IT,Mid,Maestría,0
64,4,65534.019846734314,2.1093342079147357,9.770032233469957,3,2.593339190726396,IT,Junior,Bachiller,0
27,7,60951.87997411646,0.07071310681563639,1.905786042800231,3,4.750803244005468,Ventas,Junior,Bachiller,0
25,1,35253.45281222559,3.258302649830673,1.8390323298020412,1,4.780244731713248,Ventas,Junior,Maestría,1
59,1,62924.764550318796,2.068585614970541,9.56601521406305,1,4.156980791228984,RRHH,Mid,Universitario,0
27,7,47396.7940731256,5.484243034299894,8.452887126191573,4,1.0441421645769347,Finanzas,Junior,Universitario,0
24,10,59356.75048636035,5.6527611532157955,1.7706674969886886,5,1.8197702789513794,Ventas,Mid,Maestría,1
48,16,76182.85409737269,3.78592908678401,6.699114898781103,5,3.4018619879406207,Marketing,Junior,Universitario,0
61,18,96225.75428722303,0.32937278922775326,2.573322848679163,3,1.606237034502938,Ventas,Mid,Maestría,1
41,5,58750.342420392284,9.094250318119144,3.3254591107771163,4,4.02384886589899,IT,Mid,Bachiller,0
39,9,58983.51683564399,16.212325477647887,8.167665239312292,1,3.327107862627357,IT,Mid,Universitario,0
41,1,43434.27242322634,7.774882052238299,6.248306491954742,3,3.9502823930282833,Ventas,Junior,Universitario,0
51,14,74901.4389808352,7.176642264627544,5.202677742678134,8,4.073591618791951,IT,Senior,Universitario,0
31,13,61271.51665816906,10.088088779443911,1.3876982822096968,4,4.258551068671469,Ventas,Junior,Universitario,0
44,12,78301.39660964481,6.283651939731741,4.921108596711294,1,4.231913608781545,RRHH,Junior,Maestría,0
24,16,66601.00791466865,2.4565762187833284,4.569578859109775,0,2.1019669232270344,IT,Mid,Universitario,0
30,10,62214.700685600474,2.403180732874686,6.1397118608273695,1,2.1014956085228107,IT,Junior,Bachiller,0
40,1,49029.596443284565,1.1657964496197,3.505544467060209,2,2.791443752652083,Finanzas,Junior,Bachiller,0
57,15,84468.91089258139,3.3482585744587015,1.1896026230825183,4,1.4887555968698951,Ventas,Junior,Universitario,1
61,1,58402.33736837189,10.278465927505152,4.653679353391036,5,2.278303190980249,Ventas,Senior,Universitario,0
48,19,85242.95840050658,0.5565511521546439,2.043891188918345,1,3.8780964214878986,IT,Mid,Bachiller,0
63,7,67964.3281036588,0.5465556829275202,2.6775162027390977,1,2.057830374389176,Finanzas,Mid,Bachiller,0
49,3,60713.23153964478,2.554197477521727,1.8952669102549349,2,2.763362312270122,RRHH,Mid,Bachiller,0
64,9,85538.83702084706,1.9883195707557941,8.056014939552675,0,4.695747547907089,Ventas,Mid,Universitario,0
29,11,68871.89797640691,0.2813686784680306,5.8070281246432405,2,4.3857268449484135,IT,Senior,Universitario,0
63,5,65032.5410861555,1.0616217946746582,1.174183297527712,3,2.5616615842712007,Finanzas,Senior,Universitario,1
29,10,54317.321667771765,12.583596528035347,9.416553778129087,8,1.7590719739275946,Ventas,Junior,Doctorado,1
39,4,61835.54566501128,18.910687272476096,4.9101442704795595,0,1.2148750165310687,Marketing,Mid,Maestría,0
42,19,85923.90170908594,4.037043242298285,2.8847056036468044,1,4.727503122007004,Ventas,Junior,Doctorado,1
34,14,64865.442380209504,2.6533681669451625,4.400442383717152,5,2.5812971784270657,IT,Junior,Universitario,0
48,12,67788.15724081841,0.3121920527515392,3.423772747382608,2,4.8220140525256125,IT,Mid,Universitario,1
61,4,68391.99264948866,9.728472252982105,6.542986057766221,2,4.356609925369451,IT,Mid,Universitario,0
37,5,58021.27597778668,4.377219857058939,1.0058111493321724,4,3.7137085763713507,IT,Mid,Maestría,0
61,0,59507.0934763748,0.24647723135556532,6.28216714973798,3,2.317754822822864,Marketing,Mid,Universitario,1
30,15,70192.6571897628,6.865299708948632,6.719771721971425,3,3.5247531420797773,IT,Junior,Maestría,0
48,16,74359.61293999956,0.18545637889922956,8.582094647801126,2,2.4067487072605687,IT,Junior,Bachiller,0
38,0,44390.32783527914,4.268785449518581,2.923302840129365,3,4.886246324521603,Ventas,Mid,Maestría,1
24,16,63516.34450450517,11.348245937641606,6.108269556077564,2,3.826393566151968,RRHH,Junior,Universitario,0
25,1,44019.47650583909,2.6597978889558953,5.392161227894622,2,1.9547325696601558,Finanzas,Junior,Universitario,0
61,7,71548.52596212555,2.319239191617315,2.3640186421447638,1,4.508780550461077,Ventas,Senior,Universitario,0
22,0,34273.547949036234,8.105718914687554,4.650485014042978,3,3.450481191606327,IT,Mid,Universitario,1
35,1,46986.55581775338,11.042318947700114,8.981453573626315,2,1.7665240076162783,IT,Junior,Maestría,1
29,12,67648.48602421857,0.024757933778813235,8.945055226150187,3,3.267008872898238,RRHH,Senior,Universitario,0
28,13,62339.64524419429,2.4856127959416923,4.824474951539845,6,4.044822895239497,IT,Junior,Maestría,0
51,2,58567.13068278397,20.69419794107541,8.057655325613393,4,3.6718406279321454,Finanzas,Junior,Maestría,0
46,11,63317.99430670544,2.0489367032990273,9.613606558337656,2,3.3047995616558694,IT,Junior,Maestría,0
60,18,92915.93765336592,5.536351076695483,3.3851450721321212,1,1.8777527402142469,Marketing,Senior,Bachiller,0
37,8,61109.19330847023,3.976210452858982,6.803571937000299,2,1.9060216759060213,IT,Mid,Maestría,0
32,3,46167.71889439847,7.579374892035787,6.864711711154796,5,3.7306162560678477,IT,Junior,Doctorado,0
46,4,54360.68198236511,0.8654589653747073,3.6992448436905203,7,1.6547777485593027,Finanzas,Mid,Universitario,0
54,4,62271.65644164479,14.893707384774853,8.587514891537175,0,3.431124024924032,RRHH,Mid,Bachiller,0
42,11,67375.66621165971,4.4777015868831205,6.849015337206016,4,4.232311840556651,IT,Mid,Bachiller,0
31,12,64889.10978197309,7.457145590622666,8.96489025328436,4,4.101697028051252,Ventas,Mid,Universitario,0
30,10,57122.52672559706,5.4014337899710725,8.802683957435697,2,2.068186642553889,RRHH,Mid,Universitario,0
22,2,40398.71983540944,1.9681379739459617,5.645053805333817,3,1.8639065874836565,IT,Junior,Maestría,0
55,10,73065.52053976974,0.21986521591682764,7.329149385948442,3,1.2940421681603382,RRHH,Junior,Maestría,1
52,16,70745.38735120665,3.083324361053738,2.1043665854495046,9,2.364059848715569,IT,Junior,Maestría,1
42,9,56166.4820616451,13.077336082373899,9.640529879580713,4,3.319620357232306,Ventas,Junior,Universitario,0
45,14,74507.82614768592,1.010127366343954,4.859252435310921,2,1.721513572424969,Ventas,Mid,Bachiller,0
40,16,77051.28016689219,8.296857546934369,3.9256011549621466,2,4.431100675198044,Finanzas,Junior,Universitario,1
42,11,62875.2665522059,14.34899137825057,3.518500670860892,5,1.2521221254086243,Ventas,Mid,Universitario,1
46,3,62913.15504688647,0.20049379872968115,4.225941305109215,6,4.861270203724706,Ventas,Senior,Bachiller,0
41,6,61279.98613271146,4.393836800563284,5.763144862984805,4,3.062628770272157,Marketing,Junior,Universitario,0
47,12,69197.88093821102,2.1301738143728253,5.240122574973599,5,3.638804980445026,Ventas,Junior,Bachiller,0
28,13,68055.70405506433,4.269070513770886,4.4075903213000505,3,4.922330720068842,Ventas,Junior,Universitario,0
24,10,58148.86840562431,6.284125935660882,4.57401033150375,0,1.086806530150866,IT,Senior,Bachiller,0
61,2,59857.10861396547,0.0588979359939137,5.548219633991258,3,2.6582716062696368,IT,Mid,Universitario,0
29,10,57646.999738964805,0.08633682673227407,6.641878991558659,1,2.4059200711395285,Marketing,Junior,Universitario,0
51,14,76202.90174081933,3.3474977337027196,2.490033524088563,1,3.0877550083082546,Ventas,Junior,Bachiller,0
32,13,67020.11945398782,0.8194807761012528,6.225900600207542,3,3.3476781617681213,IT,Junior,Universitario,0
29,17,79156.73877971934,7.309348188804854,9.437777634203844,7,1.023731244370747,RRHH,Mid,Maestría,1
58,5,53593.59847190407,3.851183370600591,9.778424021397633,3,2.257178887647457,IT,Mid,Maestría,0
38,19,64911.53822047645,7.004181171948176,9.39958089533604,0,3.4201109798680225,Marketing,Senior,Bachiller,0
29,0,49307.465926252764,8.07611645325379,3.116827898737565,2,1.2713805771832738,Marketing,Junior,Maestría,0
51,16,77119.43587204376,0.7474678058410665,2.238965520457866,1,3.86532632597164,Ventas,Mid,Universitario,0
64,16,96670.08088317736,0.11042632591734566,4.584354634435549,1,2.4958031357790906,IT,Junior,Universitario,0
64,7,76039.73865813109,4.80060286956887,7.56866204175404,6,1.7670208258198117,IT,Mid,Maestría,0
37,17,76940.99483706821,8.318733143349261,3.86615212492715,6,2.8458071900511683,Finanzas,Junior,Universitario,0
25,11,64570.2725944622,3.7908572124172544,5.279152659900784,3,3.021072344302387,IT,Senior,Maestría,0
42,14,68340.35988098811,13.329569932961835,5.297313312585734,2,3.285393754155934,Ventas,Mid,Universitario,0
55,3,55781.75581369042,8.80306412475166,1.3005261119393041,3,4.525488689068984,Ventas,Mid,Universitario,1
61,3,58094.3880205265,1.956907249062513,9.309782226405943,0,2.5344202583562945,IT,Senior,Universitario,0
56,15,76810.86693839934,1.8217747544401783,1.8876136806270967,3,1.367163696824682,Marketing,Junior,Universitario,0
34,6,55941.18046679021,5.0501768981143265,1.6855156396800415,1,4.763566946739533,IT,Senior,Bachiller,0
64,16,82779.29328100408,0.35037377101174055,6.164229562547728,3,3.5754587489441376,Marketing,Junior,Maestría,0
48,14,74817.74017514776,1.8807474672139814,4.501537409530831,1,3.8766820538278983,Ventas,Junior,Universitario,0
29,16,60163.5344586392,4.950824939858441,6.449691739036945,0,3.5530110105099237,Marketing,Junior,Universitario,0
62,8,75810.99294068261,4.851470185777734,4.98657399452604,2,1.8827828732496221,Finanzas,Mid,Maestría,0
63,0,54893.80831128338,2.458750000123779,6.070228144624759,2,3.190060564775509,Marketing,Junior,Universitario,0
50,19,77159.72057274573,26.057775421816032,3.965815228234942,3,2.525004482281401,Finanzas,Senior,Maestría,0
37,13,79950.42869242695,14.853641095756076,4.271207714617299,4,3.3445678399124845,Ventas,Mid,Doctorado,0
64,12,78026.67006351227,0.6954140770375189,7.476713611709383,4,3.203380733948812,Marketing,Mid,Bachiller,0
26,7,50436.99156412615,4.608031426575962,4.826480192190336,5,4.5826502537389615,Marketing,Mid,Universitario,0
58,1,59914.44559985311,3.598682788884771,8.457978481101586,5,2.4889289629030205,IT,Senior,Maestría,0
61,9,73368.39351091189,5.0313461065688845,4.844748827087239,3,4.022995968113633,IT,Mid,Bachiller,0
61,6,77441.42189639897,1.048616086617133,2.8393937145366372,4,2.4715883431131163,IT,Junior,Maestría,1
63,16,93371.6374087498,0.4086692922516554,9.406392498739615,5,1.527674225469425,IT,Junior,Maestría,0
31,14,64069.76157159619,12.16651954210863,9.860219597758402,0,3.670377675966733,IT,Junior,Universitario,0
36,11,57063.00541176101,7.20614345778075,8.549169713520099,3,2.367513354145306,Marketing,Senior,Bachiller,0
42,19,77168.84785225231,14.092748259335064,5.968690387572402,4,2.501276942804904,Marketing,Junior,Bachiller,0
55,6,66939.27888131372,0.49105658206894215,4.032563181322496,2,1.397528512228027,Ventas,Mid,Maestría,0
43,11,64547.992482822265,4.554677408643979,3.726160602207333,3,2.9976172000841976,Marketing,Junior,Maestría,0
43,0,50346.74815374693,4.294811684892044,5.892683351287382,6,4.121279893682937,RRHH,Junior,Universitario,0
30,7,47857.854097786265,1.3684998000185882,7.9685553034647665,3,4.6937064996016815,Finanzas,Senior,Universitario,0
47,1,62439.01484414697,5.057401581710046,9.220451705782947,2,1.807077014573494,IT,Senior,Maestría,1
34,19,71588.63238677001,1.156476482263527,4.9199085339140005,2,3.3314182749903347,RRHH,Senior,Bachiller,0
39,14,67926.37171617818,6.836079905508071,6.868401009676408,3,3.660374785184516,RRHH,Junior,Maestría,0
22,1,47945.64098244501,0.5484025719406158,4.7424176117034635,3,3.609343058503554,IT,Senior,Bachiller,0
44,11,65805.62289470954,7.713678638221484,5.166028104247517,7,1.983642048040461,Finanzas,Junior,Doctorado,0
54,17,79564.45166516336,0.24962086528100047,3.2413741717904894,4,4.90690524361899,Marketing,Senior,Universitario,0
52,6,55801.27894583442,2.310549338986224,8.307303112175003,4,4.756392117060374,Finanzas,Senior,Universitario,0
42,9,70642.59166214186,0.42134870898491006,7.481695129810136,2,1.335583796162278,Finanzas,Mid,Universitario,0
44,1,52547.58196619708,19.748377202824553,7.091379034362032,3,4.278930706415347,Ventas,Junior,Universitario,1
37,2,58818.60532460278,1.5606348724189272,6.873367052878901,1,4.917560914784152,RRHH,Mid,Bachiller,0
48,13,75113.97966300964,3.2030336031549917,7.6731673564850205,2,2.26361949277435,Ventas,Junior,Universitario,0
58,15,80783.1373470372,0.6006695267305269,9.019280387885468,3,1.9461225456092914,Ventas,Senior,Universitario,0
59,12,69737.12694133248,3.0291783202335414,8.978051644323697,1,2.74785527607492,Ventas,Junior,Universitario,0
35,3,47446.418487268056,5.149004395595429,8.476956667406235,6,4.768873100512089,Ventas,Junior,Universitario,0
58,18,81709.54477211855,4.7695606209433254,9.239758898531985,5,1.9799589158120225,Finanzas,Senior,Universitario,0
28,17,71027.75020151894,3.193539726466186,2.5492453963238475,0,3.225459342223775,RRHH,Junior,Universitario,1
33,6,58184.63765844725,6.518783802959027,9.795076478013845,7,3.98382272830405,Ventas,Senior,Doctorado,0
49,13,83795.33334527395,2.916841376494082,3.000008708411136,1,3.3812356389381995,IT,Junior,Maestría,1
24,12,61119.90130608656,2.0538222700589492,4.630463620908619,5,2.4702139784216373,RRHH,Junior,Maestría,1
43,15,77850.48556760284,11.404352523335213,9.378345066023092,0,3.2312482945605034,Ventas,Mid,Universitario,0
42,17,76999.57631854927,3.193607310744718,2.2316754791199713,1,3.699471057716598,Ventas,Mid,Maestría,1
50,19,89387.40345129141,0.1507695761888151,6.607554192688749,5,4.396258378479749,IT,Mid,Bachiller,0
41,12,79076.68616442573,3.648703566372361,8.653623761921136,0,3.566638715754105,Ventas,Junior,Universitario,0
24,7,49987.66352365741,0.36566286108213725,8.093351505923671,2,1.0047142243453249,IT,Senior,Bachiller,0
48,3,60116.558435765815,12.343799244195402,6.668915886693824,4,4.8998988834272375,Finanzas,Senior,Universitario,0
42,5,53433.22824203949,1.9786770513394811,1.025415187283883,2,3.8200761873740343,Finanzas,Junior,Universitario,1
62,17,83267.77967575403,1.0859363558202475,3.842962546359639,3,4.845268429529664,Ventas,Mid,Bachiller,0
54,16,80922.52384783144,1.8775599603895294,4.792884896981862,5,2.507931833094045,Finanzas,Mid,Universitario,0
51,19,82116.58606052467,15.110594302280955,4.099050306787852,2,1.6608833295477523,Ventas,Junior,Universitario,1
60,12,88332.44210944908,2.2664308048119084,1.8155043476775439,1,3.2357048060339904,Marketing,Senior,Universitario,0
62,1,58585.851949596,0.6965400660724641,5.889982178517352,3,4.626787229895513,IT,Mid,Universitario,0
30,7,52850.97716936574,2.2795514306723796,3.6998342635073183,3,3.4521291245752557,Ventas,Junior,Universitario,1
59,1,61085.579621757686,0.23142643203306543,2.201415690692216,1,3.23484889921358,Marketing,Mid,Maestría,0
44,14,68715.07040954396,5.572391335492293,9.136438019076424,8,4.2464235704215625,IT,Mid,Universitario,0
44,4,49780.319911498285,2.1363348347213664,2.630919002231956,1,4.25441438910173,Ventas,Junior,Bachiller,1
22,15,60305.89508304191,1.611305061477748,8.422535107789368,4,3.025348172232423,Finanzas,Junior,Maestría,0
42,15,69745.80064658851,1.1021323329644104,7.729755838205755,1,1.5497885058769127,RRHH,Senior,Universitario,1
53,13,77473.15868746687,1.6661667036092986,9.017374538615599,3,2.0902463410333563,Marketing,Junior,Bachiller,0
47,9,69269.52773259243,1.6800033304811233,5.076827992068027,5,1.7546153559151096,Marketing,Mid,Bachiller,0
54,9,76469.9093154467,3.5041250707720586,1.701305598989829,4,4.269379058940619,Finanzas,Junior,Universitario,0
30,13,74081.89002365217,0.3833220757164133,1.3146769833282677,4,4.045745433563663,Finanzas,Senior,Maestría,1
38,13,70137.74170589515,0.9021864914950566,4.378641616028559,2,2.4040495732148135,Marketing,Senior,Universitario,0
27,2,41823.8231476263,6.0962121967423455,6.988947314808868,0,1.6005956069248586,Finanzas,Junior,Maestría,0
28,19,71268.06007651782,5.862381440406903,9.568791512904914,1,2.1719442777500872,RRHH,Senior,Universitario,0
28,14,66837.93464154757,2.944858032525548,1.2507343007107095,3,1.2986414249376135,IT,Mid,Universitario,0
58,19,89563.97709594197,4.075147218032599,9.737667252393692,7,4.825833957942544,Finanzas,Mid,Maestría,0
26,17,66932.54003207703,14.262130320364957,2.243071641845151,4,4.430294012893578,Finanzas,Junior,Bachiller,0
54,5,72946.88422456314,0.999508648362789,1.0654834067884478,4,1.0045212952853633,Ventas,Mid,Maestría,0
31,0,44914.19615117455,7.111107822044415,7.092866539618429,3,1.5562704770862013,IT,Senior,Universitario,0
38,11,60492.874244539176,6.227628743212968,3.5758062220961175,3,2.2870065565999496,Marketing,Mid,Doctorado,1
61,6,69882.00275696743,0.5549779443714057,6.125048847499873,5,1.538187824639401,Ventas,Junior,Doctorado,0
49,3,59929.23187039888,8.111113906952578,8.069003971804232,2,4.434707193969758,IT,Junior,Universitario,0
43,19,85763.45681794365,5.730490786085808,4.787498683799457,2,3.9175143726402295,IT,Mid,Bachiller,0
42,16,74548.91198209098,8.52388594854135,5.753930623692463,3,1.9530362245000505,Marketing,Mid,Universitario,0
53,2,65013.6193094218,0.2750008333755567,3.5973293642586297,3,3.5956445595294912,Finanzas,Mid,Maestría,1
53,15,81910.11888851662,4.247156956190265,9.729844597945114,3,1.6995421604239525,IT,Senior,Universitario,0
57,14,89427.571948399,2.750681837603514,6.163234320275766,5,2.385402126798206,Ventas,Senior,Universitario,0
52,1,52351.49913275111,10.694460732450178,4.567769285833349,2,3.2624787864102642,RRHH,Junior,Universitario,0
27,4,55563.80211990598,4.3935058163165515,2.937871810754117,1,2.3370351059155547,Finanzas,Junior,Universitario,1
42,2,56691.54378588681,2.7057375537290174,1.3125325035398665,2,1.0005840243571034,IT,Junior,Universitario,0
56,11,69234.57171851212,23.829137832680868,5.963832569004087,1,2.820193610525543,Finanzas,Junior,Universitario,0
35,15,66723.36237960543,1.7628480841961305,5.023508298304032,3,1.3981749926977862,IT,Mid,Universitario,0
44,11,71461.55508319558,9.39311391833386,6.386702689004188,1,1.4263496046279989,Ventas,Mid,Universitario,1
63,12,79173.82107427891,7.258910693072974,7.1008449576234325,3,3.353702192470781,IT,Junior,Doctorado,0
45,18,79772.9591198146,1.8838880557446345,8.27562246744921,6,4.826385693174755,Marketing,Mid,Maestría,0
51,11,66893.9386995656,5.0737556971985125,3.6050609416607373,3,3.120261404176425,Finanzas,Mid,Universitario,0
31,11,62019.84274425536,16.247937875681735,3.0969885084388102,2,1.588879814455944,RRHH,Junior,Universitario,1
26,15,67213.56267393526,2.9898979187519323,8.384433060373048,4,2.279730404545049,Finanzas,Senior,Bachiller,1
63,17,86744.53519245343,12.07588854314628,3.194815852728504,3,1.3038850627339835,Marketing,Mid,Maestría,0
51,9,72253.27789524126,0.9884632149099819,8.642372677949645,2,4.0800334397738425,IT,Senior,Universitario,0
28,2,44676.40534930395,1.2959583134038888,3.8554809449007177,0,2.7658658415579427,Finanzas,Mid,Universitario,0
27,8,45507.46845434955,5.425563284974992,6.681671095683464,1,2.8854944375637737,IT,Junior,Bachiller,0
29,16,61497.12783634721,7.835219510257288,3.13586452208137,8,2.3416418556942595,Ventas,Mid,Maestría,0
47,1,55077.591411813606,0.8428456682584151,7.245238102026848,1,2.4857132123006007,Ventas,Junior,Maestría,1
39,4,61458.67398714518,40.10363473946431,4.782971024706536,3,2.3597447565079337,Ventas,Junior,Bachiller,1
57,10,75127.73548783072,3.928033164504021,8.754903442130756,2,4.433136649334833,IT,Junior,Universitario,0
47,4,54958.66718553062,6.647968240198393,8.989462934812668,1,2.894073895405444,Finanzas,Junior,Universitario,0
57,1,63277.66968651924,7.4753290443548845,6.063827378049338,3,1.160086307270932,Marketing,Junior,Bachiller,0
62,17,87701.22482423297,25.850393201389007,7.154234606346349,1,2.854473856238845,IT,Mid,Bachiller,0
25,4,45273.5494994807,1.898538027549049,9.012601301274008,2,4.911416117295683,IT,Junior,Bachiller,0
34,9,62300.13263703659,1.911021864600312,9.448496564679973,5,4.882045630454028,RRHH,Mid,Bachiller,0
45,6,52111.841523447125,0.3844178802735864,1.185310087985513,4,4.45600848896988,Ventas,Mid,Universitario,0
52,12,75170.20244286627,9.518380262957587,9.644256092266728,7,4.0867182371597774,IT,Junior,Bachiller,0
43,1,56121.619607916866,1.9027900877702346,5.683102198415573,5,3.271868600477197,Marketing,Senior,Maestría,1
61,7,75059.69912722292,0.4936792306936749,2.3870018170550873,5,4.003273284531076,Ventas,Mid,Bachiller,0
39,2,42389.21506568913,1.030940728514488,7.259343477557611,4,1.7305094788771385,Ventas,Mid,Universitario,0
55,9,66404.15915278306,1.533136791868307,6.75429075720608,1,4.5892050773846,Marketing,Junior,Maestría,0
44,2,60410.67121721703,3.519724071488785,8.542096170264086,5,3.3906294530076617,Ventas,Mid,Universitario,0
60,14,79996.94407617812,6.7675856590121475,5.359574633450974,4,3.1944935242591046,IT,Mid,Maestría,0
58,9,69583.65341344212,1.9423551952450175,9.36947752675718,1,4.4203637274150065,IT,Senior,Universitario,0
22,14,56079.587826100185,3.0358373947985138,1.6921073114080227,3,2.457366879513477,Finanzas,Mid,Maestría,0
63,8,78903.0653723892,5.380035071065942,5.53288826522362,4,2.482200525115655,RRHH,Mid,Universitario,0
41,15,57148.18168461906,2.6143060316585554,3.827760482692513,2,1.860680316558886,Marketing,Senior,Universitario,0
46,19,81898.80048708482,10.59091976075062,4.240963010507124,6,2.8146969141998035,Ventas,Senior,Universitario,0
27,12,61889.252024585076,11.973168731951183,8.525133190783748,3,1.7661559987241509,Finanzas,Mid,Maestría,1
51,0,59886.069687621064,0.7983945019099594,8.341205691700583,2,2.131271262542114,Ventas,Junior,Maestría,0
41,3,50972.993125783,8.320630751356417,3.791103163605597,5,4.261835536437875,Ventas,Mid,Bachiller,1
30,6,49813.62358352481,6.10403081994546,3.957301939986457,1,4.7212272863188,Ventas,Junior,Universitario,1
39,17,78052.08856388372,3.143104768500733,4.249136997496292,5,3.4561008017556367,Finanzas,Senior,Bachiller,0
61,3,60488.78910676713,2.4036350818809233,7.215659605719235,2,3.6612497092946565,Ventas,Junior,Bachiller,0
24,6,56259.71155919529,0.48993642661632025,4.027061586541059,3,1.7493571550365776,Ventas,Mid,Universitario,0
57,16,90380.4056578961,1.583730600769677,5.315915102148693,5,3.5137919594017673,Finanzas,Senior,Maestría,0
27,18,62146.826714343086,11.28154114319031,1.4453778982619516,3,3.4661720002088474,Ventas,Junior,Universitario,1
59,13,78399.51329233215,4.736318647408408,8.500782845063604,2,4.2903749512889195,Marketing,Mid,Universitario,0
22,19,68222.56306454366,10.428611437699738,9.991920559559652,0,3.095369283696768,IT,Mid,Bachiller,0
40,7,53727.567003417884,1.0931560791680837,6.269036270735602,3,4.918530595689373,Ventas,Junior,Universitario,0
59,9,80302.3600736587,1.7144516554803433,7.8453335885835305,2,1.282646597528811,IT,Junior,Bachiller,0
49,6,68227.1133923252,2.5604064925653662,4.927729392295747,1,4.060679787470898,IT,Mid,Maestría,0
30,0,47187.15245078868,12.306439347693212,8.773065439516133,2,4.327818838939004,IT,Junior,Maestría,1
31,8,55725.74164767519,3.2289822102298142,1.4234296577220862,4,3.019406136278717,IT,Mid,Maestría,0
45,1,56399.25185554859,2.303300645934071,3.8574361742441376,3,4.281246554969451,IT,Mid,Maestría,0
47,3,61800.1300898078,24.468836018193983,6.242098623063108,1,2.3998891768929678,IT,Mid,Maestría,1
29,6,53511.23765332029,3.601910458067002,3.6844725899448623,1,4.864217740180482,RRHH,Junior,Universitario,1
26,4,56658.53880537497,7.578773994051802,5.561408562627234,1,2.028282233060212,Finanzas,Junior,Universitario,0
34,1,48843.77087458461,0.5552600818804353,6.246279249274968,3,2.9062503858923416,IT,Junior,Universitario,0
43,15,68158.90582824897,2.6324719353025223,6.848556103149658,2,4.409561205435889,Finanzas,Mid,Universitario,0
55,13,73685.04758862991,1.758357918633942,9.774388059078946,4,1.185533091268835,Marketing,Mid,Bachiller,0
46,8,67094.6641051375,1.8947214991087322,8.613434496311262,3,4.640535192171502,Marketing,Junior,Universitario,0
44,5,57692.84997038099,0.8084231023442291,7.457857357091682,3,2.8152959091988032,IT,Mid,Universitario,0
62,12,82216.1277765515,4.250798642104976,3.4089390433342124,1,4.870869782962725,Finanzas,Junior,Bachiller,0
42,15,61436.38010275179,15.122965348836049,2.0450601674206004,3,2.6632151039691285,IT,Mid,Universitario,0
24,18,62529.682090427115,2.3161174764253167,1.8589615072700294,3,1.6805871831902848,Ventas,Senior,Universitario,0
29,4,48719.46262996957,6.866682298067853,6.983172717855945,4,2.0592569227146074,Ventas,Mid,Bachiller,0
60,8,63158.97894577552,1.1242039927366099,6.1983599288108016,1,3.4760340394522475,Marketing,Mid,Universitario,0
60,1,61401.78148137633,4.234538169650281,3.93117836933135,4,1.2233792327125301,RRHH,Senior,Maestría,1
43,4,65580.88120834969,5.205537610911656,3.138043884819978,3,1.3045708394821975,IT,Junior,Universitario,0
32,11,60806.94116867082,7.263015327549955,7.012092866973984,5,2.3814352098185645,Finanzas,Mid,Universitario,0
44,9,69395.35159282327,5.52025801460068,7.040198101002281,4,1.2388575954883212,Finanzas,Mid,Maestría,0
37,9,62332.14785321226,1.6841962225727376,5.930794945218116,2,3.2271465172348033,Ventas,Mid,Universitario,0
49,18,87161.27106155295,2.7262421244475727,5.013166667964298,4,3.3075478795920947,RRHH,Senior,Universitario,0
56,10,70736.3633481823,2.074560734870074,2.568811869612115,2,4.325990469835263,IT,Junior,Bachiller,1
63,11,81273.86696212209,4.534996211983007,1.6386641715102535,4,4.50566927453344,Marketing,Mid,Universitario,0
50,16,67121.84296259012,0.19446388745480808,5.332948074562469,5,4.328040140749507,IT,Junior,Bachiller,0
59,0,55962.77308158357,2.2058391513588584,3.315129943749027,4,1.5861094702653058,Ventas,Mid,Bachiller,1
27,3,52775.026109488994,4.415636164390327,7.830320725381394,0,2.2356391270431337,IT,Mid,Universitario,0
35,4,60208.797347680564,1.4267712677885735,5.814340386272394,4,2.347783685704788,IT,Junior,Bachiller,1
50,13,68683.0312212245,15.80080109788133,1.4478373864114467,3,2.5551079823771286,Finanzas,Mid,Universitario,1
49,13,67904.75598674822,4.228092715004295,7.422929766629409,3,3.8521667201066077,IT,Senior,Maestría,0
31,2,52279.19576628806,2.0175675108458306,7.119536893791974,1,2.2793225814960905,Finanzas,Junior,Universitario,0
25,17,71714.91235756119,4.075884080759237,9.139112690462113,3,2.0498801601953747,Marketing,Junior,Universitario,0
45,2,54349.053587852104,1.9128183106592391,2.9147773162367256,6,2.3860593572342137,RRHH,Junior,Bachiller,0
23,10,59471.62050167309,13.141959063013315,8.38728620772224,4,4.341788612270035,Marketing,Mid,Maestría,0
50,6,58542.01651286936,4.999171021800679,9.365329266331978,0,4.864043361640327,Ventas,Junior,Universitario,0
46,13,71530.63014165072,0.7681821860549704,6.514650162074377,4,4.048840699464957,IT,Junior,Universitario,0
52,15,71867.01032990591,3.878248784133299,7.637415775101833,3,3.418309987336306,Marketing,Mid,Maestría,0
36,4,52194.19750301911,1.5803598778020778,1.5264965588239008,0,2.2397188796980125,Ventas,Junior,Maestría,1
59,12,78409.49604569796,2.6014434633987054,2.0847445704262344,2,4.487728049660218,Ventas,Junior,Bachiller,0
54,15,84643.655008211,2.0937934071459465,1.6427031704395127,1,2.7566690491953816,Ventas,Junior,Maestría,0
29,13,65451.11680217723,0.31862353777877495,7.9423024093966745,3,2.3056158466621737,Ventas,Junior,Maestría,0
61,6,67617.01518335669,6.965211212820535,5.468812928866659,4,3.63264563823527,IT,Senior,Universitario,0
37,9,63783.0433926604,0.6907816918872682,1.1679641451444298,2,3.3381372204770265,RRHH,Junior,Doctorado,0
59,7,67726.6335053071,2.8598708361015204,8.237180406405823,5,3.5946737681184615,IT,Junior,Maestría,0
62,16,83368.86695503269,1.745634194721719,5.257644132538019,2,1.9220482884497052,Finanzas,Junior,Maestría,0
55,2,50560.3557453766,7.033513484152206,6.7508800093923735,4,4.796066385547503,Finanzas,Junior,Universitario,0
27,18,64606.11782559836,2.1114853343863462,2.984641362166066,1,2.2641172439205715,IT,Junior,Doctorado,0
60,1,59343.82842703106,16.5042029434164,4.8848786131160224,3,2.409594427196133,RRHH,Senior,Maestría,1
61,2,57172.09296548775,19.526633441810873,4.171646022813634,4,2.1522028019503505,IT,Mid,Bachiller,0
44,17,79912.18159948096,3.9146354541982875,3.5783679020219616,1,2.925432260361223,Ventas,Junior,Universitario,0
42,14,80772.39358097961,5.766011707465361,9.97548208857705,4,3.9601452474679357,RRHH,Mid,Maestría,0
56,14,82769.6674636284,4.8433155018301735,4.499408620376939,5,1.6544894051532109,IT,Junior,Universitario,0
50,8,69395.81619265735,5.65877721539262,4.07743206963938,2,2.987837608055501,Marketing,Senior,Universitario,0
56,12,71532.28925996013,13.648995376582151,6.528488758765936,6,3.283122791347945,Ventas,Junior,Universitario,0
23,16,61718.643576552204,2.413272588834465,3.711194307815491,5,3.27009185881319,Ventas,Mid,Universitario,0
54,12,79447.92269978092,3.510607140804723,1.4396687013221774,3,1.4231474227255636,IT,Mid,Universitario,0
47,17,82393.25240902467,0.5496287011643233,2.8430961398433787,4,1.1841603850871496,IT,Junior,Maestría,1
53,11,69386.17846219926,1.9012052262502248,5.826055004342456,4,1.6770135044688526,Marketing,Junior,Bachiller,0
39,4,60656.699955544194,0.8722616899617213,5.167509548934503,4,1.8609511193687287,RRHH,Mid,Universitario,0
55,12,66929.9406121682,14.79663415941231,5.6902065566042115,5,1.8400304240271566,Marketing,Senior,Maestría,1
51,10,60525.279370572825,17.332621533636704,7.209318659387468,5,3.0689828079454644,Marketing,Junior,Universitario,0
44,15,69787.33660767639,0.1972463798879995,1.3430435415150024,4,3.0458851487421095,Ventas,Senior,Maestría,1
41,12,69488.72315890262,6.053953397280148,7.8007908970124085,3,2.4090754076819803,IT,Junior,Universitario,0
44,3,56219.610498326576,2.1813104591629537,2.6584336850240313,2,3.8624372547237713,IT,Mid,Universitario,0
61,18,85154.71958459639,5.561846111968421,7.77966598356617,2,3.1392127721221432,Marketing,Junior,Universitario,0
29,0,47039.77248055776,1.4400901505191626,1.208892605616759,3,2.2023299300753627,Finanzas,Junior,Universitario,0
35,13,76798.98618158819,0.7789889736491524,7.195322525919238,2,3.4250409106073754,IT,Senior,Bachiller,0
44,1,59779.95984686569,0.9396356015224315,6.22894971852283,2,1.7810616588864296,RRHH,Junior,Bachiller,1
35,4,55548.95670732862,1.0530598978816477,9.28090089068871,2,4.419622319854864,RRHH,Mid,Universitario,0
23,16,63974.44478741656,7.23974701518366,6.276261306228546,5,1.041628542874217,IT,Junior,Maestría,0
25,6,52649.090754261044,5.688152065774097,3.3504480050522747,1,1.4776022729832272,IT,Junior,Universitario,1
45,8,64835.37574700381,2.1255137048268056,3.739435457613527,6,2.927878362321911,RRHH,Mid,Doctorado,0
57,15,82492.02538952536,4.364904553790444,5.327009828254274,2,1.850663874714602,Marketing,Junior,Bachiller,0
30,13,66719.24806539815,8.860861573952429,6.726194988363903,2,4.852875795137549,Finanzas,Senior,Bachiller,0
37,0,48593.7206336651,3.190975887692875,9.001159021237081,3,1.2643670753316152,IT,Junior,Universitario,0
53,1,67151.84719542494,10.906750607550407,7.2007892091477155,3,4.812430944358493,Ventas,Junior,Maestría,0
53,5,63431.22340394728,2.051384297241311,9.835108220953513,3,3.576602318232328,IT,Junior,Bachiller,0
48,2,57978.960160884584,14.718272976362236,1.0934281155002052,2,3.196476501253444,IT,Junior,Universitario,0
36,1,48298.22539159447,1.292497607075083,5.201041237141877,6,2.5922229374030796,IT,Junior,Universitario,0
25,10,60230.4428213331,1.1600770792809676,4.263625627105164,2,3.505650670403789,Ventas,Junior,Bachiller,0
57,6,69290.73172115862,11.978844994687385,2.5939629272495086,3,4.941397099277134,Ventas,Senior,Bachiller,1
46,9,70954.94938357655,3.155010971535388,3.1081335314161533,5,2.9820569779603128,RRHH,Junior,Bachiller,0
36,14,65278.275710140246,12.407577059152707,3.04478631956105,1,3.8073457186709168,IT,Junior,Universitario,1
33,1,48773.65216379056,0.6947725659569455,8.399908659574248,1,1.9645395801463161,Marketing,Mid,Bachiller,1
28,3,50669.86965103528,6.597311826680256,6.251088809650469,4,4.251172147041821,IT,Junior,Universitario,0
57,6,72430.29445226133,0.7833735728265011,4.610734102709649,7,3.408728848166217,Finanzas,Mid,Maestría,0
45,0,57743.77857304134,1.4943771815950213,5.668439288543762,2,1.1272387802746628,IT,Senior,Bachiller,0
27,7,45554.28293958093,6.169826993939134,8.633951797883167,4,2.439340889992987,IT,Mid,Bachiller,0
62,6,66776.12180949858,4.459904488624774,5.709521582783672,3,3.0253488472422156,Finanzas,Junior,Bachiller,0
52,16,82882.89053095272,1.0506273315182866,1.8873836702832905,3,2.718180465810947,Marketing,Senior,Universitario,0
42,19,82620.74778713699,6.94545738645,6.809859187236538,2,1.15723288810242,Finanzas,Mid,Universitario,0
32,5,57434.28680863417,0.03869801149884054,6.87907991589096,1,2.3597521865709123,Finanzas,Junior,Maestría,0
37,2,58615.82640113917,1.0933712298386196,6.609462465252902,1,1.1742198456222148,Finanzas,Junior,Universitario,0
35,16,72945.65798518457,9.65384334606245,9.296858722859811,2,2.132409837831085,Finanzas,Mid,Bachiller,0
46,10,73703.27600044597,9.304105242496162,2.910157517126436,5,4.645196143583346,IT,Mid,Maestría,0
35,19,86269.79178108387,2.781537061310568,9.977484750817872,7,3.5952276470815128,Finanzas,Senior,Universitario,0
59,8,71795.66510611329,0.17953254462701412,1.615706487243818,3,3.328080870093806,Finanzas,Senior,Universitario,0
39,8,63445.74582094051,9.869762803912808,8.014772021874622,1,2.2141014046022107,IT,Junior,Universitario,0
35,19,60268.37448960002,0.04196415270413375,6.533043606398196,2,2.181764428815637,IT,Mid,Doctorado,0
45,13,76772.21752643409,3.23827849128563,8.124190902332048,3,3.0821867317132736,IT,Mid,Maestría,0
29,5,62677.00592969222,6.450368789239888,4.194909563914128,5,1.4497664214161223,Marketing,Senior,Bachiller,0
46,19,73562.36376287461,2.036590579687392,9.975089712938763,3,1.2988842139925887,Finanzas,Senior,Universitario,0
55,14,77470.63479993878,12.559099737625811,2.1340281842551985,2,3.378946007447599,IT,Junior,Universitario,0
49,17,80637.01396331002,3.029586224898921,6.74182102647285,6,1.2520808161622363,RRHH,Senior,Maestría,1
45,19,85204.51922705115,1.4367053649683148,9.671331250128876,2,4.500771967396232,Finanzas,Mid,Doctorado,0
39,2,57436.72983310097,4.815276901461368,6.664239311242465,3,1.258904844752211,IT,Mid,Maestría,0
55,7,66203.55600950646,0.8947195814107707,5.930858775641044,6,3.5250019052384522,IT,Senior,Maestría,0
63,19,87559.47615442582,10.43246141612618,4.825006268221552,6,4.087362389805145,Marketing,Senior,Universitario,1
24,11,53495.67774044174,3.98080606346509,7.0619797102559625,5,1.1451116631976537,Marketing,Mid,Maestría,0
33,4,51572.96674615661,9.613369971755715,8.328202303659548,4,2.0228324346297955,IT,Junior,Universitario,0
57,0,62257.55400957767,6.583716908336655,4.793534801806357,1,2.341633278781658,Ventas,Junior,Bachiller,0
26,8,62589.419828593025,4.833279781305541,9.910177262156433,5,3.368105296053737,Marketing,Senior,Bachiller,0
40,16,69242.3632660159,0.10247971577117218,5.108259584556159,3,2.5602461134087378,RRHH,Mid,Universitario,0
33,2,51619.91452729771,23.824294929098087,3.554040937912748,1,1.177315185559253,IT,Mid,Bachiller,1
48,17,88375.70826954613,2.4699694638581535,6.379273688439003,2,2.3771103648140715,IT,Mid,Maestría,0
38,5,57329.98197570239,3.113441820263929,1.61980483301249,2,1.323649253641301,Ventas,Mid,Doctorado,1
64,11,74318.31058456497,2.8426182573669765,2.787769415375069,3,1.3607930240473145,RRHH,Junior,Universitario,0
49,5,60597.23484196054,0.6569904352605089,3.898159557252617,5,3.655886798049554,IT,Junior,Universitario,0
61,3,65710.03424438185,0.7830673150796762,8.130701681189802,2,3.0335674741369982,Finanzas,Junior,Maestría,0
43,18,87083.10469314124,5.3346557482935255,2.6698173404752628,3,2.770364248654095,IT,Junior,Universitario,0
31,2,48402.90816700481,1.9533545601456856,6.532035086488559,4,2.813046275754818,IT,Senior,Universitario,0
62,13,77105.67962737533,2.381202919444556,9.845696291479193,3,3.8495356354033157,Marketing,Mid,Doctorado,0
27,1,52524.32352102202,0.5719961308541247,7.755377945122864,5,2.159848985763535,IT,Mid,Bachiller,0
38,10,64043.79793375073,0.31982201581022707,5.279144198009712,2,2.9103948224426275,Marketing,Junior,Universitario,0
33,8,44115.763798162814,3.226655889064853,8.309451265923727,6,1.484984575157449,Finanzas,Junior,Maestría,0
27,5,47627.60902342028,3.673398753666914,2.0870599169272896,4,1.9485904324298873,Marketing,Mid,Universitario,0
64,8,68038.29114404155,1.1303951396169405,6.300042808565916,4,3.2180983143117317,Finanzas,Mid,Universitario,0
43,17,81796.7416998388,5.375792112304022,4.422632453237512,5,3.7486364835914463,Ventas,Senior,Bachiller,0
37,19,73387.4225752788,11.946123330486557,9.175324626009973,2,3.305888652463036,Marketing,Junior,Bachiller,0
25,16,69013.7342165639,3.754799544951676,3.795112803468011,1,2.0608230563249417,Ventas,Junior,Universitario,1
46,10,64710.929725903196,3.717948944736453,7.196355822994829,1,4.33048842583084,IT,Junior,Universitario,0
54,8,70821.9339238216,0.009027891536165487,3.096885216492829,2,3.9668576906922293,Marketing,Mid,Bachiller,0
22,18,70468.50482443233,3.0424579550109847,7.779991739862145,4,4.449336434936901,Ventas,Mid,Maestría,0
36,2,52756.37295987869,13.846507366967238,9.809901029410815,2,3.5718793085740796,IT,Senior,Bachiller,0
38,1,50942.17682353966,0.13599577064273127,5.1720898718903445,3,4.73397999751535,IT,Mid,Maestría,1
64,2,66438.60231077985,1.5200315332873062,8.987447251859626,5,3.2113612039170962,Ventas,Mid,Maestría,0
40,19,77622.48742768014,1.6285163399027622,4.144145100942764,2,4.596587509897729,Finanzas,Junior,Maestría,0
40,16,72827.46239305368,8.501918622718382,4.456570771533652,2,1.1825129808666475,IT,Junior,Universitario,0
41,10,68257.32591226322,2.144922028584185,2.0343108721398746,5,3.337093875648901,Finanzas,Junior,Universitario,1
22,16,62912.25545318764,1.2783555383311587,9.45915770114201,4,1.884893653404622,Finanzas,Mid,Universitario,0
44,11,72715.49220692679,0.40553806813820487,5.659154361712855,1,1.9109579889111643,Marketing,Mid,Universitario,1
37,2,49854.911906570494,0.05654679641750254,4.898028970283003,3,4.141808105484659,Ventas,Mid,Doctorado,0
45,13,67908.9180412578,3.4535024550624382,1.611527071012515,4,4.339723821401513,Ventas,Junior,Universitario,0
41,6,63653.612772122025,7.418167249240254,1.6699457663131994,3,2.3449029077431383,Marketing,Mid,Bachiller,0
36,7,62765.26569619491,11.41088546094117,3.5922961986090702,3,4.213333046806927,Finanzas,Senior,Universitario,1
45,18,78798.81360501259,2.5774360092676196,8.692710826275686,4,4.228286281579662,RRHH,Mid,Bachiller,0
58,1,69217.35997301378,1.7909229347747724,9.477576793777846,5,3.877570123930023,Finanzas,Mid,Maestría,0
62,6,79581.02427305868,0.9767273327416599,7.416435454316544,3,2.1521921681329306,Ventas,Mid,Universitario,0
54,15,81210.52726787515,1.294184547091162,8.800968467606792,3,4.0865319828757665,Marketing,Junior,Bachiller,0
53,0,56291.58378163186,0.5548634986690927,8.212115406212373,0,1.075967107528462,IT,Senior,Universitario,0
52,13,76937.61515136316,8.679047379882252,9.783818974956795,3,3.286305323567745,IT,Junior,Bachiller,0
36,2,50019.00061007541,10.470752902885929,4.586065879187277,5,4.204604700130142,Ventas,Mid,Maestría,0
22,13,59653.27125755681,8.316156327199481,8.471632682032107,0,4.2057227980849845,Finanzas,Senior,Maestría,0
33,17,64936.78287387026,5.6958025437526425,9.247992485668025,1,1.5809344964166878,RRHH,Junior,Universitario,0
56,2,59157.71969122295,3.6165212769005466,8.26347866684996,2,1.310204040087855,Finanzas,Senior,Doctorado,0
58,5,73656.76741827089,0.7127912811323427,8.754685919941988,3,1.4997821690798125,IT,Mid,Universitario,0
51,12,80981.10439011971,5.462554307689171,1.0123884850949598,1,4.0883706219606575,Finanzas,Mid,Universitario,1
47,10,66749.75819819736,19.460546905942454,7.402385643794063,8,3.963112015684329,Marketing,Senior,Maestría,0
32,4,42333.86992872831,1.1098673257648377,4.843389186500108,6,4.709247897303996,RRHH,Junior,Bachiller,0
53,10,79226.35832447707,5.487615556667804,3.0144553857786667,6,4.023829063039079,IT,Mid,Doctorado,0
23,1,48768.9712567074,8.36112607480252,8.85900583833808,7,4.734743156804916,IT,Junior,Universitario,0
31,11,63987.31945084859,16.580490244399527,5.397095859944189,5,3.733064529418641,Ventas,Junior,Universitario,0
43,0,46462.857525857195,4.639483791316651,1.0755182094213758,3,2.282871285115816,IT,Junior,Universitario,1
30,17,67677.5141298024,4.585361158123997,2.6088492377411683,2,3.18043148058684,RRHH,Senior,Universitario,0
51,7,63315.66518046279,5.520297392080357,2.1626341777733042,6,2.6408294192918556,IT,Senior,Universitario,1
46,18,73785.80539451502,1.9671463112242213,9.128437401703707,1,4.471741586343948,RRHH,Mid,Maestría,0
42,1,51743.8412269317,3.302439525017602,7.506637684811161,3,4.9736163724202145,Finanzas,Mid,Universitario,0
39,16,69462.96608805521,0.8154357968913429,5.040666884545587,3,2.091876849647991,Finanzas,Mid,Maestría,0
41,7,61076.39054376935,1.0861687139751437,4.070966807050402,3,2.8060035955185345,Marketing,Junior,Universitario,0
61,18,89252.72642579042,1.792644789187142,1.0591629554888566,1,2.785867842315948,Marketing,Junior,Bachiller,0
37,3,51297.78502341711,1.8357217871796694,3.568602457469264,3,3.067441438151083,Ventas,Mid,Universitario,1
60,9,70852.21201562183,8.4607266613802,6.9628934747521845,3,1.0876633625662477,Finanzas,Mid,Maestría,0
56,10,79947.81469493573,0.20520990364673136,7.337832822020709,4,3.7132061239804606,Marketing,Junior,Universitario,0
50,13,80657.01952489944,2.913685192645433,8.307972602312374,3,3.467480981691975,Finanzas,Senior,Bachiller,0
51,13,75529.03202432062,3.7850626691179174,4.838072251978415,3,1.6504609651789415,Finanzas,Mid,Universitario,0
24,10,50621.93938714626,6.314902532708743,8.128297006633384,4,4.12493913800839,IT,Senior,Universitario,0
53,10,67272.0743576097,0.20420357998579514,8.89515598598447,4,4.441941134190314,Finanzas,Mid,Bachiller,0
35,3,53690.53741042597,5.80668709501696,1.6909977977524773,5,1.0074802880326175,Ventas,Mid,Bachiller,1
47,9,74919.6945707574,7.493607317585522,1.6020910135964104,2,3.861975396762358,IT,Mid,Universitario,0
26,13,58495.51809598443,3.4866192728726335,9.424856331179102,2,1.5141081137143049,IT,Mid,Universitario,0
49,17,75520.31408786555,3.315102703920104,3.3495798332892806,3,1.779950445330309,IT,Junior,Universitario,1
29,16,68002.58406714894,5.457102597215372,5.435924142259806,0,2.7136994146183873,Finanzas,Mid,Universitario,0
54,5,59868.05097556831,8.796476625548465,1.172658288761775,3,4.532310896609179,IT,Junior,Bachiller,0
57,4,67152.24532873738,9.84596753949378,4.047092646058305,3,2.0433475443321285,Finanzas,Senior,Bachiller,0
34,18,62115.776721809125,7.461648190483865,5.208908362714989,2,3.4903986993903726,RRHH,Senior,Universitario,0
41,5,61368.78443375365,5.947214280957903,4.392018015588589,3,2.766656508506941,IT,Junior,Universitario,0
39,10,63119.96060534029,0.5773628024003612,1.4568339908660919,0,4.379986667236156,IT,Junior,Universitario,0
41,11,68200.86600484514,0.5088903672407026,7.201739746516196,7,1.9704699249594335,Finanzas,Junior,Bachiller,0
64,2,60673.02258774177,5.254180251675097,7.765668812027981,2,3.164335565417378,Finanzas,Junior,Universitario,0
54,14,82196.58186244799,4.473835293255256,9.53669492455871,2,1.0088050585591386,Finanzas,Mid,Maestría,0
42,3,59035.853768118825,6.2437861190328,5.7204793462109,4,2.899940596544054,IT,Mid,Universitario,0
45,12,66353.65968046708,5.27878202939762,1.3535314234528935,1,2.784949841941566,Ventas,Senior,Bachiller,0
