edad,salario,a√±os_experiencia,horas_trabajo,puntuacion,educacion,departamento,nivel
56,63645.13061251639,32.04825349404533,16.826246545791996,46.80923861010323,Maestria,RRHH,Junior
69,36909.80933271638,49.107283593215676,43.74860962128323,71.38650188317102,Universitario,IT,Mid
46,10304.28407158268,22.101202222336113,66.46448439513271,90.20790376033251,Bachiller,RRHH,Senior
32,17289.989364743393,15.26476412967478,44.43193749615663,42.58479623691098,Universitario,Marketing,Senior
60,41500.28503852152,38.98663580176178,46.594208079801106,84.85004466265865,Universitario,IT,Mid
25,15462.380173663847,3.369672247389748,39.39523772798297,97.00244765720954,Universitario,RRHH,Mid
38,27499.131850211037,14.283284439637573,40.726157812598885,77.98648952108549,Universitario,IT,Junior
56,32445.49964579642,35.40061975881798,21.903355585154507,96.76736643950973,Universitario,Marketing,Senior
36,13856.847090404037,12.848724347524453,29.02544258149449,95.44251934702082,Universitario,Marketing,Senior
40,21380.558824702628,18.244019629290722,58.11912781923152,77.83322848448732,Universitario,IT,Junior
28,4356.24762783359,11.12016907653759,25.1123611288536,94.71859369974419,Bachiller,RRHH,Junior
28,13197.809915715325,5.8078802005507,34.11759528940477,74.89122125751894,Maestria,Ventas,Junior
41,19413.343624362744,21.298546652571353,57.69998336090247,59.70994902997986,Bachiller,Ventas,Junior
53,11802.992842527314,29.593647149748225,40.32897832368263,47.28022287157215,Bachiller,IT,Senior
57,49821.687090680345,34.93002301900608,41.054078134874516,85.70246691973385,Universitario,RRHH,Junior
41,10774.41165847737,22.54160127127102,34.211089185695585,81.6611210043672,Universitario,Ventas,Junior
20,17676.25966943323,-1.2539341155755348,48.9960972177997,90.01503280728268,Universitario,Marketing,Junior
39,23514.447269111733,20.624897115993857,53.162307058953374,84.36074344585869,Bachiller,RRHH,Senior
19,45280.7213911298,1.4155038709109509,28.448959076365973,46.27478808725205,Universitario,Ventas,Mid
41,10743.63671075236,17.875066448211463,22.699098141946514,59.52611891549937,Universitario,RRHH,Mid
61,39402.39483596255,40.26481547811104,18.11757473117217,81.6842988028788,Maestria,IT,Junior
47,22139.453685572636,26.94510889925346,45.80501419812056,97.23275856820655,Maestria,RRHH,Senior
55,13483.819290288971,34.24361992443439,43.96854016400192,97.32756598478302,Universitario,Ventas,Senior
19,27751.682199293482,-3.140449439780913,84.2420216975512,80.30854144611514,Universitario,IT,Junior
38,24331.567194655574,14.545725648350263,39.47740622351968,70.78697236867683,Maestria,RRHH,Junior
50,16315.837835807024,27.50496272889699,36.98050200635122,52.3644095933548,Bachiller,Marketing,Junior
29,22808.784880176794,6.851133141799908,42.15565535494632,72.96910856878117,Universitario,Ventas,Junior
39,18166.657757479265,18.241344195101355,42.96174687936567,62.02344473935221,Universitario,IT,Mid
61,23312.81929576883,39.35540200186651,35.96178518411935,94.46457580372225,Maestria,RRHH,Senior
42,30670.76921791481,17.3293112825798,28.793564460652053,59.999202105036616,Bachiller,Marketing,Mid
66,48679.26303765711,44.76039570201193,38.724808916716796,66.32825423865712,Universitario,Ventas,Senior
44,11861.963918079797,23.221171490567645,38.207225084232746,92.58317822528473,Maestria,Marketing,Mid
59,63992.21327285948,38.11958089586208,37.98789364482518,45.741925502095036,Universitario,RRHH,Mid
45,8299.546055982712,25.161561451109243,50.80594015121374,83.05792969607253,Bachiller,RRHH,Mid
33,20416.6791768471,12.667844309097807,38.47683756716245,66.21639133440607,Doctorado,IT,Junior
32,29559.445110213383,10.918360158456874,22.88898579577817,81.24034455690554,Universitario,Marketing,Junior
64,25349.034813276474,41.85966857708271,30.499049868880146,91.56187883075658,Universitario,IT,Mid
68,16133.453302102569,42.67807813296802,35.80265948782073,66.31993345026642,Bachiller,Ventas,Junior
61,19849.59483994956,39.85923643826517,39.1229768790431,61.50121790938806,Universitario,IT,Junior
69,17214.36575768216,47.415375374326224,46.14416121945622,45.04183072528095,Universitario,Ventas,Mid
20,16404.60917411234,0.5431576743907469,39.23288736320571,85.45901045448163,Bachiller,RRHH,Senior
54,33684.76875716781,29.44650284835938,16.972751801214162,57.21630531451272,Bachiller,RRHH,Mid
68,26331.145129559733,43.837886919183475,23.90640941525107,94.21372889705292,Maestria,Marketing,Senior
24,15576.91364202223,4.1063057066658075,47.25326913122743,65.89437291440797,Bachiller,Ventas,Mid
38,34537.46437406744,15.92088969228669,35.45363000570633,80.89909592294023,Bachiller,RRHH,Mid
26,25684.67425300184,5.363001394745249,40.428597528476125,43.40967219642793,Universitario,Marketing,Mid
56,33071.628851494184,34.05663675226092,33.853405953336015,73.36211958057093,Maestria,Marketing,Senior
35,30176.3692215705,13.059512278991491,30.452826525369893,85.3438821312632,Bachiller,IT,Mid
21,14552.273206774953,1.8765676119519954,34.296459239515556,66.30023248539459,Universitario,Marketing,Mid
42,16645.737887413947,18.967910543565253,40.59962968042296,63.39458941640086,Bachiller,RRHH,Mid
31,32004.980252457874,9.192241553881967,38.375519038443606,67.71667177886818,Bachiller,IT,Mid
67,29887.186809038627,44.07544942258991,53.03933158442568,62.69626081621821,Bachiller,Ventas,Junior
26,21797.470349228723,3.1310075451353687,21.231747677118,77.11043111172555,Maestria,Ventas,Junior
43,23357.272989263576,20.38165575306272,22.35288163349413,73.63887787897274,Bachiller,RRHH,Junior
19,41724.02779229687,0.4442675432674257,35.305036955346274,28.2873552193987,Bachiller,RRHH,Senior
37,16386.519688269876,14.042502756673045,46.32879900876332,82.56912910898778,Universitario,IT,Junior
45,28956.462580774933,25.511512251147042,49.833149578641525,73.89609892498122,Maestria,IT,Junior
64,19908.532223696293,40.21078539556099,30.893033479883115,79.3817796517821,Bachiller,RRHH,Mid
24,19754.950524472424,1.626256711677282,12.487751020350688,67.79905040947708,Universitario,RRHH,Junior
61,38154.097121059334,38.12053788345165,31.257325437954666,85.81052692104981,Bachiller,Ventas,Mid
25,33279.8761839495,5.893955768707466,44.0174874243328,43.10299697644407,Universitario,Ventas,Junior
64,33082.33780858201,42.39310955302315,38.121768481670244,92.51648102790968,Universitario,Ventas,Senior
52,42308.33555154575,32.06368907893727,46.92556025477509,80.4476461153195,Universitario,RRHH,Senior
31,22259.004910909538,6.028879253926056,57.400003910652316,63.4980777080455,Universitario,Marketing,Senior
34,30976.263159930688,12.534100531738517,36.18021035763167,65.40109937071355,Universitario,RRHH,Mid
53,18861.2837593178,32.77926159124687,32.518041402961785,77.2522437061704,Bachiller,RRHH,Mid
67,25902.19974302493,45.16456797855085,27.342259642241427,85.05541057123712,Universitario,Ventas,Junior
57,20638.808140887726,37.130960750130704,22.30438494869106,69.99457293041146,Bachiller,RRHH,Junior
21,23121.032555552894,-1.0345769002007443,20.052918288263342,91.66274275988447,Maestria,IT,Junior
19,29660.70879427602,2.81869488037116,29.796505983664304,74.47536861521591,Doctorado,RRHH,Mid
23,14630.880231198846,5.5977962472385006,54.60770946385721,72.77839748982679,Doctorado,RRHH,Mid
59,62704.82251905227,36.27432287912068,48.50560220201211,44.419753157144235,Maestria,RRHH,Mid
21,13319.59195012514,-0.8910050428015436,31.96750002934599,91.97151637890283,Universitario,RRHH,Junior
46,12002.925534588694,26.906768954235403,76.62803433751256,78.07579022549412,Maestria,Marketing,Mid
35,39302.972720907615,16.159144291461423,30.54421117978052,73.53160052335436,Bachiller,RRHH,Mid
43,32722.930412200203,19.954279945693465,59.32687159862838,66.53776448909352,Universitario,IT,Mid
61,30093.362411413345,38.159626365808286,64.26998579763949,46.1832152165237,Universitario,IT,Mid
51,30157.012272504817,28.436430782278986,45.060492001082764,85.5720591535319,Universitario,RRHH,Junior
27,21892.001342258412,2.311098977931446,29.695467481013736,76.07663570092072,Maestria,Ventas,Senior
53,14063.988669091577,29.162696107031604,33.49485769843677,59.58349314855129,Bachiller,Marketing,Mid
31,22877.342267212214,6.991718466495865,40.9473823591852,69.66609781965063,Universitario,RRHH,Junior
48,15700.049500726476,24.464404869791743,22.544292615585555,64.33197840673887,Maestria,RRHH,Junior
65,35866.53140178404,42.93063022522644,26.39399007979857,77.41770918550404,Bachiller,RRHH,Mid
32,20464.998369398523,10.468429465073042,25.589469582656086,83.35995702270323,Universitario,Ventas,Senior
25,14577.746048518567,6.101000985628154,46.253284621750666,63.8390518513783,Maestria,Ventas,Mid
31,18756.714597781905,7.003291918522418,57.20331026805536,71.24786243032999,Universitario,Ventas,Junior
40,27077.698300845637,19.968644796953168,49.173135481678834,91.6827469628077,Universitario,Marketing,Senior
57,16616.271807450048,34.572022311548984,53.842598601569534,65.12282684602589,Bachiller,IT,Mid
38,14601.649813205366,15.901072580695134,28.781555130998072,51.49659565885057,Universitario,Marketing,Mid
33,24880.59859245459,12.349638984333208,34.03732330211356,65.80302363569949,Maestria,Ventas,Mid
62,24896.519300530068,37.7545559568754,34.96451397296554,46.05191337620791,Universitario,IT,Junior
35,17094.779650990586,13.764819492368101,44.99754007746138,92.38336385582292,Universitario,IT,Mid
64,17404.44386596808,42.33290441642611,76.7971924918232,54.052482955699546,Bachiller,Ventas,Junior
41,24736.24778896783,19.9849025280163,30.096596513742874,95.66797255627445,Bachiller,Ventas,Senior
43,10678.181529584715,21.578337287815636,52.666932698357115,46.05224848309893,Doctorado,Marketing,Mid
42,10897.275826555031,24.91060027982179,63.62653431088587,75.44612962745992,Universitario,Ventas,Mid
62,15379.302476129335,38.72452003149737,45.8025889797738,75.44278090627444,Universitario,IT,Mid
58,19796.81656367997,34.938006089996364,33.499524769131014,80.03368542005113,Bachiller,RRHH,Senior
46,25731.0518001696,22.75371894715047,27.84926082649927,78.89707506596176,Universitario,Ventas,Senior
32,46058.98370192292,8.88904576167949,25.61170154851495,70.02029762258705,Maestria,Ventas,Mid
62,33820.750445326004,38.725225745386965,17.046124155183385,67.41864396838852,Universitario,Marketing,Mid
18,20333.61557275476,2.3780330622151036,35.35107983472401,84.10484469998659,Bachiller,Marketing,Mid
42,21818.02836103927,22.84100849597971,34.62731745502668,80.97422753662667,Universitario,Ventas,Mid
24,13342.841698768789,0.8585074125010475,51.52268410903489,68.59730850921581,Maestria,IT,Junior
26,21823.517069917412,2.3352888537915426,30.814365779045033,88.70888639270748,Universitario,IT,Mid
41,19066.16697096695,19.942831112772808,36.06587524162003,74.41529650433631,Maestria,RRHH,Junior
18,25883.45602736211,-1.1044460885619425,42.380070445027656,69.25313131804972,Universitario,Ventas,Senior
61,14565.11446431315,40.265863635511025,45.54024996831706,86.5368749268691,Maestria,Marketing,Junior
25,28557.453722965238,3.4058460417025995,49.43387408679216,84.10241568674432,Universitario,IT,Senior
41,47399.61837551522,15.968511770005536,40.894474735487975,68.68701594166082,Bachiller,RRHH,Mid
28,20860.6507840939,9.095010402660122,23.036597167386816,54.35939373131827,Universitario,Ventas,Mid
68,26926.221319443648,49.59175534619104,44.137283603591186,81.80142796489083,Bachiller,IT,Mid
34,31103.38690251358,10.774422619031228,30.004332673859288,87.4544210346808,Maestria,Ventas,Junior
25,18022.743445579486,2.224596880128032,58.159149146820106,86.50298191878602,Maestria,Ventas,Junior
52,24638.02452426567,30.57173078144981,38.62857975521824,55.82062205547603,Universitario,IT,Junior
52,22165.586343193594,30.66891357997405,41.763946960635806,76.14412716158816,Universitario,IT,Mid
50,23128.896587671643,29.317088545345662,86.81104878419548,36.72183634780739,Bachiller,IT,Mid
22,14965.384422646974,4.020409077532699,49.73734273313405,56.341866462371094,Maestria,Ventas,Mid
59,22298.062876032633,36.6461055450119,43.856071976296924,85.70884606498001,Universitario,Ventas,Junior
56,28254.2493751741,32.40340551092309,36.44826961536858,94.2559939341812,Bachiller,RRHH,Junior
58,45504.74129962578,33.241361543970946,23.759134786378617,83.59395116741739,Universitario,Marketing,Mid
45,35583.43192135927,21.538139920116162,35.51174445923744,73.75791283380833,Bachiller,Ventas,Senior
24,64640.163898857936,1.9337460542524059,27.72290376442722,61.351445636297186,Universitario,Marketing,Mid
26,15007.813111191666,7.589115727035575,66.41119191696988,56.551331017106286,Universitario,IT,Mid
25,34069.58461105279,1.9647774019276572,44.06103420199078,95.746072179525,Bachiller,Ventas,Mid
29,24141.0985933715,7.447575903277797,57.40109085870124,86.18758396974171,Doctorado,RRHH,Junior
51,65834.64289997227,28.967154207854495,30.495832089789392,57.88285581300083,Bachiller,RRHH,Senior
50,14703.6472953674,30.376786546896167,28.461343608366928,75.06191416149716,Bachiller,Marketing,Mid
65,14474.432250514967,48.05386485174724,48.02703722168864,50.48060938422084,Bachiller,IT,Junior
40,16322.563237032738,16.938262454159357,27.312546164448793,72.89410348753405,Maestria,Marketing,Mid
41,7616.3470033284975,18.021121114963556,32.5903479815841,82.82559323225479,Universitario,IT,Junior
54,16934.74130135365,34.08832175413814,67.5572098205221,66.65737928852373,Universitario,RRHH,Senior
52,15069.583736220471,31.363782979252623,33.0625339578888,75.30770226414928,Bachiller,Marketing,Junior
61,23746.653475459112,42.69341465147207,21.85904529130041,53.61924444355973,Bachiller,RRHH,Mid
57,26131.009405036766,36.167856370651926,18.75832865232559,91.82529287129144,Universitario,RRHH,Junior
39,56279.48832593091,16.28141581842588,20.853451557065718,87.53796195326042,Maestria,IT,Mid
44,35426.37644861252,23.181309661384617,58.604495139534606,73.3633746097341,Maestria,Marketing,Mid
52,16507.137996146314,32.217407161165816,31.189541790590617,74.97748025160986,Bachiller,Marketing,Mid
18,14055.831813360346,1.640964362394728,85.77701601779843,90.20226444085823,Universitario,RRHH,Mid
52,28168.49927992533,31.014548062214594,63.89165662496697,78.09067223478641,Maestria,RRHH,Senior
54,11383.080855608237,34.133349379178306,73.35373268494368,69.95479642516513,Universitario,IT,Junior
64,55035.26182796692,44.33859118089134,54.330503232171985,49.02236056363813,Maestria,Ventas,Junior
31,39724.36714430732,11.764317982075054,47.13555767647148,72.94409965883492,Bachiller,Ventas,Junior
20,17420.660640613725,1.2974197751792853,28.084998138816125,89.95825094077593,Maestria,RRHH,Senior
18,9352.815832077391,-0.3342361606337087,38.28663506161112,42.265055741475884,Maestria,Ventas,Junior
22,43344.54712426848,0.29342737286664566,48.80522696415945,42.94378135639486,Maestria,Ventas,Mid
43,20800.453687980884,23.413017933016715,53.13825663899969,65.41925741568015,Universitario,Ventas,Mid
31,40900.93310143757,7.366128658025528,24.600258369276972,65.40898815342011,Universitario,Ventas,Junior
56,9924.742598933557,34.7373466177458,35.71426041036328,90.15016938986436,Maestria,RRHH,Junior
44,16322.707059772125,21.213322375345278,37.20002676094668,66.06936920664288,Bachiller,Ventas,Junior
26,22084.29165328151,4.057489645869635,36.67239880237427,76.52066615332484,Universitario,Ventas,Mid
32,22549.99891650742,12.556903725214598,25.830520955132066,78.64434345856166,Maestria,IT,Junior
32,17587.91441629102,10.382198136039806,70.15779685615225,78.73832043503198,Maestria,RRHH,Junior
43,30074.2609259072,21.092873096312296,35.282517720394225,85.36466306477803,Maestria,Marketing,Senior
59,12915.582218465759,34.280287718040164,26.525636227464013,78.81456648452966,Bachiller,Marketing,Senior
30,20512.920963711284,9.492507132054442,70.79135471224207,50.69579807469946,Maestria,IT,Junior
68,23391.96381977231,47.29096836228215,63.913720689486844,66.56322929207482,Maestria,IT,Junior
49,28487.464204778917,31.32650944661092,40.317083687443464,90.3788453719558,Bachiller,RRHH,Junior
56,31439.094305286424,33.384443530093996,18.692804509332433,86.06121125828147,Universitario,Marketing,Mid
66,12552.548028118475,44.43830065532788,32.236563893450324,74.38779276207111,Bachiller,Ventas,Senior
69,10228.599155594085,47.49876736742151,20.22289925567783,88.62059979969436,Universitario,IT,Junior
49,41724.276595712974,30.15490655952695,45.89250766236633,64.93591532015202,Doctorado,Marketing,Junior
21,26007.936124587897,-0.1905910647739042,31.421264418293532,74.58742752944151,Universitario,RRHH,Mid
47,15150.01394988716,25.55804305154068,37.95366711202141,65.6066022173485,Maestria,Ventas,Mid
54,47838.01942370108,33.21579301943308,68.47612657797201,90.0007561454939,Doctorado,RRHH,Junior
40,23337.979107373783,18.373218246312717,30.585910484879747,67.39637174971622,Universitario,IT,Mid
56,39721.52821162573,33.10713277089894,45.19635747818099,79.69248275138445,Maestria,Marketing,Junior
62,22782.756631152333,40.38817998579662,49.9474356620301,50.179742746123225,Universitario,Marketing,Junior
32,61720.657689595835,12.147263499719545,57.95192464366477,88.14340350530485,Maestria,Marketing,Mid
60,52980.03488180725,35.94696940117788,36.96341380498123,63.835488306580366,Bachiller,Marketing,Senior
46,19448.35803639573,24.265939348293752,35.582171194086406,71.84272563106322,Maestria,Ventas,Mid
53,35802.94657181853,29.599758370121652,35.28258592999316,82.85240207327975,Bachiller,Ventas,Senior
30,30414.90230832561,10.390093257849685,43.64752337600635,92.26126900090038,Universitario,RRHH,Mid
49,43665.59532910271,23.953626190432452,62.934641565043556,75.05922226809216,Maestria,Ventas,Mid
24,13596.100051890171,0.8821563054568233,34.70097746546599,65.71832711839596,Universitario,IT,Mid
68,31039.806177597213,46.75442375012904,13.613286248635516,79.47412376816513,Universitario,IT,Senior
39,37392.00697907368,20.131048058468682,51.92115708876487,86.67491281493179,Universitario,Marketing,Senior
45,9141.961584452834,22.868499477854023,39.26827751779341,85.31268922508129,Maestria,IT,Junior
19,12189.994163329393,-1.1103990533863968,45.92902923381399,85.28102072815838,Bachiller,RRHH,Senior
59,7945.681965691731,40.76231413888118,20.514961411219655,65.33350972267678,Bachiller,Ventas,Senior
62,19250.582187743013,37.103972199167515,31.46552148434759,88.96907065817527,Bachiller,Ventas,Mid
23,31532.40820702798,-3.397611913240164,50.41436907708779,84.79548068239103,Universitario,Ventas,Junior
45,46685.015552176046,23.880028900106666,23.45857612050489,81.94779389220813,Bachiller,IT,Senior
45,22857.79303894401,21.99589155129478,45.160145675732835,76.92879176374906,Universitario,Ventas,Senior
61,49727.221218790735,36.957534365738574,37.84201351839713,80.70232584914844,Universitario,Marketing,Junior
61,11047.387690444792,40.4167128945987,29.03623620994747,80.81807057001271,Bachiller,Marketing,Senior
37,9398.531948053656,15.487601427542398,28.17450140947981,74.47802266416592,Universitario,Marketing,Junior
47,21423.123404000806,23.871842738526542,25.919634283202896,45.958553733574995,Maestria,IT,Junior
28,26689.692588247595,3.439391202658211,39.193608554781385,42.56517332383511,Bachiller,Ventas,Mid
45,21669.318086656094,24.74491465656029,40.828309464776126,81.4650568209399,Universitario,IT,Mid
42,7834.395123663166,21.30040235591732,33.4732719742308,51.66006819048703,Universitario,Ventas,Mid
56,21066.512644126928,33.801648272441234,25.323619780356985,72.81572785532244,Universitario,RRHH,Junior
50,11473.155138363218,31.69327399209533,44.70043551871187,85.52801141502772,Maestria,RRHH,Senior
18,30786.64510414538,-2.140169532652305,52.25897342842415,85.13286555473982,Universitario,IT,Junior
44,26457.610383051287,18.94894965815052,47.55993041180902,79.63340208482403,Universitario,Marketing,Junior
69,13767.418575111202,45.61618386023751,74.45607938953727,72.00570324449593,Bachiller,IT,Junior
30,17035.702047881292,7.908827967289004,35.85658942600783,62.14211417629312,Universitario,Marketing,Mid
58,12969.98653384008,36.48667889864539,60.69192840920885,97.96232653202306,Universitario,Ventas,Senior
20,21346.87101759568,-0.48247211571265974,30.067786560535872,82.87002640384762,Bachiller,Marketing,Mid
56,35510.05448351367,34.70411079302859,28.29939468050835,96.4118316430017,Universitario,Marketing,Senior
23,13455.41594987553,-1.5030788483808881,40.056830426182486,56.34071622556887,Doctorado,Ventas,Junior
25,28339.822720088374,5.887529208146519,65.51210545963767,46.41819376967349,Universitario,RRHH,Mid
44,16896.659029636852,21.835697643214864,34.43365036181853,67.35703649571067,Universitario,Ventas,Mid
26,14817.490964392533,6.234591663176255,20.50907629414429,79.3403345251237,Maestria,IT,Mid
54,20878.700845604337,32.68545069275541,51.905301827637025,79.51934228264228,Maestria,IT,Junior
50,13126.37493322444,28.913506438307568,37.265792311644184,62.44677750949894,Universitario,IT,Mid
68,16700.18952806556,47.139534560464405,42.61991892479156,86.59375322309192,Maestria,IT,Mid
59,12101.21395855342,37.89541712003463,28.838822452137755,62.37325852020372,Maestria,IT,Mid
61,58827.373805038864,40.285445519735084,39.922971998622465,54.00628802493327,Universitario,RRHH,Mid
41,22418.27550557022,21.658305060264862,21.67002552395442,55.2010547531129,Universitario,RRHH,Junior
32,15523.91855377912,10.39304233940294,70.5563741408068,72.87415505259813,Universitario,Marketing,Mid
49,24513.76205518033,28.418007515177024,55.31435685144437,69.28458849836525,Doctorado,IT,Junior
49,20823.469587826567,26.820528611425548,39.28044518457756,85.6013911503651,Universitario,Ventas,Senior
41,19722.496159322447,21.880234430898945,51.39296521121768,48.137354077804304,Bachiller,IT,Mid
58,29943.97306351107,34.64721539588146,30.09622416855548,60.90233244812274,Maestria,RRHH,Junior
69,32168.849453787887,50.601880865821634,54.43360168481104,71.49252566676424,Universitario,IT,Senior
66,16894.601739642105,43.919684098711315,33.88286023910005,86.3393327834685,Bachiller,RRHH,Mid
66,16516.098975262023,41.138449795763904,33.012228291110645,81.2093070204836,Universitario,Marketing,Junior
69,19196.325345127272,47.25620882982158,26.572417154488758,90.29418033095848,Universitario,Marketing,Mid
29,6967.692711703779,5.637896685050238,44.50194068461978,56.35425306440042,Maestria,Marketing,Junior
56,10325.836886227935,35.681287097977446,38.66961511486929,90.13787006724408,Bachiller,RRHH,Senior
19,43627.24562053524,-1.3052479586047818,61.39695591578481,72.59927953882912,Maestria,IT,Senior
20,50135.461785214524,-0.8923668664295594,25.426097094489005,71.27236895703604,Universitario,IT,Senior
66,19447.65896725449,40.22091853810894,44.573976491840064,55.83301247909011,Bachiller,Ventas,Mid
54,29386.141996198312,31.095387361501846,57.23372233918499,94.24255126952326,Doctorado,RRHH,Mid
66,25735.459764640622,39.15224134674209,86.52202072417259,58.993721569340984,Universitario,Ventas,Mid
34,102686.95878161729,8.832194353028553,41.08792878977846,66.46836545588874,Bachiller,Marketing,Junior
66,38552.9328693402,45.5208293122886,33.64889873765656,64.5897413813446,Universitario,IT,Mid
19,20661.786373591727,1.5716003173016644,40.713188186180524,77.85039213144704,Maestria,RRHH,Mid
19,13660.036152262419,0.8509151235699295,59.621069847319944,52.031873201894506,Universitario,Ventas,Junior
45,9865.280381238425,21.066047713741575,59.61210377168965,89.49544265517791,Bachiller,Ventas,Mid
40,24385.203610465996,17.90457728771604,36.721872142939844,69.35960037699553,Bachiller,Ventas,Senior
54,15090.559481114415,31.992794921818863,59.2389887069779,95.2220672224975,Bachiller,IT,Senior
49,10816.988053396743,24.683270621614916,38.01761012732009,71.93235947990716,Maestria,IT,Junior
50,15942.018219976628,31.0067966035343,51.18865583261473,80.87405140032511,Universitario,IT,Junior
18,12825.953294000758,1.7547245811513428,46.41164308328494,57.068438683068344,Bachiller,RRHH,Junior
36,51203.891681139234,13.558071652340672,33.16145688377324,88.87438484840612,Bachiller,IT,Senior
19,34228.704314638395,0.05377167798906156,26.9287203279477,95.11841079867902,Universitario,RRHH,Junior
61,21938.83601542118,39.4167656158951,57.77385398529291,18.18693640340357,Maestria,Ventas,Mid
43,46164.76249268638,16.91653026315142,63.48782185573483,75.47862014570337,Universitario,Ventas,Junior
49,22895.236477554427,26.505645234958806,44.198787900071046,68.72466942379218,Doctorado,Marketing,Mid
23,14319.218991618787,-0.3639684959955971,37.9993350958857,53.373448704975665,Universitario,IT,Junior
49,47172.29545920787,24.996759980210168,24.217538309816273,67.46317794527876,Bachiller,Ventas,Mid
21,28838.16671226019,-0.5622005857719098,57.2390275625997,67.07619444091463,Maestria,IT,Junior
28,13113.229994927988,9.595373053699046,42.39055018835212,64.01903199767295,Universitario,RRHH,Mid
34,20026.880215922683,13.28168572253402,34.8595152099371,85.76251600517098,Maestria,Ventas,Junior
55,14216.959661763956,31.857642020434405,51.70540184102774,71.5686256237975,Doctorado,IT,Mid
41,11032.493307402114,20.145165562712318,22.55543727968314,92.35309614882907,Bachiller,Ventas,Senior
22,34999.49016901272,2.7987108731720043,26.085196982477576,67.64264648166665,Bachiller,Ventas,Junior
69,57222.83552901856,48.84926736582554,29.695121820015984,80.64272580121032,Maestria,IT,Senior
51,10945.855966765,29.11926073984035,45.89731148420718,49.79551382556065,Bachiller,Ventas,Mid
23,29187.173216653904,-0.2938735554111478,40.873667223724624,65.44099744578722,Bachiller,Ventas,Junior
39,15909.611706984739,18.39644662722718,47.80920862049317,51.67535268184519,Bachiller,Ventas,Mid
28,17265.012056042517,6.786970770843499,55.840215931713104,72.47463913797888,Bachiller,Ventas,Junior
65,16379.781827608986,44.790386440055464,48.41896827310344,80.73173130653032,Maestria,RRHH,Mid
33,14299.854125186976,12.270343603363939,71.11057810894845,67.06958191289425,Bachiller,Ventas,Mid
50,22567.38077170128,30.09910543063867,55.79363262769304,46.153392002875,Universitario,Marketing,Junior
26,14538.05454304236,2.9295295768788643,36.690767617283996,66.30629646848053,Universitario,Ventas,Mid
23,25215.859300970555,3.6347881312686514,31.389416928461422,74.18798904603264,Universitario,IT,Senior
33,21480.072960222424,11.3951992093848,37.09356762526987,52.10769519142807,Bachiller,Marketing,Senior
46,19546.00069716703,28.15052174525053,49.01800084457062,72.66470582001399,Maestria,RRHH,Mid
20,13991.680318364459,-1.3783756361791357,32.61485451231381,48.71057361943319,Bachiller,Marketing,Senior
37,16508.230186571032,18.4719276063305,49.49840747554609,66.03143292051965,Maestria,Marketing,Mid
53,32134.825028855612,31.395821566925296,47.49942393787986,73.41452900148602,Maestria,Marketing,Junior
36,28295.51509353378,12.697163992771102,26.786434634772654,60.15590194292608,Universitario,IT,Senior
43,13510.499158414998,20.032228331891357,55.41932879550309,82.3434946854595,Universitario,IT,Mid
20,23148.05763907517,-0.6406946163886403,43.646342978617156,28.981031808826295,Universitario,IT,Mid
36,32070.553821570065,14.848331892803833,69.82876907449858,73.44403277530195,Universitario,RRHH,Mid
37,9559.56362840489,16.045670976070998,38.065109109222796,67.34403917011328,Maestria,IT,Senior
49,28902.405218467207,25.85259999212284,34.2873321177678,81.09175146992868,Maestria,IT,Senior
24,15814.588574763251,1.9512908154780344,25.517931259817928,81.62207361244725,Universitario,Marketing,Mid
69,29298.726628909648,51.28454071722373,25.369181282111725,78.45431806946397,Universitario,IT,Junior
58,15038.523508821674,39.455086340201426,53.05228490617491,85.42012998722514,Maestria,Ventas,Mid
50,8933.459042627477,28.872647339348063,67.22747920671553,38.92006027771212,Doctorado,IT,Mid
57,9761.767712179455,35.0760069563364,36.90540590232419,57.69838101034664,Universitario,RRHH,Junior
56,22562.45393318573,34.240062653436524,36.04328189824776,59.89248265105069,Universitario,RRHH,Mid
35,25080.884238923514,14.227035945460834,39.31136345038525,90.44193789881653,Bachiller,Ventas,Mid
57,14014.41451947209,32.95441486960319,56.77364764102669,79.00807355379341,Doctorado,RRHH,Junior
18,30311.917451147274,-0.5147530748466902,26.874678732890462,45.01991031326302,Bachiller,RRHH,Junior
28,9597.327649552013,2.662831852244821,41.72900792825146,76.38079781211786,Universitario,Marketing,Junior
45,21310.604692267414,23.79844624521056,53.48137754492477,74.55902985395682,Bachiller,Ventas,Senior
42,12021.979761216433,21.29439187940548,45.6975753945208,67.64232367587279,Bachiller,Marketing,Junior
67,15900.120170914632,44.03362707540125,11.766732127578706,44.8746271217766,Universitario,Marketing,Junior
40,22554.713233396375,21.147973526580067,48.504783452431,56.36966338093885,Doctorado,IT,Mid
48,14325.455195210114,23.548468673995316,45.85509442686883,92.09776862172487,Bachiller,Ventas,Junior
47,18173.544703927033,22.07125023958036,60.669027261384876,96.5794074306066,Universitario,IT,Junior
59,36429.94588708614,37.44890363711995,65.26701695380609,69.02876139541205,Bachiller,IT,Junior
52,16507.2352741465,32.09419660522431,59.57121948904862,75.5693041197609,Bachiller,Marketing,Mid
24,33451.304256855416,5.367855382915737,39.3871772057563,74.82474028471096,Universitario,RRHH,Mid
33,12520.800404357959,10.08223147426212,20.15732269975488,67.29147061486691,Universitario,Ventas,Junior
43,28707.166917631534,23.15736166686259,76.92796380879143,64.11835379973809,Bachiller,RRHH,Mid
65,45287.408298594244,42.92298306099858,35.94950030936403,49.08406535803623,Universitario,Marketing,Senior
69,6400.796725354378,46.65474540011836,38.94015603557148,88.509228408135,Bachiller,Marketing,Junior
66,14787.71980271,45.767319874973346,66.9146408991321,44.29008989329187,Universitario,Marketing,Junior
19,29393.712314206503,1.3046457568268393,28.94569032244272,95.48148011402324,Doctorado,Marketing,Junior
18,19900.045695744255,-3.152784313968499,22.808716133683276,32.83583137918477,Maestria,Marketing,Mid
65,26517.838506163178,45.95308069945179,32.691788830372424,93.3259290050238,Universitario,Marketing,Mid
29,16285.125214735022,9.760182708294902,29.524073865156254,61.38089172048788,Universitario,RRHH,Junior
22,23001.044196681218,-1.2511254030190588,21.973947162175868,35.699249675475095,Maestria,IT,Mid
54,20376.985522208255,32.79160706687482,37.19426128462368,86.49260977248684,Bachiller,RRHH,Junior
49,39493.4861948006,27.988060372565478,39.48602469226597,74.53819155555942,Maestria,Ventas,Mid
26,25014.48714093084,4.521347531647814,21.48810976418073,74.69803975150246,Maestria,RRHH,Mid
58,26076.800571387037,34.89938969230916,34.209900684254166,76.86803321495876,Bachiller,Marketing,Junior
52,17926.969195774243,28.656753264123896,28.83463867481813,70.72150080343073,Bachiller,RRHH,Mid
36,17260.86169812177,13.94889185801711,17.792211182408924,52.59777604908512,Doctorado,IT,Junior
65,17742.548538064886,45.34545803851873,39.947950741549015,66.19012816832729,Universitario,Ventas,Mid
33,26828.66196142085,12.087200309188864,41.36130977271228,71.09319867674493,Bachiller,RRHH,Junior
20,17845.519719380805,-0.7412286641722119,28.83678085381273,41.87426110360233,Bachiller,IT,Senior
37,25460.599751399124,16.54339742129669,55.242949730281914,80.61738207953589,Universitario,RRHH,Junior
41,62174.51072515818,13.302914758739849,38.629137373681594,64.07046093618867,Universitario,Ventas,Senior
50,34049.21822568006,30.297531400744205,29.3385093166582,31.401784573247372,Maestria,RRHH,Junior
41,18713.27106797,15.5205724424438,20.963820370579775,72.22856978168839,Doctorado,Marketing,Mid
69,40159.205109595845,46.275118117193735,42.151736939170846,68.32053797968217,Bachiller,RRHH,Junior
28,17961.077122827384,3.7606602107477123,45.81645307556789,52.57692405486092,Universitario,IT,Senior
66,7950.083672303744,41.410637048558186,32.02703028286454,57.56910450177584,Universitario,RRHH,Junior
25,13305.820426622076,5.321653574757039,40.401715760681924,45.26777054664767,Universitario,IT,Junior
53,8643.8558353626,30.064597597376217,65.26587933830922,58.90759193955165,Bachiller,Ventas,Mid
55,18476.28428184646,33.69300776346143,52.138290429877394,43.458367003350205,Doctorado,RRHH,Junior
57,22230.24859140009,34.90615884224163,15.59360669149385,63.663617909106165,Maestria,Ventas,Junior
37,50930.57226588548,15.954081654446243,29.21420037521127,59.58747203605456,Universitario,Ventas,Senior
52,25937.98269900689,30.15364378212051,36.5447256528029,45.67506345485544,Universitario,RRHH,Senior
65,19740.93614448085,40.43401555162286,39.4071735188835,90.34122759574413,Bachiller,IT,Junior
42,33346.32300663773,21.99253363889428,40.715979715616555,58.93493984834443,Universitario,Ventas,Senior
52,7291.265074151514,29.012486833677375,44.78301671590296,93.01417705768348,Universitario,Ventas,Mid
42,24780.37477236108,16.8868362026805,36.98457772463534,61.240852806495916,Universitario,RRHH,Junior
46,32384.415952364154,23.143769678068175,38.5948871746739,86.2807543282924,Doctorado,RRHH,Mid
35,10516.564632451174,16.00151958126862,53.100940234250174,85.56657337944982,Universitario,RRHH,Mid
63,39021.84988162538,42.70044348422699,42.4473709948687,89.28367996386733,Universitario,RRHH,Senior
35,26088.45618601031,12.302695731184281,24.579281720924875,79.6864277848242,Maestria,RRHH,Junior
19,17896.421274644283,-0.6985154086368576,39.85600198797038,64.9427842559824,Bachiller,Marketing,Mid
52,30223.98015226392,29.356729897565234,36.581206519317504,83.18058322259358,Universitario,RRHH,Junior
33,68551.90187153213,15.153495967121682,17.736857687044832,87.98611342774578,Universitario,IT,Junior
58,24123.292042356,36.763870904463104,40.589308185168164,68.21060484486173,Universitario,Ventas,Junior
53,24937.05909687653,31.86008329438214,25.793419962418646,69.330029394193,Maestria,IT,Senior
50,17506.360486169327,30.060566908063684,53.382210727428614,53.373274663509484,Universitario,IT,Senior
21,14401.358411798868,0.47757831805302703,44.55694394029865,88.00059695758908,Maestria,Marketing,Mid
50,33361.83657858232,27.481915708358592,24.06905282749291,31.30328034180529,Universitario,RRHH,Mid
31,14356.500096784273,8.607300301830044,52.51845659035428,68.61168598629955,Universitario,Ventas,Junior
38,22828.91284041605,15.856797481171872,61.02331620013247,53.839179809364815,Maestria,IT,Junior
65,17346.937843312946,42.92555552698032,34.97475592459682,75.97235281721053,Bachiller,RRHH,Junior
37,27986.846554532,16.45525908727396,36.50381569763455,65.16486491586991,Bachiller,RRHH,Junior
25,26025.472596437878,3.103891771614599,50.68979883988574,56.599993755005194,Universitario,Marketing,Mid
24,37003.581051880996,3.4652801544311584,59.37502635338106,66.56558934805787,Bachiller,Marketing,Mid
20,17068.53178341065,-0.16143316021716464,19.616326488707134,66.00454813641574,Bachiller,Marketing,Junior
34,19246.077108040372,12.15727038063218,25.12642315636217,81.74665483987673,Universitario,Ventas,Junior
50,13502.338101159023,24.003598630935784,32.9225106596566,78.52566517021147,Universitario,IT,Junior
65,17638.74831708648,44.832655349404966,34.2249788509912,89.83538922395302,Universitario,Marketing,Mid
29,26599.56780013137,7.692976951795986,50.17205931825869,61.292339561174046,Doctorado,Marketing,Senior
68,32160.501218463243,47.996020219719306,59.485712488214034,73.64691290952528,Universitario,Marketing,Mid
39,13889.901411391136,11.20748924361262,61.08408563188143,78.06168542082898,Maestria,IT,Senior
39,34023.371348420886,21.176749409561456,19.431384231350112,55.25044750103676,Bachiller,IT,Mid
63,43382.82608308906,40.72082074368965,28.223942649431976,93.26767353423413,Universitario,Marketing,Junior
47,27084.515278172614,27.216365633475032,23.65812741882781,74.171191250293,Maestria,Marketing,Junior
55,56297.077663962154,30.920188145748938,30.70215145008648,85.5076203179197,Universitario,RRHH,Senior
55,14959.553434504664,34.22554781012514,28.18181874897485,73.6256495003912,Maestria,Marketing,Mid
62,11821.469995681777,37.89316887365269,44.50900581150415,29.06717991537165,Universitario,Ventas,Junior
68,9051.084606615404,44.75246207860839,46.40457707568118,89.27517207841811,Bachiller,Ventas,Mid
25,46537.89266477348,6.828062707733572,38.422314393074714,62.96724327311652,Universitario,Marketing,Mid
44,30551.920542651616,21.618635198473307,37.12297076787374,91.5265364161683,Universitario,IT,Mid
44,21422.7273796538,22.434865746359446,33.43555482535598,72.82572157648322,Maestria,RRHH,Senior
51,25336.069039210255,30.74013546137751,34.86093050688607,88.22277140176128,Bachiller,IT,Mid
38,12547.233428957254,16.99136377594521,64.99830625939695,97.82224017372505,Doctorado,Marketing,Mid
47,74822.65480332603,25.300837810287153,48.81444794899687,64.63752174400717,Doctorado,Ventas,Junior
50,23496.59018250489,28.72992200493245,33.895049591182314,71.25201309048123,Bachiller,RRHH,Junior
45,23264.81464903466,27.80683117047655,36.866909372127466,76.67791713253646,Universitario,IT,Junior
64,31662.342246400993,41.88476240593283,44.87177981753281,73.9690570399673,Maestria,IT,Junior
50,28015.25930436929,28.402198093429934,24.06612755446997,51.045185255678206,Doctorado,Marketing,Mid
22,24635.456667206232,2.101308792015224,40.34654075782845,77.44226812939894,Universitario,RRHH,Mid
65,14835.270586227847,45.21105186591597,47.86263896910406,73.32320158428736,Universitario,Ventas,Junior
36,27881.932532750565,16.37406061112076,45.69368898522963,77.26175940911645,Universitario,Marketing,Senior
21,56444.4500331851,1.2774604440583692,28.428601666774405,91.0309169781462,Universitario,RRHH,Junior
52,43161.75249150441,27.713990174539035,30.364502024685866,70.62120307541093,Bachiller,IT,Junior
66,48854.08675915068,47.26686306460219,16.941941644640647,58.0485289098263,Maestria,Marketing,Junior
34,17058.29989771974,9.707309213962624,49.64794512539711,98.72602825985453,Bachiller,IT,Junior
61,13429.345979671923,39.60527093047806,74.81414035222419,37.57164153313157,Bachiller,IT,Junior
45,20683.809841156282,21.491448299961284,26.96183505228104,86.18521078682181,Universitario,Marketing,Mid
47,22648.806947953395,24.871723306814015,55.684867988767735,72.77415280130467,Universitario,Marketing,Mid
46,38066.72268940363,24.657524820606962,72.33961117064156,89.45418375164924,Universitario,Marketing,Senior
63,9449.977931013644,41.64271443090055,32.245520122826534,88.44001617369062,Universitario,Marketing,Junior
23,47324.10952474576,1.8438415084705695,36.88517366946532,55.586620386463714,Universitario,Marketing,Junior
52,20353.253407776887,33.227422538117295,41.95459885542073,79.80539734844695,Bachiller,IT,Junior
58,17792.983355002423,36.90706860302796,45.1796556534649,62.08150601552319,Universitario,Ventas,Mid
54,13279.115439889332,31.511686729418702,42.7582135950579,42.223774225808185,Doctorado,Ventas,Junior
41,9629.356345329126,20.928174336576713,33.16283426780367,51.319591795973594,Universitario,Marketing,Senior
46,33242.52776581293,26.378940977849282,47.59858701018824,77.18041344941963,Universitario,IT,Mid
66,22848.91664484443,41.54478436972602,33.44061923916476,85.66453343312824,Universitario,Ventas,Mid
63,11556.687470055014,42.194800139699716,43.794646255015024,80.27582411574596,Doctorado,Ventas,Mid
48,11527.152449815583,27.402345484621797,37.92963353377639,59.85381751204775,Bachiller,Ventas,Junior
52,18622.161898629893,29.404872993280016,18.653436852278908,50.33589503118224,Universitario,IT,Junior
50,50742.07680489579,30.75141362662324,58.59232209171324,54.011851840657755,Maestria,Marketing,Junior
69,19345.2912834094,46.69988882593495,30.663994924700454,83.09288166304292,Universitario,Marketing,Mid
38,10388.228025941145,16.251152906943084,60.68368537549042,95.00979147983296,Bachiller,Marketing,Junior
49,19479.705674238114,26.65385635143226,54.89130850720799,90.73534441660797,Universitario,RRHH,Junior
40,19218.684101656723,18.031158095162937,41.507739574743034,86.74344317544332,Bachiller,RRHH,Senior
50,5719.0425187149385,25.807449826209595,46.01002600950441,74.12650203093344,Universitario,RRHH,Junior
20,21436.54739939372,-2.8801017651885887,47.97774182336629,96.72576739209693,Maestria,IT,Senior
35,19624.473904860886,16.189010126449944,35.66569673141315,46.205809363558956,Bachiller,Ventas,Mid
42,31197.810105461773,18.306077303363345,36.27695737694173,79.62325709865998,Maestria,Ventas,Junior
59,55518.859202971464,35.01721530108738,47.151922567804576,86.45432138528119,Bachiller,IT,Junior
48,38687.91339156781,21.69321977279257,38.07490525341794,47.64883013430909,Maestria,IT,Junior
20,19255.57011959883,-1.2779234953790044,33.202194284206755,72.31774821023343,Universitario,Marketing,Mid
57,12666.766677852347,32.353820413185005,28.598016008864555,69.28073148239454,Bachiller,Marketing,Mid
63,79752.22353897979,44.28403032027274,44.24938047664214,68.20468556612228,Bachiller,RRHH,Mid
41,22688.403570368544,21.01963417868527,30.29498704150701,51.37134919004795,Doctorado,RRHH,Senior
67,22180.40778420445,43.62369930964455,51.555064080569,93.35300609079574,Bachiller,IT,Mid
49,21762.36664782921,31.504871610688618,53.10074086793313,67.89832442402502,Bachiller,RRHH,Junior
64,24319.70923920714,43.96353097398319,45.88447423554786,59.65422502599608,Universitario,Ventas,Junior
39,20492.61372366652,16.350337232982756,49.27360011068498,64.44226601205098,Universitario,IT,Senior
40,16533.9148624744,13.001188570252854,45.93276302071899,71.81180997036965,Universitario,IT,Junior
19,16756.986074588236,4.5818851451814835,50.51655615253541,83.83610511426612,Bachiller,Ventas,Junior
44,21668.68402869542,19.220855066472808,49.75298548783847,84.88729741421322,Bachiller,Marketing,Mid
59,16785.78396205096,33.709202506086214,43.407676450013,87.52317038545097,Bachiller,Marketing,Mid
19,15422.412825762285,2.0451408640192805,55.13956171916978,96.62431162925239,Bachiller,Ventas,Senior
43,23230.35514484781,25.879504812678547,36.119801499359944,81.50054084329047,Universitario,Ventas,Mid
34,19389.973688813097,14.768545637021036,28.917779069816483,93.78812181830834,Maestria,RRHH,Junior
57,46723.21803441574,36.127818240104716,28.376046265761165,67.07508716931342,Bachiller,IT,Senior
50,5851.861506237508,29.189508683330573,34.22591278269758,70.31853610582172,Universitario,RRHH,Junior
26,38015.65874098224,5.706831117560616,17.639592072445314,71.98263514400774,Universitario,Ventas,Junior
60,41070.385620287816,39.51785717957353,41.36272366374758,83.22392420549801,Doctorado,RRHH,Mid
65,7811.1297276152,43.56238284793875,48.20367992888934,57.05952233931275,Doctorado,Ventas,Junior
56,18557.99927710469,34.20840220790375,52.833587708493546,85.87593126441506,Maestria,RRHH,Mid
46,18293.10637430197,23.874813744200956,20.106909809080655,66.33664243156376,Bachiller,RRHH,Junior
59,10897.014729094772,35.49207082226665,28.713792656774295,69.47043124041582,Bachiller,Marketing,Mid
43,14929.459031273786,20.43864984626645,51.001775875323204,62.372117904144645,Universitario,Ventas,Junior
52,12641.142828577784,26.61408637160923,35.7120592251149,62.96305595720194,Bachiller,RRHH,Mid
67,52898.76235895881,44.8033207464105,47.820382997826236,67.58222533852583,Universitario,IT,Senior
42,35166.14807973971,18.022817785698166,23.60889170261547,76.66279670984378,Maestria,RRHH,Junior
41,41596.75953812097,16.792821365568457,60.42493244295638,33.89371968841408,Maestria,RRHH,Junior
30,31597.58687745633,8.359788302306956,22.918604620919556,73.65176327359005,Maestria,IT,Junior
24,12524.902160572106,4.784004572689199,9.884584277019652,88.19467181577312,Universitario,Ventas,Junior
53,16945.199661043596,32.83663321200463,40.93536506567757,62.70408995546922,Universitario,Marketing,Mid
62,28132.683142884387,36.858998792753646,41.30981466384766,89.32526809751472,Universitario,Marketing,Mid
37,11955.373189059104,13.020743726859324,31.921834540627827,81.33712725789195,Bachiller,Marketing,Junior
18,31460.850641889654,1.8815423759764318,45.31363197196083,89.43911214223054,Maestria,IT,Junior
25,19532.544476530416,1.0350252129233808,45.76572180881742,57.450550430984556,Bachiller,RRHH,Junior
63,18262.217666968496,40.55073370000595,44.02677838426669,74.02977438991326,Universitario,Ventas,Mid
33,31428.801103833943,12.100104198049104,31.70997309632281,41.73568573196875,Universitario,RRHH,Junior
31,27505.235730782515,7.063311090272729,29.497418440031392,62.26150292877909,Universitario,Marketing,Senior
29,18389.165103612107,7.21075101229192,32.94167606397563,87.31181079111592,Maestria,RRHH,Mid
68,39326.9338054866,43.33194901016359,28.037532346373105,45.182356187261455,Universitario,IT,Junior
40,12829.06188661295,16.797264712097572,56.042039090608434,76.36231442478622,Maestria,IT,Mid
32,29970.468829214802,10.639563868285073,33.97067031812267,51.231075538052494,Bachiller,Ventas,Senior
45,29630.236697728735,19.814012532936662,40.522241287244,41.823633435417754,Universitario,Ventas,Mid
51,18868.078037055646,29.880949475920797,50.92851496545953,85.62718301575505,Maestria,Marketing,Junior
19,25927.68280655822,-0.03927559785336243,27.538043478423493,78.56486843252698,Universitario,Ventas,Junior
49,11783.354886845918,28.104979908834295,22.556494550324135,43.22432373026713,Doctorado,RRHH,Senior
40,34961.87669736583,18.447828268129324,28.0730848959929,48.4720012475926,Bachiller,IT,Mid
39,20081.392756393445,19.728280859947688,42.084438338942654,77.2694112621547,Universitario,IT,Mid
68,16960.433849041186,46.25044900529581,41.076411285824015,84.51704348273934,Universitario,IT,Senior
42,37216.392913717726,19.141188917749496,43.997160584040955,56.02340109596267,Maestria,Ventas,Senior
39,15488.113763065312,17.244595006064568,36.92197720124328,83.57801124083619,Bachiller,IT,Senior
39,10891.84204562895,18.086596058072775,13.512333220168786,78.52822661164419,Maestria,IT,Junior
66,10114.09640304283,44.09772014065141,36.50421207025329,68.83935464998312,Universitario,IT,Mid
69,29822.099024770527,47.081183382407765,53.312152549740176,87.05011697600071,Bachiller,Marketing,Mid
59,11611.89547629883,35.596016624386486,58.11981384522702,55.26460582167388,Universitario,Marketing,Mid
23,52965.555815591775,-0.3258018351018963,39.573888988861825,67.87886499498588,Universitario,Ventas,Mid
32,7777.850518717974,7.194789456400613,41.130448546117336,62.94030734335525,Universitario,IT,Junior
60,51442.92317306642,41.49915348637388,47.50587140831841,71.99803670617948,Maestria,Ventas,Mid
54,24477.478615806493,29.51227352921743,57.53261792432771,65.40482760027598,Universitario,IT,Mid
50,20986.68449781988,26.614189604408185,38.34064305730551,47.7325475785727,Universitario,IT,Junior
25,16773.247016125504,1.5631854688616051,47.27361344669827,76.51359522242048,Universitario,IT,Mid
61,26891.56794549531,40.78984875388888,31.20548720514929,94.52332656754123,Bachiller,Ventas,Junior
61,21615.86141135373,38.410100643415944,23.79524110176996,78.13090458749357,Bachiller,Ventas,Junior
22,38240.51906727622,2.4954841453474677,32.394555977658754,79.21897555208078,Universitario,IT,Junior
56,23321.10035372819,32.65301875151226,62.162876919930746,75.27693848326818,Universitario,RRHH,Mid
21,23745.56085753318,0.5579883244476039,47.608747860382294,91.25904879742703,Bachiller,Ventas,Mid
23,18364.851898613004,-0.6706941065195147,24.62968763548474,92.99947057253486,Universitario,Marketing,Mid
62,21408.154677886832,44.29029825554677,48.385116246854906,72.61171501973251,Universitario,Ventas,Mid
49,25691.12510128491,24.624803161940974,25.326578916062118,69.62564591107147,Bachiller,IT,Senior
69,9366.696986783958,47.61964142045405,43.78419432110148,76.82036584594557,Universitario,RRHH,Junior
47,11225.096269792139,26.267553761864196,27.152066281275815,52.68133699966094,Bachiller,IT,Junior
64,31940.562955201913,42.827598194903,24.111967579205324,54.623653105639605,Maestria,Marketing,Senior
52,23990.968333435616,29.629424682244583,65.86885459271825,87.14297883899985,Maestria,Ventas,Junior
57,20090.620268529972,34.74035860053315,33.96142660684797,77.85845096471799,Maestria,Ventas,Senior
69,22230.421475335592,47.087622943958216,47.305154737015926,59.29359792238166,Bachiller,IT,Senior
33,26207.236467985254,10.705995996743022,38.90262887848068,69.1876501689396,Maestria,IT,Mid
30,16816.572875865855,9.92775823358982,26.065321547211266,47.91347360001111,Maestria,Marketing,Senior
67,14925.816405470865,49.4210460031827,35.25480837787762,71.38093604418513,Maestria,RRHH,Junior
59,24292.492416738896,35.88501642998433,26.149320394364103,53.78951622919125,Bachiller,Marketing,Junior
47,13504.977648781192,22.260394040841845,82.37488982837343,75.18593064302574,Universitario,RRHH,Mid
36,27014.42814116126,13.82343590329749,50.25399821743784,70.3274604409506,Maestria,Ventas,Junior
34,9402.28663653365,17.159418675308636,38.645201487814425,87.62591761844057,Universitario,RRHH,Senior
36,36848.78106068149,12.392650864060538,46.417706765205374,87.23946345685437,Universitario,RRHH,Junior
45,27897.678074402433,26.278233610888137,49.114775768002644,90.04498795851576,Universitario,Ventas,Mid
43,25034.618028720077,24.355401628152883,49.16059068311913,64.37416205756517,Universitario,Ventas,Mid
54,36002.56597468559,30.89282351658401,48.42361988557027,83.42571054259828,Bachiller,Ventas,Mid
43,50652.16343708593,22.13796615837055,47.12423201279371,76.4602407825122,Universitario,Marketing,Junior
40,36577.37037896088,21.256793246257075,39.76083173795059,75.13333909255722,Bachiller,Ventas,Junior
26,8774.129879044016,3.2417445180250257,64.02623653494891,58.120449244084895,Universitario,IT,Senior
29,11616.845438221866,6.592839279795276,40.659886583921704,68.36639546198936,Bachiller,Ventas,Junior
18,16116.368493989085,-1.1633618278972875,39.04216640796981,82.2123893558076,Universitario,Ventas,Senior
18,22315.695079383397,-2.0295134613857337,40.78356724398177,97.3921764116106,Bachiller,Ventas,Mid
64,28533.368622606773,40.70144490986799,41.8108720372221,72.19435074254345,Universitario,RRHH,Mid
51,15323.273469647618,26.55211946647549,20.166901313021906,87.94179767393611,Maestria,Marketing,Mid
49,24182.472726552645,27.068166936518452,27.969289272729867,77.9618138132719,Bachiller,Ventas,Junior
65,15097.863667544205,41.460053537882715,36.92153152512849,79.66638427992332,Bachiller,Marketing,Mid
42,16223.90577311683,20.467571823581494,19.787797467070952,62.45983071766356,Bachiller,IT,Senior
57,10901.650203512854,31.888208707592746,38.62322135520402,61.422582074373445,Maestria,IT,Mid
62,13882.486725959465,40.661760464428916,41.61676879783851,72.69224698002174,Universitario,Ventas,Senior
18,11205.474104300836,1.6670579232178493,23.399994512080063,75.39753786415227,Universitario,IT,Mid
