precio,cantidad,descuento,calificacion,tiempo_entrega,edad_cliente,total_venta,categoria,metodo_pago,nivel_satisfaccion,region
76.6553464391326,2,0,3.9091999448995285,3,27,153.3106928782652,Smartphones,Tarjeta,Medio,Oeste
104.24209448474505,1,5,4.329652648396221,1,19,99.02998976050779,Laptops,Tarjeta,Alto,Norte
113.81689407357963,3,10,3.723735133773137,3,48,307.305613998665,Tablets,PayPal,Alto,Este
106.7589147113392,1,15,4.450041975533771,4,35,90.74507750463832,Smartphones,Tarjeta,Medio,Sur
96.68627304327656,1,10,4.209195392122579,3,22,87.0176457389489,Tablets,Tarjeta,Alto,Este
102.97108213397331,5,0,4.8367341758916655,3,38,514.8554106698666,Laptops,Transferencia,Alto,Este
93.01633047054776,2,15,3.8668309657234894,3,32,158.1277617999312,Laptops,Tarjeta,Medio,Este
105.59403728005647,3,0,2.3444380424997227,2,37,316.7821118401694,Tablets,PayPal,Medio,Oeste
109.12017891309308,3,0,4.9483394778140335,2,42,327.36053673927927,Accesorios,PayPal,Alto,Sur
97.86892282945009,3,10,4.494165236914175,2,43,264.24609163951527,Tablets,Tarjeta,Medio,Este
93.28493958655409,2,20,4.457940683211844,2,18,149.25590333848655,Laptops,Tarjeta,Medio,Sur
84.3897879155002,3,0,3.698631817870564,3,50,253.16936374650058,Smartphones,Tarjeta,Alto,Este
123.9447480088448,4,10,4.489785255797789,3,18,446.20109283184127,Smartphones,Tarjeta,Alto,Este
122.68500184064229,1,0,4.306975277965918,3,46,122.68500184064229,Tablets,Tarjeta,Medio,Este
101.95687297039511,2,5,3.8746540269961853,3,27,193.7180586437507,Tablets,Transferencia,Alto,Este
113.135492948404,4,5,3.875089959922511,2,32,429.9148732039352,Laptops,PayPal,Medio,Oeste
94.80562440883959,2,0,3.996642556772765,3,32,189.61124881767918,Laptops,PayPal,Alto,Oeste
100.12015046468231,2,0,4.772803117792307,3,37,200.24030092936462,Accesorios,Tarjeta,Alto,Oeste
89.0494422182804,2,10,3.845096226414409,4,36,160.28899599290474,Tablets,PayPal,Medio,Este
111.29130284955819,5,0,3.3995483215737683,4,48,556.456514247791,Smartphones,PayPal,Alto,Oeste
117.06212253020271,3,5,2.5116034229464153,4,33,333.62704921107775,Smartphones,Transferencia,Medio,Norte
77.35889848009245,3,5,4.2531753920678375,2,38,220.47286066826348,Accesorios,Tarjeta,Medio,Norte
91.8554220120092,6,0,2.926661130230748,4,31,551.1325320720553,Laptops,PayPal,Medio,Este
90.21000881131152,3,10,4.2305769140135006,1,28,243.56702379054113,Tablets,PayPal,Medio,Sur
118.80248244660436,3,5,4.28105433064962,2,54,338.5870749728224,Tablets,Tarjeta,Alto,Este
76.85319477650458,1,0,4.676079680457809,1,24,76.85319477650458,Accesorios,Tarjeta,Bajo,Norte
78.28167892881206,1,5,4.174445635108207,3,38,74.36759498237144,Tablets,Tarjeta,Alto,Norte
121.5383580690567,4,20,3.641290489165179,3,48,388.92274582098145,Accesorios,Tarjeta,Alto,Norte
86.66385450598675,3,0,3.1839074380288923,3,42,259.99156351796023,Laptops,PayPal,Medio,Oeste
88.11471214679639,3,5,3.1806139196088434,4,30,251.12692961836973,Tablets,Transferencia,Alto,Oeste
100.87566920212691,2,0,3.919936686612287,6,20,201.75133840425383,Smartphones,PayPal,Medio,Este
106.66415712260986,2,5,4.563110830389713,2,40,202.66189853295873,Laptops,Tarjeta,Medio,Este
98.21543947919129,1,15,3.5247687913300227,3,18,83.4831235573126,Tablets,PayPal,Bajo,Este
87.31298756269437,2,0,4.320414613029095,1,26,174.62597512538875,Smartphones,Tarjeta,Medio,Este
102.72358817862424,2,10,3.900599820991178,3,41,184.90245872152363,Accesorios,Tarjeta,Alto,Norte
99.52442139438588,5,15,4.248549158614952,4,42,422.97879092614,Accesorios,Tarjeta,Alto,Oeste
108.22703110584891,5,0,4.001006507434497,2,37,541.1351555292446,Accesorios,Tarjeta,Medio,Sur
110.07561032150413,3,15,4.100103969547396,4,43,280.6928063198355,Accesorios,Tarjeta,Medio,Sur
75.57631747667418,3,15,4.777645799100005,4,28,192.71960956551914,Laptops,Tarjeta,Medio,Este
104.58325194328233,1,15,3.5828872738020663,2,42,88.89576415178998,Tablets,Tarjeta,Alto,Este
130.85923564069333,3,10,3.5642362076057914,2,32,353.319936229872,Laptops,Tarjeta,Alto,Norte
91.77149512909115,2,5,3.9537837451396562,1,52,174.36584074527318,Smartphones,Tarjeta,Medio,Este
107.74323305798492,2,0,3.6972893385311245,2,35,215.48646611596985,Accesorios,Tarjeta,Alto,Este
84.5643238264983,3,10,2.648035645166671,1,42,228.3236743315454,Smartphones,Transferencia,Bajo,Norte
78.84692498351596,4,0,4.591757399511824,1,37,315.38769993406385,Tablets,Transferencia,Alto,Este
112.64264339191315,1,5,3.736252032794031,3,30,107.01051122231749,Accesorios,PayPal,Medio,Sur
100.87579056013129,4,0,3.7428977431659183,1,45,403.50316224052517,Laptops,Tarjeta,Alto,Oeste
99.73252234713846,4,0,3.858000178787827,3,37,398.9300893885538,Accesorios,PayPal,Alto,Este
91.39615296998275,2,10,2.919877841622702,1,19,164.51307534596896,Tablets,PayPal,Medio,Norte
83.36815347572403,2,0,4.698861047306985,4,34,166.73630695144806,Laptops,PayPal,Medio,Norte
128.20062331388493,2,15,4.612196060814229,3,39,217.94105963360437,Laptops,PayPal,Alto,Sur
94.11505347356878,6,15,4.446690540485155,2,60,479.9867727152008,Smartphones,Tarjeta,Medio,Norte
98.26563737062486,4,0,4.323335174419261,2,49,393.06254948249943,Laptops,Tarjeta,Medio,Oeste
99.38912573185274,2,0,4.249417978147658,1,44,198.7782514637055,Tablets,PayPal,Bajo,Oeste
77.19157668564986,5,10,3.451753703361402,3,22,347.3620950854244,Laptops,PayPal,Alto,Este
84.16313613084269,2,0,3.9235734485704716,4,24,168.32627226168538,Accesorios,Tarjeta,Alto,Oeste
95.86640338857178,2,15,4.417722830199671,2,52,162.97288576057204,Tablets,PayPal,Medio,Sur
93.12228110564172,1,5,1.9791280761900618,2,22,88.46616705035963,Laptops,PayPal,Alto,Oeste
101.21160793698546,6,0,4.140818546768435,4,39,607.2696476219128,Tablets,PayPal,Medio,Oeste
99.64676587827347,3,10,3.8095481434299887,2,39,269.0462678713384,Tablets,Tarjeta,Alto,Sur
103.87409267914545,3,0,4.339826948952218,1,41,311.62227803743633,Smartphones,Tarjeta,Medio,Norte
89.10105932672911,1,0,3.8692393808547774,3,32,89.10105932672911,Tablets,Transferencia,Alto,Este
93.4799945361244,1,0,3.8475524196127453,5,31,93.4799945361244,Laptops,Tarjeta,Medio,Este
83.5371653359054,2,15,4.16568344666283,3,39,142.01318107103918,Tablets,PayPal,Alto,Este
123.40951751447479,1,0,3.5817654147683893,2,41,123.40951751447479,Accesorios,Tarjeta,Medio,Sur
109.43064775607422,2,5,3.5591310691285,3,40,207.918230736541,Smartphones,Tarjeta,Medio,Este
79.1623770553328,2,5,3.6941031697605133,1,45,150.4085164051323,Smartphones,Tarjeta,Bajo,Este
131.064404219791,1,10,4.835262340547881,2,18,117.95796379781189,Smartphones,PayPal,Medio,Norte
96.00654165804735,3,10,4.206238527678937,2,34,259.21766247672787,Laptops,PayPal,Bajo,Norte
80.5215676045602,4,10,4.2210109921462875,2,57,289.87764337641676,Smartphones,PayPal,Medio,Sur
112.48367504150876,1,10,3.7127821489920443,2,32,101.23530753735788,Smartphones,Tarjeta,Medio,Este
110.43050844043097,2,0,3.5787957357318287,3,44,220.86101688086194,Smartphones,Tarjeta,Alto,Sur
118.74713736601397,4,10,4.230610709536639,1,22,427.4896945176503,Accesorios,Tarjeta,Alto,Este
113.3692077647986,6,0,4.2015921682090545,2,29,680.2152465887916,Tablets,Tarjeta,Medio,Este
83.14508593075233,2,0,4.8599549866835865,1,49,166.29017186150466,Tablets,PayPal,Alto,Sur
97.13314129577594,1,5,4.393557543887877,2,35,92.27648423098714,Laptops,Tarjeta,Alto,Oeste
79.56324064179678,3,5,3.7549443689683795,2,47,226.75523582912083,Accesorios,Tarjeta,Medio,Este
100.86172365333532,3,0,4.636093927573096,2,25,302.58517096000594,Tablets,PayPal,Medio,Oeste
110.23946393281987,1,0,4.437412864321418,1,32,110.23946393281987,Accesorios,PayPal,Medio,Norte
105.51350177015196,2,0,4.294404615756088,4,43,211.02700354030392,Smartphones,PayPal,Alto,Oeste
110.73229304181991,2,10,3.9788030279077145,2,23,199.31812747527584,Accesorios,Tarjeta,Alto,Norte
93.28513836939362,2,0,4.332958703204669,2,26,186.57027673878724,Laptops,Transferencia,Medio,Oeste
90.89301740812483,4,15,4.117981938774466,3,44,309.0362591876244,Laptops,Tarjeta,Alto,Oeste
110.48331469021886,1,5,4.076325687671835,2,33,104.95914895570792,Tablets,Tarjeta,Medio,Sur
135.38286818635623,1,15,4.004562117473279,3,53,115.0754379584028,Smartphones,PayPal,Medio,Oeste
97.02286724521662,3,15,4.129517789629214,2,26,247.40831147530236,Laptops,Tarjeta,Alto,Este
94.89319220897914,3,0,4.493844996556387,1,59,284.67957662693743,Tablets,Tarjeta,Alto,Sur
84.01832714447859,2,0,4.39801693088878,3,21,168.03665428895718,Laptops,PayPal,Medio,Este
115.5599391312144,2,10,3.744500778428477,3,35,208.00789043618593,Smartphones,Tarjeta,Alto,Norte
96.13329165371599,4,10,4.185859349516557,1,37,346.07984995337756,Accesorios,Tarjeta,Bajo,Este
99.20796020208132,4,5,3.7884182871631182,2,26,376.990248767909,Tablets,PayPal,Medio,Sur
91.87202758797187,2,0,4.949188574755349,2,28,183.74405517594374,Tablets,Tarjeta,Alto,Oeste
110.33023906621965,3,10,4.11755101152946,2,39,297.89164547879307,Accesorios,Tarjeta,Alto,Sur
78.33147063969582,4,15,4.402147221759352,3,37,266.3270001749658,Laptops,Tarjeta,Alto,Oeste
101.18050741329299,1,5,4.362201989321196,2,27,96.12148204262833,Accesorios,Tarjeta,Medio,Este
113.32434614441878,1,0,3.592339028841992,3,18,113.32434614441878,Laptops,Tarjeta,Alto,Sur
103.63730763873593,4,15,4.438888366663228,2,33,352.36684597170216,Accesorios,PayPal,Alto,Oeste
77.42712578678716,2,15,2.212774479277475,3,34,131.62611383753816,Tablets,Transferencia,Medio,Norte
97.56513490624403,2,0,2.4335086903970575,1,31,195.13026981248805,Smartphones,Tarjeta,Medio,Sur
130.10973190839863,3,15,3.8352174970676867,2,22,331.77981636641647,Accesorios,PayPal,Alto,Sur
93.58695000234302,1,0,3.1812722155882254,3,38,93.58695000234302,Laptops,Tarjeta,Alto,Sur
81.3893494619562,5,15,4.537279186378241,2,36,345.90473521331387,Accesorios,PayPal,Medio,Oeste
92.25748154983415,2,20,3.934422474608304,2,27,147.61197047973465,Accesorios,Transferencia,Medio,Norte
96.31899932155982,3,20,2.751470627802896,3,47,231.16559837174356,Smartphones,PayPal,Medio,Este
105.40647593990502,2,20,4.962338811177183,5,31,168.65036150384805,Accesorios,Tarjeta,Alto,Este
84.69707928533165,4,20,4.281337502339516,3,27,271.0306537130613,Laptops,PayPal,Medio,Norte
89.73174718832084,3,0,4.889301446947216,3,31,269.19524156496254,Laptops,Tarjeta,Alto,Norte
91.22892634810188,4,5,4.255417477551349,2,35,346.6699201227871,Accesorios,Tarjeta,Alto,Este
126.5274618122185,1,5,4.76444440287774,3,42,120.20108872160758,Accesorios,PayPal,Medio,Este
106.74199028722582,3,5,4.294269348511557,2,31,304.21467231859356,Smartphones,Tarjeta,Alto,Sur
93.04473110041313,2,0,4.193527658963732,3,24,186.08946220082626,Laptops,Tarjeta,Alto,Este
108.76719727058871,3,0,3.1340900127350753,3,35,326.3015918117661,Laptops,Tarjeta,Alto,Este
91.11433881646204,2,0,2.9751384728858254,4,33,182.22867763292408,Accesorios,Tarjeta,Alto,Norte
123.24662914721097,6,5,3.9975580333633665,2,41,702.5057861391025,Laptops,Tarjeta,Alto,Este
107.91369379317337,3,0,4.542223745462256,4,18,323.7410813795201,Tablets,Tarjeta,Medio,Norte
93.29941961490992,3,10,3.6667073213299854,1,19,251.9084329602568,Tablets,PayPal,Alto,Este
120.20317265518054,1,10,4.625569574675373,3,33,108.18285538966249,Accesorios,Tarjeta,Alto,Norte
76.82592985871553,1,5,4.399773924443505,4,50,72.98463336577974,Tablets,Tarjeta,Medio,Norte
106.95351089809158,5,5,4.38323487847149,4,46,508.02917676593495,Tablets,Tarjeta,Alto,Oeste
94.15041607404773,4,10,4.36934577001122,3,35,338.9414978665718,Tablets,PayPal,Alto,Norte
106.21079546739661,4,5,3.8126384767503003,3,55,403.6010227761071,Accesorios,Tarjeta,Bajo,Norte
80.51304209255218,2,5,3.3079510296195513,2,37,152.97477997584915,Smartphones,Tarjeta,Bajo,Oeste
105.42227045089811,3,0,3.5113179146086733,2,34,316.26681135269433,Smartphones,Tarjeta,Medio,Oeste
97.10187061484828,1,15,2.850819434148382,4,26,82.53659002262104,Accesorios,Tarjeta,Alto,Sur
90.29243581832249,2,10,4.74394523278736,3,48,162.52638447298048,Tablets,Tarjeta,Medio,Este
156.61796927146614,4,0,4.104993220669739,1,39,626.4718770858645,Accesorios,Tarjeta,Medio,Sur
95.0092299974832,3,0,2.446323514318888,2,31,285.0276899924496,Smartphones,Tarjeta,Alto,Norte
80.57563540629171,7,0,3.973561713767366,2,47,564.029447844042,Laptops,Tarjeta,Alto,Oeste
113.37973399801267,3,0,3.7199318521672957,2,27,340.139201994038,Accesorios,Tarjeta,Alto,Oeste
86.10759238044379,3,15,4.036629728431365,2,20,219.57436057013166,Laptops,Tarjeta,Alto,Norte
91.17914523784115,2,5,4.713312171410226,3,25,173.2403759518982,Accesorios,Tarjeta,Bajo,Oeste
86.1146500111961,1,20,4.364376759799581,3,18,68.89172000895688,Smartphones,PayPal,Alto,Oeste
100.58212377781543,4,0,3.6275559408060385,2,50,402.3284951112617,Laptops,Tarjeta,Medio,Norte
91.07740122404563,3,15,4.571728144636955,4,38,232.24737312131637,Smartphones,Tarjeta,Alto,Sur
70.65966277491951,2,10,4.237570816518038,3,55,127.18739299485512,Accesorios,Tarjeta,Medio,Oeste
94.50626889831094,1,10,3.77559115290497,2,32,85.05564200847985,Accesorios,Tarjeta,Bajo,Este
90.75725486253042,2,5,4.544777762145472,3,38,172.43878423880778,Accesorios,PayPal,Alto,Norte
95.50825589363457,1,0,3.8444859307833963,3,34,95.50825589363457,Laptops,Tarjeta,Alto,Sur
116.40030205990523,3,0,4.280306896116457,2,36,349.2009061797157,Accesorios,PayPal,Bajo,Norte
116.59642253383623,3,0,3.6658553820050424,3,38,349.7892676015087,Accesorios,PayPal,Alto,Oeste
122.37216137926303,1,0,2.2180632341367295,4,34,122.37216137926303,Smartphones,PayPal,Bajo,Sur
96.81829536248105,2,5,3.8668356440084772,2,52,183.954761188714,Accesorios,PayPal,Alto,Sur
121.29194892222519,3,0,4.44593850679529,1,18,363.8758467666756,Tablets,Tarjeta,Alto,Norte
102.77638448643036,5,5,3.2276110501503124,3,18,488.18782631054415,Accesorios,Tarjeta,Alto,Sur
135.39526608891424,2,10,3.8203990755267854,2,24,243.71147896004564,Smartphones,PayPal,Alto,Sur
86.66956501592203,4,0,4.531717035688813,2,27,346.6782600636881,Tablets,Tarjeta,Bajo,Oeste
105.13130469458788,4,0,3.1400973381839545,2,18,420.52521877835153,Tablets,PayPal,Medio,Oeste
75.06477011542746,2,10,3.6934238668749115,3,40,135.11658620776944,Laptops,Tarjeta,Medio,Oeste
118.44874658381187,3,10,4.151244034577154,3,45,319.81161577629206,Laptops,PayPal,Alto,Oeste
93.18424006900129,5,20,2.4296444379311266,1,35,372.7369602760052,Smartphones,PayPal,Alto,Sur
95.18600404193994,2,10,4.345719176678829,3,18,171.3348072754919,Laptops,PayPal,Bajo,Norte
93.77029769019335,1,0,3.5885727628112996,4,32,93.77029769019335,Smartphones,Tarjeta,Medio,Sur
99.68883435849999,4,0,4.061788959979117,2,46,398.75533743399996,Tablets,Tarjeta,Medio,Oeste
122.29488790457359,7,5,3.772782973731752,2,40,813.2610045654143,Smartphones,Tarjeta,Medio,Sur
114.76113407963868,1,10,4.541653292519047,4,35,103.28502067167481,Accesorios,Tarjeta,Medio,Norte
115.6408643563056,5,10,4.008974144505842,2,61,520.3838896033752,Accesorios,Tarjeta,Medio,Este
95.36770780107095,3,10,4.561685447485761,1,25,257.4928110628916,Smartphones,Tarjeta,Medio,Sur
106.25972079702846,5,10,4.577048190345398,2,35,478.1687435866281,Tablets,Transferencia,Alto,Sur
130.5965054282396,4,15,4.232068375669574,4,25,444.0281184560146,Smartphones,Tarjeta,Alto,Oeste
110.24471822646785,4,0,3.03932203151771,1,18,440.9788729058714,Tablets,PayPal,Medio,Este
96.86079031371085,1,0,3.838125412825838,2,34,96.86079031371085,Accesorios,PayPal,Alto,Norte
106.65289375401184,4,0,3.655283156077367,2,45,426.61157501604737,Tablets,PayPal,Alto,Oeste
122.97257163460482,4,5,3.746918151323402,3,34,467.2957722114983,Tablets,Tarjeta,Medio,Oeste
84.7142417931171,3,10,3.939613658421301,3,63,228.72845284141619,Smartphones,Tarjeta,Alto,Este
101.84005582991813,1,0,4.334045718470035,2,50,101.84005582991813,Accesorios,Tarjeta,Alto,Oeste
87.49419101456199,2,0,2.6387321942930138,2,43,174.98838202912398,Laptops,Tarjeta,Medio,Norte
75.1082764887655,2,10,3.6818843439635596,3,37,135.1948976797779,Laptops,Transferencia,Medio,Este
101.92566845962736,2,10,4.675221204383127,3,18,183.46620322732926,Smartphones,PayPal,Bajo,Sur
151.11150780961714,3,15,4.872391937868889,2,21,385.3343449145237,Smartphones,Tarjeta,Alto,Norte
154.12952038567425,3,10,3.8815018276710966,2,32,416.1497050413205,Accesorios,Tarjeta,Medio,Sur
123.6899201289339,4,15,3.48848294496319,1,37,420.54572843837525,Accesorios,Tarjeta,Medio,Norte
114.30491615185706,3,10,3.73844479705651,2,41,308.62327361001405,Tablets,PayPal,Alto,Oeste
106.5303184666631,2,0,4.745472529913463,3,32,213.0606369333262,Tablets,Tarjeta,Alto,Norte
84.90277692415701,2,10,3.105266221685971,2,18,152.82499846348261,Tablets,Tarjeta,Medio,Norte
104.84159513415345,2,0,4.760746641732073,4,39,209.6831902683069,Accesorios,Tarjeta,Medio,Sur
119.35891528809837,3,10,3.9495499301655506,1,48,322.2690712778656,Tablets,Transferencia,Medio,Sur
101.08499396415444,2,15,4.614882787063598,3,52,171.84448973906254,Tablets,Tarjeta,Medio,Sur
122.78439141182888,4,0,4.172854062684545,2,34,491.1375656473155,Tablets,PayPal,Alto,Este
112.37765203687343,5,5,4.499937113585184,4,18,533.7938471751488,Smartphones,PayPal,Alto,Este
100.588091228008,3,0,3.701782123341968,2,25,301.764273684024,Tablets,Tarjeta,Medio,Norte
117.17285367617154,2,10,4.614170467351101,3,18,210.91113661710878,Tablets,Tarjeta,Medio,Oeste
92.92441287713424,4,10,3.557381253609948,2,39,334.5278863576833,Smartphones,Tarjeta,Medio,Sur
104.35876284365636,1,10,3.60546135204935,3,35,93.92288655929073,Tablets,Tarjeta,Alto,Oeste
97.48332837797416,3,15,3.7898498686031035,4,32,248.5824873638341,Laptops,Tarjeta,Medio,Norte
92.10708364835412,6,10,4.568256744686231,3,36,497.37825170111233,Smartphones,Tarjeta,Alto,Este
91.31532773559103,4,0,4.317710670544935,1,40,365.2613109423641,Accesorios,Tarjeta,Alto,Este
81.42138156543425,3,5,4.537037785201489,2,30,232.0509374614876,Tablets,Tarjeta,Alto,Este
77.10902235225295,4,0,3.6973572560865122,2,31,308.4360894090118,Laptops,Tarjeta,Medio,Sur
142.8392332219198,2,0,4.335871097358114,3,37,285.6784664438396,Accesorios,Transferencia,Alto,Sur
74.04006505677104,3,5,4.252188066040971,3,18,211.01418541179748,Accesorios,PayPal,Alto,Norte
113.54584270148534,4,0,3.5956895146220234,3,29,454.18337080594137,Tablets,Tarjeta,Alto,Sur
118.0730973977826,3,0,4.253445479462332,2,26,354.2192921933478,Accesorios,Tarjeta,Alto,Este
99.47487314700669,3,5,4.247606110688364,5,51,283.50338846896904,Accesorios,PayPal,Alto,Este
106.25790702269903,2,15,4.573828303065738,3,45,180.63844193858836,Tablets,Tarjeta,Alto,Norte
83.82315625295372,1,0,3.9418829196832537,1,18,83.82315625295372,Laptops,PayPal,Medio,Este
99.03516140858007,2,10,3.4111756852529886,3,35,178.26329053544413,Smartphones,Tarjeta,Alto,Oeste
111.96197067704524,3,10,4.702487258415793,3,40,302.2973208280222,Smartphones,Tarjeta,Bajo,Este
95.89794756310647,4,0,4.650968186909249,5,48,383.5917902524259,Accesorios,Tarjeta,Alto,Norte
103.98795640742706,3,10,3.5008175526724346,2,19,280.7674823000531,Smartphones,Tarjeta,Medio,Oeste
90.39374446992697,4,10,4.7294405462684335,2,33,325.4174800917371,Tablets,Tarjeta,Medio,Oeste
97.51785464353452,2,0,4.413090722314354,3,45,195.03570928706904,Accesorios,Transferencia,Bajo,Norte
96.94489598081034,1,5,4.20754551316898,3,25,92.09765118176982,Smartphones,Tarjeta,Alto,Norte
110.89605949207838,1,5,3.860458420259466,2,41,105.35125651747445,Tablets,PayPal,Alto,Sur
115.53077505928717,4,10,2.862474485043566,4,31,415.9107902134338,Tablets,Tarjeta,Medio,Norte
72.2192064445099,3,5,3.9791583818410388,4,46,205.82473836685318,Smartphones,Tarjeta,Medio,Norte
103.08770819831459,3,0,3.497547234234456,2,40,309.26312459494375,Laptops,PayPal,Alto,Este
74.52140599186605,4,0,4.679584901427515,4,52,298.0856239674642,Accesorios,Tarjeta,Alto,Oeste
99.67503760438298,1,0,4.9041783820362985,3,48,99.67503760438298,Tablets,Tarjeta,Medio,Este
91.48367572620928,5,10,3.6044322378163614,1,18,411.6765407679418,Accesorios,PayPal,Alto,Este
143.2667517995875,6,10,2.3380135302710614,2,43,773.6404597177725,Tablets,Tarjeta,Medio,Sur
108.07807909280307,2,10,4.357822551514349,5,18,194.54054236704553,Accesorios,Tarjeta,Medio,Oeste
85.1106076129873,5,10,4.294975474353987,2,22,382.99773425844285,Smartphones,Tarjeta,Medio,Oeste
73.91549311990353,3,0,4.033891310784724,2,51,221.74647935971058,Accesorios,Transferencia,Medio,Norte
101.70778452731658,2,5,4.577582255302181,3,53,193.24479060190149,Accesorios,Tarjeta,Medio,Este
93.21369231236179,3,5,4.45359178939496,2,20,265.6590230902311,Accesorios,Tarjeta,Alto,Sur
110.1171031603466,3,20,4.755483201715737,3,37,264.28104758483187,Smartphones,PayPal,Alto,Este
94.67562604653722,1,0,4.459747692688124,4,53,94.67562604653722,Smartphones,Transferencia,Alto,Oeste
97.41997191268216,2,0,3.7202268506229745,2,42,194.83994382536432,Smartphones,Tarjeta,Medio,Este
73.16513618423132,2,0,4.547948955563879,4,39,146.33027236846263,Accesorios,PayPal,Alto,Oeste
110.7953404960186,1,15,4.112008499042903,4,65,94.1760394216158,Smartphones,Tarjeta,Alto,Sur
96.57139824836636,3,15,4.781906215672587,2,24,246.25706553333424,Laptops,PayPal,Alto,Sur
87.76720696381378,3,15,3.7652894722506574,1,42,223.8063777577251,Tablets,Tarjeta,Medio,Este
85.0064033298379,4,5,3.5289347006330702,2,64,323.02433265338396,Accesorios,Tarjeta,Medio,Norte
102.55063472223195,2,20,3.323970548549185,1,42,164.08101555557113,Accesorios,PayPal,Medio,Sur
70.25495923779464,2,0,3.972609381787717,3,40,140.50991847558927,Smartphones,PayPal,Medio,Este
101.63647738757031,2,20,4.724853008292614,2,37,162.6183638201125,Tablets,Transferencia,Medio,Norte
121.81558927449552,3,10,4.599808928487171,4,18,328.9020910411379,Laptops,PayPal,Alto,Sur
94.37480847853742,4,10,3.43825085524678,4,45,339.74931052273473,Laptops,PayPal,Medio,Este
122.37597314939457,2,0,3.278540835177543,2,26,244.75194629878914,Accesorios,Tarjeta,Alto,Sur
85.68390061322752,5,0,3.5903403410274297,3,18,428.4195030661376,Accesorios,PayPal,Alto,Sur
83.45195319922557,2,5,3.796093170604297,1,24,158.55871107852857,Smartphones,Tarjeta,Alto,Este
119.9993362151864,6,20,4.3475318640821845,1,36,575.9968138328948,Smartphones,PayPal,Alto,Sur
89.74730671368975,3,5,4.45466693044014,2,18,255.7798241340158,Laptops,PayPal,Alto,Oeste
102.81532270489343,2,15,3.8888804138463735,1,42,174.78604859831884,Smartphones,PayPal,Alto,Este
98.56250823022074,5,15,4.924222969394271,4,35,418.8906599784381,Tablets,Tarjeta,Alto,Este
95.87848020460636,5,0,4.656699772228511,3,33,479.3924010230318,Laptops,Tarjeta,Medio,Sur
114.61508984466603,2,15,4.325907680147639,3,18,194.84565273593225,Laptops,PayPal,Alto,Norte
73.84374154414853,4,0,2.886989286375524,3,26,295.3749661765941,Smartphones,PayPal,Alto,Este
95.46578061070916,2,15,3.386315340400591,2,25,162.29182703820558,Accesorios,Tarjeta,Alto,Oeste
110.5213244416919,2,20,4.107300249052101,1,28,176.83411910670705,Tablets,Transferencia,Alto,Este
114.57593259580268,3,0,4.57205683424742,1,29,343.72779778740806,Tablets,Transferencia,Alto,Oeste
100.17738750457711,4,15,4.328057429947412,2,44,340.6031175155622,Smartphones,PayPal,Medio,Norte
90.72286006148664,2,0,3.43712209133502,4,38,181.44572012297328,Tablets,Transferencia,Alto,Sur
95.13328657992719,3,0,2.934722160853869,3,50,285.39985973978156,Tablets,Tarjeta,Alto,Sur
82.3915619911311,3,0,3.359343867915388,3,39,247.1746859733933,Laptops,Tarjeta,Bajo,Oeste
86.60886413001175,3,0,4.107055978757165,2,37,259.8265923900353,Smartphones,PayPal,Alto,Este
94.90718757980687,3,15,3.911537653120881,4,41,242.01332832850753,Laptops,Tarjeta,Bajo,Sur
72.75666385362844,2,10,3.4824972582211258,1,43,130.9619949365312,Tablets,Tarjeta,Alto,Este
118.33560845453897,4,0,3.500331733555143,2,32,473.3424338181559,Laptops,Tarjeta,Alto,Norte
99.76918861158973,2,0,4.809731157127855,2,35,199.53837722317945,Smartphones,PayPal,Medio,Sur
101.2682747312889,2,0,3.2794372117758064,2,35,202.5365494625778,Tablets,Transferencia,Medio,Oeste
94.65403796363951,3,0,3.905691481065243,2,34,283.96211389091854,Smartphones,PayPal,Medio,Norte
81.65298093704963,3,0,2.609141096988552,4,60,244.95894281114892,Tablets,Tarjeta,Alto,Sur
93.64555364408635,2,0,3.738009221088549,1,41,187.2911072881727,Accesorios,PayPal,Alto,Norte
113.42885695181408,5,15,4.081272917226579,2,29,482.0726420452098,Tablets,Tarjeta,Alto,Oeste
117.27767048799731,2,10,3.4709324975883495,3,56,211.09980687839516,Tablets,PayPal,Alto,Este
86.19900474352187,2,5,3.8014135801398936,2,35,163.77810901269154,Tablets,Tarjeta,Medio,Sur
98.27782495167047,3,5,4.045250533842436,3,28,280.0918011122608,Smartphones,PayPal,Alto,Norte
118.58455754474996,2,0,4.116800563175687,3,38,237.1691150894999,Accesorios,Tarjeta,Alto,Oeste
95.6142207364936,2,0,4.737895189852157,3,46,191.2284414729872,Accesorios,Tarjeta,Medio,Norte
92.86289956882699,5,5,4.065777793765581,3,27,441.0987729519282,Smartphones,Tarjeta,Alto,Norte
80.56214235438449,5,0,4.152961997893522,1,19,402.81071177192246,Laptops,Tarjeta,Alto,Sur
111.4298001986162,3,15,3.9792790711247545,3,28,284.1459905064713,Smartphones,Tarjeta,Medio,Este
95.73155677567104,3,10,3.5886634442755594,2,18,258.4752032943118,Tablets,PayPal,Alto,Oeste
110.3973313539011,1,15,4.49439649910873,4,34,93.83773165081593,Accesorios,PayPal,Medio,Oeste
89.73125321972377,4,0,4.901012389919877,3,59,358.9250128788951,Laptops,Tarjeta,Medio,Oeste
94.2328212475125,1,0,3.9408474544906196,1,18,94.2328212475125,Laptops,Transferencia,Alto,Norte
79.07303946428176,4,0,4.41238212767894,2,24,316.29215785712705,Laptops,Tarjeta,Alto,Norte
97.43044383762461,3,0,4.2737880480075825,3,37,292.29133151287385,Tablets,PayPal,Alto,Norte
108.5458281804786,3,15,4.624740289160554,3,36,276.7918618602204,Accesorios,Tarjeta,Bajo,Este
96.03589982048995,3,5,4.102667766646887,3,18,273.7023144883963,Tablets,PayPal,Medio,Este
113.78326037538791,1,0,3.3504201289825115,4,25,113.78326037538791,Accesorios,Tarjeta,Alto,Sur
114.26216642373429,3,0,4.4939061619757945,1,33,342.78649927120284,Tablets,Tarjeta,Alto,Sur
112.14812616190507,2,0,3.172240757759519,1,35,224.29625232381014,Accesorios,Tarjeta,Medio,Oeste
82.13689008478242,1,10,3.6834509177963906,2,53,73.92320107630418,Laptops,PayPal,Alto,Norte
111.76955646670157,1,0,4.548464820633274,3,49,111.76955646670157,Tablets,PayPal,Alto,Oeste
70.62879680101935,2,20,4.246489090712354,4,41,113.00607488163097,Laptops,Tarjeta,Alto,Oeste
110.39892628295807,2,0,4.433118106376466,2,42,220.79785256591614,Tablets,Tarjeta,Medio,Sur
118.62715287241014,2,15,4.016552795441929,3,40,201.66615988309724,Smartphones,Tarjeta,Bajo,Este
97.33782542086084,4,5,3.5519588195001712,1,59,369.8837365992712,Smartphones,PayPal,Alto,Oeste
164.23666757409143,4,15,4.6378075464594035,2,31,558.4046697519109,Laptops,Tarjeta,Alto,Este
111.50986740763537,5,10,3.6722532988409684,1,51,501.7944033343592,Accesorios,Tarjeta,Alto,Norte
87.46133305965387,1,10,4.074853147708146,4,27,78.71519975368848,Accesorios,PayPal,Alto,Norte
104.48890825592103,4,20,4.633895202113275,3,47,334.3645064189473,Laptops,Tarjeta,Alto,Este
109.72193568770665,2,0,3.6686918039504484,3,38,219.4438713754133,Accesorios,PayPal,Medio,Sur
101.2192362382506,3,15,4.330534835075682,4,23,258.109052407539,Smartphones,Transferencia,Alto,Sur
98.16946101431749,3,10,3.2514238045170565,2,40,265.0575447386572,Tablets,Tarjeta,Alto,Este
74.79204562037033,3,15,3.8060223718066584,3,35,190.71971633194434,Tablets,Tarjeta,Alto,Este
100.98493065016177,3,10,4.851648732828164,2,31,272.65931275543676,Smartphones,PayPal,Bajo,Norte
86.75993041667147,2,0,3.3944027730343915,2,42,173.51986083334293,Accesorios,Tarjeta,Alto,Sur
90.13874478659352,6,0,4.5283206218284,1,21,540.8324687195611,Accesorios,Tarjeta,Medio,Oeste
102.52852307532046,3,15,3.9111670815087707,3,30,261.4477338420672,Laptops,PayPal,Bajo,Norte
60.6108490243118,6,10,4.405575487139359,2,23,327.2985847312837,Accesorios,Tarjeta,Alto,Sur
119.85120404625069,2,10,3.5531446634792836,3,48,215.73216728325124,Laptops,Tarjeta,Alto,Oeste
91.66482998347186,3,10,4.545886870796433,5,24,247.49504095537404,Accesorios,Tarjeta,Bajo,Este
103.26576191244199,4,15,4.006897953225627,2,52,351.1035905023027,Tablets,PayPal,Medio,Oeste
137.16248269891298,1,0,3.563670820191553,4,20,137.16248269891298,Laptops,PayPal,Alto,Este
85.75347666269924,4,0,3.527079837197432,4,32,343.01390665079697,Accesorios,Tarjeta,Alto,Norte
113.21890185181472,1,10,4.611222829816854,2,18,101.89701166663325,Tablets,Tarjeta,Bajo,Sur
71.19616410971194,1,0,4.296511972847538,3,18,71.19616410971194,Tablets,Tarjeta,Alto,Este
67.16289839767815,3,15,3.993060661779406,1,28,171.2653909140793,Tablets,Tarjeta,Alto,Norte
92.48177591891846,7,15,4.689569946367569,3,18,550.2665667175648,Accesorios,Tarjeta,Alto,Este
99.19460127624514,3,15,4.283966869794759,2,36,252.9462332544251,Smartphones,Tarjeta,Medio,Sur
92.21414448143929,2,15,4.366117283998433,2,26,156.7640456184468,Laptops,Transferencia,Medio,Oeste
103.65365430684888,1,0,3.693885879410546,2,25,103.65365430684888,Accesorios,Tarjeta,Medio,Este
99.58161334632975,4,0,3.4094100582950553,3,30,398.326453385319,Tablets,PayPal,Alto,Este
111.34227842616764,4,0,4.284347479534252,3,39,445.36911370467055,Laptops,PayPal,Alto,Oeste
92.30534547454731,1,15,3.526288066773613,3,18,78.45954365336522,Tablets,Tarjeta,Medio,Sur
65.37365654481819,2,5,2.8869605239862466,2,32,124.20994743515455,Smartphones,Tarjeta,Alto,Sur
78.42805593618768,4,0,4.297361838309214,2,33,313.7122237447507,Accesorios,PayPal,Alto,Norte
110.90513141322002,3,0,4.152843348692427,3,27,332.71539423966004,Accesorios,Tarjeta,Medio,Oeste
112.04723164602193,4,0,4.768703376566711,1,41,448.1889265840877,Accesorios,Tarjeta,Alto,Norte
110.90920944995388,3,10,3.8863410131971143,3,31,299.45486551487545,Laptops,PayPal,Alto,Este
116.86299474089112,2,10,4.479730679390574,3,45,210.35339053360403,Smartphones,PayPal,Bajo,Sur
83.79552022861436,2,0,2.903364796928945,2,28,167.59104045722873,Accesorios,PayPal,Alto,Norte
64.07141894764479,2,10,3.2286663672316225,3,49,115.32855410576062,Laptops,Tarjeta,Alto,Norte
92.06875113463218,3,0,3.6993992346669975,4,43,276.20625340389654,Accesorios,PayPal,Alto,Oeste
104.03877044267469,3,10,4.347743113644549,2,37,280.90468019522166,Laptops,PayPal,Alto,Este
121.1725086526783,1,10,4.6075968039689545,1,18,109.05525778741047,Accesorios,Tarjeta,Medio,Este
84.28223901425169,2,10,3.6284388000528702,2,44,151.70803022565303,Laptops,Tarjeta,Medio,Norte
115.88839492318247,2,15,4.464121221324171,2,35,197.0102713694102,Laptops,Tarjeta,Alto,Este
98.08614836524757,4,0,4.024465789877815,1,41,392.34459346099027,Accesorios,Tarjeta,Bajo,Oeste
89.8565253868373,4,5,3.5117331985001328,2,33,341.4547964699817,Accesorios,Tarjeta,Alto,Este
86.92880787098363,3,15,3.6599606331916807,2,34,221.66846007100827,Smartphones,PayPal,Alto,Norte
103.44287448424534,2,15,4.480231316018254,4,28,175.85288662321707,Smartphones,PayPal,Alto,Sur
99.56851440267891,3,0,3.871258047603399,4,51,298.7055432080367,Laptops,Tarjeta,Medio,Este
90.69650688407194,3,10,4.057950939277427,4,32,244.88056858699423,Laptops,Tarjeta,Alto,Sur
105.7653520336383,3,0,4.396654250653661,2,30,317.2960561009149,Laptops,Transferencia,Bajo,Oeste
101.44162152662855,1,10,4.09812076628266,2,29,91.2974593739657,Tablets,Transferencia,Alto,Norte
76.47253550758269,4,0,3.6904102107049748,1,26,305.89014203033076,Tablets,PayPal,Medio,Sur
121.16611443926887,4,0,3.465835437523266,3,30,484.66445775707547,Smartphones,PayPal,Medio,Norte
92.86799923175273,2,10,4.7073143730144995,2,43,167.16239861715493,Laptops,Tarjeta,Medio,Sur
110.84378749979707,3,15,4.353636986401327,3,45,282.65165812448254,Laptops,PayPal,Alto,Sur
86.70406533517937,3,0,4.303366300142914,2,30,260.11219600553807,Accesorios,Transferencia,Bajo,Sur
86.60949993833165,5,15,4.808700801455873,3,18,368.0903747379095,Tablets,Tarjeta,Alto,Sur
101.26347414140656,3,0,4.148419833855802,3,18,303.7904224242197,Smartphones,Transferencia,Alto,Este
102.2051218122341,5,10,3.6184446846169687,3,40,459.92304815505344,Accesorios,Transferencia,Medio,Sur
89.36451067320854,3,5,4.3886477962561194,2,57,254.68885541864432,Laptops,PayPal,Alto,Este
90.47700804832655,2,20,2.7858180047784846,3,23,144.7632128773225,Tablets,Tarjeta,Alto,Este
93.1766007440842,2,10,3.6795254012652228,3,56,167.71788133935155,Laptops,PayPal,Alto,Oeste
82.86165879683897,2,10,4.4919418331523016,4,36,149.15098583431015,Smartphones,Tarjeta,Alto,Este
84.72553882741113,5,15,4.316198903179831,2,29,360.0835400164973,Tablets,PayPal,Alto,Oeste
107.5095474521746,8,15,3.358327811336941,4,31,731.0649226747872,Accesorios,Tarjeta,Alto,Norte
122.63874089073387,2,0,4.489608411991084,3,18,245.27748178146774,Laptops,Transferencia,Alto,Sur
137.09528686202847,3,5,4.314564849302341,3,39,390.7215675567811,Laptops,Tarjeta,Medio,Norte
97.80620215908337,2,5,3.458378315174166,4,34,185.83178410225838,Smartphones,Tarjeta,Medio,Oeste
116.20840408397629,1,0,3.358517898799529,2,33,116.20840408397629,Laptops,PayPal,Alto,Este
71.10873525674961,4,15,2.9186955486871247,2,28,241.76969987294868,Smartphones,Tarjeta,Alto,Sur
92.95289310275284,3,10,4.362057967619667,3,42,250.97281137743266,Accesorios,Tarjeta,Alto,Oeste
124.09552655466014,3,10,4.182269345275346,1,27,335.0579216975824,Accesorios,Transferencia,Medio,Este
98.26736838715374,4,5,4.708266637461495,3,26,373.41599987118417,Tablets,PayPal,Medio,Este
109.50944963597958,1,5,4.849117277293635,3,29,104.03397715418059,Tablets,Tarjeta,Bajo,Sur
106.1492188282613,3,15,4.366256724347631,2,26,270.6805080120663,Tablets,PayPal,Alto,Oeste
94.63158594366578,3,0,3.882139629302036,2,46,283.8947578309974,Smartphones,Tarjeta,Medio,Sur
97.34092483189555,2,0,3.5001505192597193,2,49,194.6818496637911,Tablets,Tarjeta,Medio,Norte
80.27699481310904,4,0,4.934252064625989,3,56,321.10797925243617,Tablets,Tarjeta,Alto,Norte
81.83181693133966,3,0,3.5672190085753837,3,18,245.49545079401898,Tablets,Tarjeta,Alto,Oeste
84.97367996049009,2,10,4.807303953287131,3,42,152.95262392888216,Smartphones,PayPal,Bajo,Este
107.22151470438713,3,0,3.864078083372735,2,38,321.6645441131614,Accesorios,Tarjeta,Alto,Norte
98.25420669670945,3,5,4.582939274871269,3,18,280.0244890856219,Smartphones,PayPal,Medio,Norte
89.87711006823167,5,10,3.896730805623863,3,18,404.4469953070425,Accesorios,Tarjeta,Alto,Este
102.3743841748224,1,15,3.590778754198306,3,46,87.01822654859903,Smartphones,Tarjeta,Medio,Este
82.54808528694295,2,0,4.139879734719743,2,46,165.0961705738859,Smartphones,Tarjeta,Alto,Oeste
107.88394841691603,2,15,3.508025323856287,1,40,183.40271230875723,Laptops,Tarjeta,Alto,Este
116.14549838286486,2,10,4.588076794035071,2,25,209.06189708915676,Tablets,PayPal,Alto,Este
97.80386273602043,1,0,4.205797912797346,2,47,97.80386273602043,Accesorios,PayPal,Alto,Oeste
98.51574024118455,3,10,3.8687656737334795,2,39,265.99249865119833,Tablets,Tarjeta,Alto,Sur
92.68568064216421,2,0,4.182603198782669,2,46,185.37136128432843,Smartphones,PayPal,Alto,Este
106.91174198376358,2,5,3.7104830237058968,3,29,203.1323097691508,Smartphones,Transferencia,Alto,Oeste
102.52163158132042,2,0,4.557825902832269,1,51,205.04326316264084,Laptops,PayPal,Alto,Este
94.17903248095242,2,0,4.409927741835286,3,22,188.35806496190483,Tablets,Tarjeta,Alto,Sur
111.19468857440079,2,15,3.9749391176431024,2,54,189.03097057648134,Tablets,PayPal,Medio,Norte
72.9609123060871,4,0,4.782264948965902,2,34,291.8436492243484,Tablets,PayPal,Alto,Oeste
112.76153574818647,5,20,4.140075721601172,3,45,451.0461429927459,Laptops,PayPal,Bajo,Este
87.36908320176029,5,0,4.349160964455065,1,55,436.84541600880146,Tablets,Tarjeta,Alto,Sur
91.7025220337152,2,5,2.9349346068958075,1,25,174.23479186405888,Laptops,Tarjeta,Alto,Norte
96.41101043687529,3,15,4.533455305972714,4,61,245.84807661403195,Smartphones,Tarjeta,Bajo,Sur
122.7279128893279,3,0,3.7791153167332796,1,36,368.1837386679837,Accesorios,Tarjeta,Alto,Sur
71.60737008852736,4,20,3.5593264046754673,1,51,229.14358428328757,Tablets,PayPal,Alto,Sur
86.33392336080729,2,0,3.789054233141948,2,43,172.66784672161458,Tablets,Tarjeta,Alto,Oeste
114.25219978112081,2,0,3.9850466493298935,3,30,228.50439956224162,Smartphones,Tarjeta,Bajo,Norte
87.01252596923906,8,15,4.947605250854158,3,48,591.6851765908257,Accesorios,Transferencia,Alto,Este
93.119690436034,2,10,3.556478799415346,1,25,167.61544278486122,Laptops,Tarjeta,Alto,Oeste
105.43636382497725,2,5,4.00866484598237,2,26,200.32909126745676,Accesorios,Tarjeta,Medio,Oeste
100.27280652948764,2,5,4.5547365582037385,4,59,190.5183324060265,Smartphones,Tarjeta,Medio,Este
107.55541309772677,3,20,4.3252599840126775,2,33,258.13299143454424,Laptops,Tarjeta,Alto,Norte
97.9076304034719,4,15,3.916806963390185,3,40,332.88594337180444,Accesorios,Tarjeta,Medio,Sur
104.01440466050344,2,5,4.7799107572769515,2,34,197.62736885495653,Laptops,Tarjeta,Alto,Norte
107.54634790020073,2,0,3.784657998878816,2,46,215.09269580040146,Tablets,PayPal,Alto,Este
105.52724920918162,3,0,4.525405141631792,2,41,316.58174762754487,Accesorios,Tarjeta,Medio,Sur
83.47689298037879,1,0,3.419121069129847,1,38,83.47689298037879,Laptops,Transferencia,Bajo,Oeste
89.3655234213416,3,15,4.9427696941516395,4,42,227.88208472442108,Tablets,Tarjeta,Medio,Sur
89.63532295421987,4,0,4.629231022994117,5,38,358.5412918168795,Accesorios,Tarjeta,Alto,Este
103.71832676183614,1,5,3.9958732644839214,3,25,98.53241042374432,Smartphones,Tarjeta,Alto,Norte
75.66227344801264,5,5,4.36771517906179,3,54,359.39579887806,Laptops,PayPal,Alto,Oeste
79.27163977578572,2,5,4.639274711884064,4,56,150.61611557399286,Tablets,Tarjeta,Bajo,Oeste
91.40788124298432,4,0,4.30616837267297,3,49,365.63152497193727,Accesorios,Tarjeta,Medio,Norte
74.81863728286858,1,5,2.8747893149905055,2,18,71.07770541872515,Accesorios,Transferencia,Medio,Sur
73.62280319631148,5,0,2.5242775718757176,4,32,368.1140159815574,Tablets,Tarjeta,Alto,Sur
98.65464026902433,4,0,3.917507365075641,4,40,394.6185610760973,Laptops,PayPal,Alto,Este
98.84044746904266,1,0,3.515867022832882,1,18,98.84044746904266,Laptops,Tarjeta,Medio,Este
104.50934386658136,2,15,2.969749915430353,2,31,177.66588457318832,Tablets,Tarjeta,Bajo,Este
140.26270032085426,2,5,4.7837008418556595,1,32,266.4991306096231,Tablets,PayPal,Alto,Este
123.42825593125374,2,15,2.9767861770818844,3,18,209.82803508313137,Tablets,Tarjeta,Medio,Norte
109.34477693382267,3,0,3.7172336766925658,1,47,328.034330801468,Tablets,Tarjeta,Alto,Este
89.39303757421524,4,0,3.304797024517115,1,32,357.57215029686097,Smartphones,PayPal,Bajo,Sur
101.23951248566361,2,0,4.584254427862908,3,26,202.47902497132722,Smartphones,Transferencia,Medio,Este
98.93068610486118,3,0,4.190845471236502,3,35,296.7920583145835,Tablets,Tarjeta,Alto,Este
82.70741129232256,2,10,3.8618086619714904,2,23,148.87334032618062,Laptops,Tarjeta,Alto,Norte
113.96972627004602,2,5,4.457820011464427,2,44,216.54247991308745,Laptops,Tarjeta,Alto,Sur
103.43681957225843,4,0,2.9498950119415452,4,40,413.7472782890337,Laptops,PayPal,Medio,Norte
90.63632674583813,1,5,3.9173285421275903,3,26,86.10451040854622,Tablets,Tarjeta,Medio,Este
94.09330762176808,2,5,4.596462255409177,2,18,178.77728448135935,Smartphones,PayPal,Alto,Sur
99.56358046677575,2,0,4.553085366390528,4,37,199.1271609335515,Tablets,PayPal,Bajo,Oeste
96.40839664900633,5,15,3.375807244645723,4,29,409.73568575827693,Tablets,PayPal,Medio,Sur
114.3367423471336,3,0,4.743093735701443,1,20,343.01022704140075,Smartphones,Tarjeta,Alto,Oeste
81.30495715637983,2,15,4.8378560778787225,2,31,138.2184271658457,Tablets,Tarjeta,Medio,Sur
95.7064884559509,4,15,4.2114985618837775,5,61,325.4020607502331,Laptops,Tarjeta,Medio,Este
81.77269222970176,4,10,3.304605276272837,3,43,294.3816920269264,Accesorios,PayPal,Alto,Sur
99.860110074742,2,15,4.189408205860089,2,27,169.7621871270614,Laptops,Tarjeta,Medio,Sur
80.23304245582777,2,5,4.344998331059199,3,29,152.44278066607276,Laptops,Tarjeta,Alto,Sur
88.1190145389172,4,10,4.737913649961699,1,24,317.2284523401019,Tablets,Tarjeta,Medio,Oeste
135.27096538707653,2,0,3.902858823356223,4,32,270.54193077415306,Smartphones,PayPal,Alto,Sur
88.09265272541488,2,10,3.8463261450855724,2,24,158.5667749057468,Smartphones,PayPal,Alto,Este
116.60422386385416,3,5,4.531770233822358,3,31,332.3220380119844,Laptops,PayPal,Alto,Sur
95.00679385746751,3,0,3.9144211986291193,3,40,285.0203815724025,Laptops,Tarjeta,Medio,Norte
91.92297430343903,3,0,3.411205698553099,2,65,275.7689229103171,Laptops,Tarjeta,Alto,Norte
117.82869024608716,4,15,4.732357513445544,2,36,400.61754683669636,Accesorios,PayPal,Medio,Sur
82.29274556439402,5,0,3.5720032331195792,2,43,411.4637278219701,Laptops,Tarjeta,Alto,Este
100.7059738911292,1,15,4.185010528196529,2,20,85.60007780745983,Tablets,Tarjeta,Alto,Oeste
93.01358629063212,2,0,4.30628297354104,3,33,186.02717258126424,Tablets,Tarjeta,Alto,Norte
112.86610352506963,3,15,3.061810537047662,4,28,287.8085639889275,Smartphones,Tarjeta,Alto,Este
91.63167478580493,5,0,3.983084767446387,1,46,458.15837392902466,Accesorios,Tarjeta,Bajo,Norte
97.94558976194956,5,15,4.428275752395423,2,45,416.26875648828565,Tablets,Tarjeta,Medio,Norte
102.74398853733399,2,0,3.107403567047766,4,31,205.48797707466798,Tablets,Tarjeta,Alto,Norte
82.51771111913992,1,10,4.417642769563367,1,30,74.26594000722592,Tablets,PayPal,Alto,Sur
100.62962062673714,2,15,4.3822663632783145,1,20,171.07035506545313,Accesorios,Tarjeta,Medio,Sur
96.96538596210651,2,15,2.9826938392564517,3,30,164.84115613558106,Tablets,PayPal,Medio,Oeste
87.36516663147555,4,20,3.598588122304995,2,53,279.56853322072175,Laptops,PayPal,Alto,Este
77.8971375571963,4,10,4.0735808299177005,4,40,280.4296952059067,Laptops,PayPal,Alto,Este
101.74588741381788,4,0,3.4601246972858393,2,37,406.98354965527153,Tablets,Tarjeta,Alto,Norte
93.988434420253,3,5,3.8673971492352406,1,18,267.86703809772104,Smartphones,Transferencia,Alto,Sur
119.52179366521653,2,5,3.3098246822391513,2,51,227.0914079639114,Tablets,Tarjeta,Alto,Oeste
84.85921076566484,3,0,4.226676569161814,1,46,254.57763229699452,Accesorios,Tarjeta,Medio,Sur
98.44689295587608,2,0,3.761612480585736,3,48,196.89378591175216,Accesorios,Tarjeta,Medio,Este
100.56831022539325,3,15,4.282368997611377,2,47,256.4491910747528,Accesorios,Tarjeta,Medio,Sur
81.74849526610551,2,5,4.455633424288445,2,29,155.32214100560046,Tablets,Tarjeta,Alto,Sur
104.78147206404743,3,15,3.5009932819004264,2,30,267.192753763321,Laptops,Tarjeta,Medio,Sur
106.9069430110081,3,0,4.45511771392881,4,45,320.7208290330243,Laptops,Tarjeta,Medio,Sur
112.82318631822366,3,10,4.581582123885814,4,41,304.6226030592039,Accesorios,Tarjeta,Alto,Sur
115.96623649912051,1,0,4.153425057141621,2,40,115.96623649912051,Tablets,PayPal,Alto,Norte
103.9310113120787,3,15,4.081139901872273,2,47,265.02407884580066,Laptops,Tarjeta,Alto,Oeste
68.79091540386095,1,0,4.656604180075565,3,32,68.79091540386095,Smartphones,PayPal,Alto,Este
103.51821502426385,1,0,4.268192426618375,1,44,103.51821502426385,Smartphones,Tarjeta,Alto,Este
92.93602546679894,6,0,2.8381787746517384,2,37,557.6161528007937,Smartphones,Transferencia,Medio,Sur
104.88462819638684,6,0,3.9198699366977925,4,57,629.307769178321,Smartphones,PayPal,Medio,Sur
109.1168121208162,4,0,4.329259086746263,4,31,436.4672484832648,Laptops,PayPal,Bajo,Sur
95.10427827827894,1,15,3.923735871944864,1,33,80.8386365365371,Tablets,Transferencia,Alto,Norte
110.59887585924928,3,15,4.3326809936808965,3,18,282.02713344108565,Laptops,Tarjeta,Medio,Norte
135.20935525312493,7,20,4.073988542488351,2,34,757.1723894174996,Tablets,PayPal,Alto,Norte
67.7817450809966,5,0,4.473748049428989,2,45,338.908725404983,Tablets,Tarjeta,Medio,Este
110.25863076578159,4,0,4.212481157750354,4,40,441.03452306312636,Accesorios,PayPal,Alto,Oeste
112.7911161957416,2,0,4.583805408270379,2,54,225.5822323914832,Smartphones,Tarjeta,Medio,Sur
118.04946065908948,3,15,3.125251301215675,4,39,301.02612468067815,Accesorios,PayPal,Medio,Sur
87.37770864334856,4,0,4.792421553239064,2,50,349.5108345733942,Smartphones,Transferencia,Bajo,Norte
91.24767442497343,6,10,3.6579536132871544,4,35,492.73744189485654,Laptops,Tarjeta,Medio,Oeste
111.98782507638869,4,10,4.030322619980194,3,51,403.1561702749993,Laptops,PayPal,Alto,Norte
97.21057917363748,2,0,4.684477745868941,2,38,194.42115834727497,Smartphones,Tarjeta,Alto,Sur
119.49447538201576,2,15,4.2182942901816425,2,26,203.14060814942678,Accesorios,Tarjeta,Medio,Sur
94.63708629285824,4,10,3.839870020001375,1,43,340.6935106542897,Smartphones,Tarjeta,Alto,Oeste
93.84724129195828,4,5,3.711779353920229,3,44,356.6195169094415,Smartphones,Tarjeta,Alto,Norte
88.91557273710494,2,0,4.6924627070901,2,30,177.83114547420988,Laptops,Tarjeta,Bajo,Este
111.68279868998924,3,0,3.7940161891712125,2,35,335.04839606996774,Accesorios,Tarjeta,Alto,Oeste
99.5188396420809,7,0,4.660216200882285,4,33,696.6318774945663,Tablets,PayPal,Alto,Este
101.50878853095777,1,10,3.0212488801227035,3,33,91.357909677862,Smartphones,Tarjeta,Medio,Norte
99.38984768531297,3,15,4.422543921369573,2,27,253.44411159754807,Accesorios,Tarjeta,Alto,Oeste
105.85896938784407,1,10,3.64562581589595,2,22,95.27307244905967,Smartphones,Tarjeta,Alto,Sur
93.71485007018208,1,5,4.18278837519705,2,62,89.02910756667298,Tablets,PayPal,Bajo,Este
109.29131863175262,3,20,4.832861225545621,4,31,262.2991647162063,Accesorios,PayPal,Alto,Norte
104.57059334694311,2,10,2.8937883802949345,1,36,188.2270680244976,Smartphones,Tarjeta,Medio,Norte
103.95748911215452,2,0,3.821442487313305,5,18,207.91497822430904,Laptops,Transferencia,Bajo,Sur
76.96543532779205,3,20,4.287578173856062,1,29,184.71704478670094,Smartphones,Tarjeta,Alto,Oeste
85.56828589341468,3,5,3.4091264605960827,2,56,243.86961479623184,Accesorios,Tarjeta,Bajo,Sur
109.06356306040432,2,5,4.03439333123774,1,49,207.2207698147682,Laptops,Tarjeta,Alto,Norte
103.33707134205123,1,20,3.3146181207537335,4,27,82.66965707364099,Smartphones,PayPal,Alto,Este
98.70188591314107,4,15,4.185629902129637,2,39,335.58641210467965,Laptops,Tarjeta,Alto,Este
108.70991044195836,1,0,3.2668852067542686,4,36,108.70991044195836,Accesorios,Tarjeta,Alto,Este
100.83078261922586,3,0,4.790937119714142,2,20,302.4923478576776,Laptops,Tarjeta,Medio,Sur
85.87734449681473,2,0,3.518430675400941,2,27,171.75468899362946,Accesorios,Tarjeta,Medio,Norte
107.62399316546565,3,5,3.790715663720295,2,28,306.7283805215771,Tablets,PayPal,Bajo,Norte
81.26336473511869,4,0,4.060607694480875,2,19,325.05345894047474,Smartphones,PayPal,Alto,Sur
77.78465564355118,5,0,4.157577006844025,2,29,388.92327821775586,Tablets,Transferencia,Alto,Norte
121.64192845839656,1,0,4.458307131774643,2,28,121.64192845839656,Smartphones,Tarjeta,Alto,Norte
98.89662797627913,4,0,4.2748142546784695,3,30,395.58651190511654,Smartphones,Tarjeta,Bajo,Este
98.10255689565564,5,0,4.318295949803364,2,21,490.5127844782782,Tablets,Tarjeta,Bajo,Sur
126.25979617353418,2,5,4.713147561013467,4,48,239.89361272971493,Laptops,PayPal,Medio,Este
115.52321492333739,1,15,2.835700850734261,1,29,98.19473268483678,Smartphones,Tarjeta,Medio,Este
117.81275610711765,2,15,4.519536443247146,2,42,200.2816853821,Laptops,Tarjeta,Medio,Sur
93.04108724958348,2,5,4.092064532649702,2,32,176.7780657742086,Accesorios,Tarjeta,Alto,Norte
98.50904290990275,5,5,2.979398359443191,4,18,467.91795382203804,Accesorios,Tarjeta,Bajo,Este
